"Dấu thời gian","Địa chỉ email","Họ và tên người nhập","Số điện thoại người nhập","Tên Tạp chí, Kỷ yếu của bài báo đã đăng
Ví dụ: Journal of Health Science and Medical Research","ISSN của Tạp chí (Ví dụ: 2586-9981).
Lưu ý: Kỷ yếu nếu không có ISSN thì nhập ""Kỷ yếu""","Tạp chí nằm trong danh mục","Xếp hạng chất lượng Q của tạp chí","Chỉ số IF (Impact Factor) của tạp chí. Ví dụ: 3.4
Lưu ý: 1. Nếu cán bộ muốn tính điểm bài báo theo Impact Factor (Impact Factor cao hơn mức chấm điểm xếp hạng Q) thì phải cung cấp minh chứng Impact Factor, nếu không chỉ được tính điểm theo mức xếp hạng Q
2. Kỷ yếu hội nghị có phản biện thì nhập 0đ","Ngày, tháng, năm bài báo được xuất bản","Tên bài báo đã xuất bản","Nhóm tác giả (Lưu ý nhập đúng như trên bài báo đã xuất bản)
Ví dụ: Nguyen Van-A, Nguyen Van-B, Nguyen Van-C","Nhóm Tác giả là cán bộ Trường
(Lưu ý nhập tất cả tác giả là cán bộ Trường, bao gồm cả tác giả chính và liên hệ (nếu có) theo format tiếng Việt, dùng dấu phẩy "","" cách giữa các tên tác giả)
Ví dụ: Nguyễn Văn A, Nguyễn Văn C","Tác giả liên hệ
(Ví dụ: Nguyễn Văn C)","Đồng tác giả chính - Co-First/Equal author (Nếu có)
(Ví dụ: Nguyễn Văn B)","Tổng số tác giả trong bài báo
(Ví dụ: 8)","Tổng số tác giả trong bài báo là cán bộ Trường (có tính điểm PLVC)
(Ví dụ: 8)","Tập (số), trang - (Volume (Issue), page)
Ví dụ: 16 (3), 1111-1117","Số DOI của bài báo. Ví dụ: https://doi.org/10.3390/jpm131217
Lưu ý: Kỷ yếu hội nghị có phản biện thì nhập ""Kỷ yếu""","Tải file minh chứng: bài báo/phản biện kỷ yếu 
Lưu ý: Kỷ yếu hội nghị có phản biện thì phải kèm theo mình chứng phản biện mới được tính","Minh chứng Impact Factor của tạp chí (nếu tác giả muốn tính điểm theo Impact Factor)","Tác giả chính (Tác giả đầu tiên)
(Lưu ý nhập theo format tiếng Việt, nếu tác giả là người Việt)
Ví dụ: Nguyễn Văn A","","","","","",""
"12/06/2024 10:53:47","tbkhiem@ctump.edu.vn","Trần Bình Khiêm","0979871890","European Journal of Alternative Education Studies","ISSN: 2501-5915","Khác","Khác","2.1","10/06/2024","Managing clinical practice activities of students at Can Tho university of Medicine and Pharmacy","Tran Binh Khiem, Thai Cong Dan, Pham Kieu Anh Tho, Truong Quynh Trang","Trần Bình Khiêm, Phạm Kiều Anh Thơ, Trương Quỳnh Trang","Trần Bình Khiêm, Thái Công Dân","","4","3","Tập 9 (số 2), trang 83-103","DOI: 10.46827/ejae.v9i2.5409","https://drive.google.com/open?id=1lKluMXgQiv1sqFcFDJwQyPkjKULSt4_a","","","","","","","",""
"13/06/2024 16:14:51","nttthao@ctump.edu.vn","Nguyễn Thị Thanh Thảo","0919090155","Annali di Igiene : Medicina Preventiva e di Comunità (Ann Ig)","1120-9135","Scopus","Q2","2.8","22/12/2023","Prevalence of stress and related factors among healthcare students: a cross – sectional study in Can Tho City, Vietnam","Thanh-Thao Nguyen-Thi, Huu Minh Le, Trinh Lieu Chau, Hieu Trung Le, Tin Trung Pham, Nguyet Tu Tran, Quyen Phan Minh Ngo, Nhan Hong Pham, Dat Tan Nguyen","Nguyễn Thị Thanh Thảo, Lê Minh Hữu, Châu Liễu Trinh, Lê Trung Hiếu, Phạm Trung Tín,  Trần Tú Nguyệt, Nguyễn Tấn Đạt ","Nguyễn Tấn Đạt","Nguyễn Thị Thanh Thảo","9","7","36(3)","doi: 10.7416/ai.2023.2591","https://drive.google.com/open?id=1WTyx_ISOwUO6RSizqjIj0GAmqHCDmEh6","","","","","","","",""
"14/06/2024 11:11:14","ttnam@ctump.edu.vn","ttnam@ctump.edu.vn","0355058304","Asian Pacific Journal of Tropical Medicine","1995-7645 ","Scopus","Q3","3.041","29/03/2024","Prevalence and risk factors associated with long COVID symptoms in children andadolescents in a southern province of Vietnam","Huynh Ngoc Linh, Nguyen The Tan, Le Thi Minh Thu, Nguyen Tu Loan, Nguyen Thi To Uyen, Le Thanh Thao Trang, Truong Thanh Nam, Doan Hoang Phu","Truong Thanh Nam","Doan Hoang Phu","Huynh Ngoc Linh","8","1","17(3), 119-128","10.4103/apjtm.apjtm_781_23","https://drive.google.com/open?id=1cLIR_6zRuTjnMOAAVh5PjAUFe_M3FWlE","","","","","","","",""
"14/06/2024 15:53:10","btnhi@ctump.edu.vn","Bùi Thảo Nhi","0777927329","International Journal Of Innovation Scientific Research And Review","2582-6131","Khác","Q2, Khác","6.599","28/02/2024","SURVEYING THE ABILITY TO INHIBIT XANTHINE OXIDASE ENZYME OF THE EXTRACT OF GREEN AMARANTHUSVIRIDIS L","Huynh Gia Bao, Huynh Van Truong, Bui Thao Nhi","Huỳnh Gia Bảo, Huỳnh Văn Trương, Bùi Thảo Nhi","Huỳnh Văn Trương","","3","3","06 (02), 5907-5912","*","https://drive.google.com/open?id=1RwspSesskL5ftUk4Ag1SadH2j90WeysE","","","","","","","",""
"14/06/2024 17:02:07","bqnghia@ctump.edu.vn","Bùi Quang Nghĩa ","0918398788","The Cureus Journal of Medical science","2168-8184","ISI/Web of Science","Q4","1.2","27/05/2024","Efficacy of Lactose-Free Milk in Treating Acute Gastroenteritis in Vietnamese Children: A Randomized Controlled Trial","Rang N. Nguyen, Nghia Q. Bui, Diep N. Thai","Bùi Quang Nghĩa","Bùi Quang Nghĩa","Nguyễn Ngọc Rạng","3","1","Cureus 16(5): e61178","DOI: 10.7759/cureus.61178","https://drive.google.com/open?id=1tPIXoKFWhdYqqSjny_hEqXRffUdQ2kF0","","","","","","","",""
"14/06/2024 17:35:48","bqnghia@ctump.edu.vn","Bùi Quang Nghĩa","0918398788","Medical Journal of Indonesia","0853-1773","ISI/Web of Science, Scopus","Q4","0,7","05/04/2024","Predictor of recurrent exacerbations in pediatric asthma","Ly Cong Tran1, Hung Viet Phan1, Thu Vo-Pham-Minh2, Nghia Quang Bui1, Chuong Nguyen-Dinh-Nguyen1, Nguyen Thi Nguyen Thao1, Ai Uyen Nguyen Huynh1, Nhu Thi Huynh Tran1, Phuong Minh Nguyen","Ly Cong Tran1, Hung Viet Phan1, Thu Vo-Pham-Minh2, Nghia Quang Bui1, , Nguyen Thi Nguyen Thao1, Ai Uyen Nguyen Huynh1, Nhu Thi Huynh Tran1, Phuong Minh Nguyen","Nguyễn Minh Phương","Trần Công Lý","9","8"," Vol. 33 No. 1 (2024): March  ","https://doi.org/10.13181/mji.oa.247309","https://drive.google.com/open?id=1IltjcA4xy1B_gzMBGSr2u6l5RJiQzlOj","","","","","","","",""
"16/06/2024 6:37:05","nphung@ctump.edu.vn","Nguyễn Phục Hưng","0909754664","Heliyon (Q1)","2405-8440","Scopus","Q1","4.0","31/05/2024","Factors affecting consumers’ repurchase intention toward skin care cosmetics: A cross - sectional study in Vietnam","Huong V.T.M, Hung N.P*, Minh N.T.T, Thuy L.K, Duyen L.T.N, Minh T.N","Võ Thị Mỹ Hương, Nguyễn Phục Hưng, Nguyễn Thị Tuyết Minh, Lê Thị Nhân Duyên","Nguyễn Phục Hưng","","6","4","10 (2024) e32285, 1-17","https://doi.org/10.1016/j.heliyon.2024.e32285","https://drive.google.com/open?id=1XnlqRt-hgZn-I94CM9VUoEEg-Ue71Wri","","","","","","","",""
"16/06/2024 9:29:28","nphung@ctump.edu.vn","nphung@ctump.edu.vn","0909754664","Proceedings: the 4th ASEAN PharmNET Conference and 2024 US-Thai Pharmacy Education Consortium Meeting","Proceedings (có phản biện (minh chứng trang cuối của bài báo), đăng fulltext","Khác","Khác","Proceedings (có phản biện (minh chứng trang cuối của bài báo), đăng fulltext","12/06/2024","Analysis of Factors Affecting the Engagement of Pharmacists with the Organization Working in Public Health Facilities: A Quantitative Study in Vietnam","Huong Vo, Hung Nguyen *, Minh Nguyen, Minh Tang, Duyen Le, Vinh Nguyen, Chau Truong, Anh Nguyen, Quynh Huynh, Quoc Le","Võ Thị Mỹ Hương, Nguyễn Phục Hưng, Nguyễn Thị Tuyết Minh, Lê Thị Nhân Duyên","Nguyễn Phục Hưng","","10","4","Proceedings","Proceedings","https://drive.google.com/open?id=1955Tp5AGRUevCNTjgJHO5GMMHUB7W0v7","","","","","","","",""
"16/06/2024 9:34:27","nphung@ctump.edu.vn","Nguyễn Phục Hưng","0909754664","Proceedings: the 4th ASEAN PharmNET Conference and 2024 US-Thai Pharmacy Education Consortium Meeting","Proceedings (có phản biện (minh chứng trang cuối của bài báo), đăng fulltext","Khác","Khác","Proceedings (có phản biện (minh chứng trang cuối của bài báo), đăng fulltext","12/06/2024","Correlation Analysis of Factors Influencing Customer Loyalty in Retail Pharmacy Chains: A Cross-Sectional Study in Vietnam","Huong Vo, Hung Nguyen*, Minh Nguyen, Khai Lam, Minh Tang, Quan Luu, Khoa Ly, Suong Mai","Võ Thị Mỹ Hương, Nguyễn Phục Hưng, Nguyễn Thị Tuyết Minh","Nguyễn Phục Hưng","","8","3","Proceedings (có phản biện (minh chứng trang cuối của bài báo), đăng fulltext, trang 174-185","Proceedings (có phản biện (minh chứng trang cuối của bài báo), đăng fulltext, trang 174-185","https://drive.google.com/open?id=1LZXLnO2pgzD2J7kL8kQyNsCOTaH3GtFK","","","","","","","",""
"16/06/2024 9:58:07","nnuyen@ctump.edu.vn","Ngô Ngọc Uyên","0339300369","Micromachines","2072666X","Scopus","Q2","3.4","29/05/2024","Facile Preparation Method of TiO2/Activated Carbon for Photocatalytic Degradation of Methylene Blue"," Phuoc Huu Le ,Tran Thi Thuy Vy ,Vo Van Thanh ,Duong Hoang Hieu ,Quang-Thinh Tran ,Ngoc-Van Thi Nguyen ,Ngo Ngoc Uyen ,Nguyen Thi Thu Tram ,Nguyen Chi Toan ,Ly Tho Xuan ,Le Thi Cam Tuyen ,Nguyen Trung Kien,Yu-Min Hu and Sheng-Rui Jian*","Lê Hữu Phước *, Nguyễn Thị Ngọc Vân, Nguyễn Trung Kiên, Nguyễn Thị Thu Trâm, Ngô Ngọc Uyên","Lê Hữu Phước","Sheng-Rui Jian","14","","15(6), 714"," https://doi.org/10.3390/mi15060714","https://drive.google.com/open?id=16Tcw7_rr6mwEqYBbmCDIZRh-0Lpp6zIz","","","","","","","",""
"17/06/2024 10:37:50","lththanh@ctump.edu.vn","Lương Thị Hoài Thanh","0975242728","International Journal of Religion","ISSN: 2633-3538 (Online)","Scopus","Q3","CiteScore 2023: 0.8","22/05/2024","Ho Chi Minh’s Political Will – Invaluable Lessons for Current Staff of Cadres  and Party Members","Lê THị Tâm, Lương Thị Hoài Thanh, Nguyễn Thị Nguồn","Lương Thị Hoài Thanh","Lương Thị Hoài Thanh","","3","1","Volume: 5| Number 8 | pp. 726 – 732","https://doi.org/10.61707/nm4mea25","https://drive.google.com/open?id=1OGBWn0176wxes_Kxi8OjIFFEJ2ApGKIo","","","","","","","",""
"18/06/2024 7:57:40","hgbao@ctump.edu.vn","Huỳnh Gia Bảo","0838690799","International Journal of Innovation Scientific Research and Review","2582-6131","Khác","Khác","6.599","22/06/2023","ISOLATION OF THE ENDOPHYTIC BACTERIA IN Andrographis paniculata Nees GROWING WILD IN HAU GIANG PROVINCE","Huynh Van Truong, Hoang Minh Tu, Huynh Gia Bao, Tran Doan Hau, Lam Quang Nhut, Doan Van Dien","Huỳnh Văn Trương, Hoàng Minh Tú, Huỳnh Gia Bảo, Trần Đoàn Hậu, Lâm Quang Nhựt, Đoàn Văn Điền","Huỳnh Văn Trương","","6","6","05 (06), 4702 - 4705","https://journalijisr.com/issue/isolation-endophytic-bacteria-andrographis-paniculata-nees-growing-wild-hau-giang-province","https://drive.google.com/open?id=15nPtl-mtsL8428gDFwfTI8pDRDt6sIVo","","","","","","","",""
"18/06/2024 8:07:55","hgbao@ctump.edu.vn","Huỳnh Gia Bảo","0838690799","International Journal of Innovation Scientific Research and Review","2582-6131","Khác","Khác","6.599","28/02/2024","SURVEYING THE ABILITY TO INHIBIT XANTHINE OXIDASE ENZYME OF THE EXTRACT OF GREEN AMARANTHUSVIRIDIS L","Huynh Gia Bao, Huynh Van Truong, Bui Thao Nhi","Huỳnh Gia Bảo, Huỳnh Văn Trương, Bùi Thảo Nhi","Huỳnh Văn Trương","","3","3","09 (02), 5907 - 5912","https://journalijisr.com/issue/surveying-ability-inhibit-xanthine-oxidase-enzyme-extract-green-amaranthusviridis-l","https://drive.google.com/open?id=1Xqtd2GyRfjf86DKbIJWt6lB-InB8hHse","","","","","","","",""
"18/06/2024 16:51:40","ntttram@ctump.edu.vn","Nguyễn Thị Thu Trâm","0919886682","Revista Brasileira de Farmacognosia","0102695X, 1981528X","Scopus","Q2","2.46","02/01/2024","Nitric Oxide Inhibitors from the Stem Bark of Biancaea decapetala: An In Vitro and In Silico Study","Le Minh Hoang · Truong Thi Viet Hoa · Nhung Truong Thi Thuy · Hoa Thi Nguyen · Phi Hung Nguyen · Nguyen Phuong Dai Nguyen · Truong Nhan Ngu · Phu Chi Hieu Truong· Nguyen Thi Thu Tram · Dao Cuong To","Nguyen Thi Thu Tram","Dao Cuong To","","10","1","Volume 34, pages 666–672, (2024)","https://doi.org/10.1007/s43450-024-00512-z","https://drive.google.com/open?id=1PLhxaRusUHt6apCoXcOjLszK4yzG2zdz","","","","","","","",""
"20/06/2024 9:27:58","nckh@ctump.edu.vn","Đinh Thị Hương Trúc","0939293089","Open Biology","2046-2441","ISI/Web of Science, Scopus","Q1","5.8","15/04/2024","Complement receptor 3-dependent engagement by Candida glabrata β- glucan modulates dendritic cells to induce regulatory T-cell expansion","Areerat Kunanopparat, Truc Thi Huong Dinh, Pranpariya Ponpakdee, Panuwat Padungros, Warerat Kaewduangduen, Kasirapat Ariya-anandech, Phawida Tummamunkong, Amanee Samaeng, Pannagorn Sae-ear, Asada Leelahavanichkul, Nattiya Hirankarn  and Patcharee Ritprajak","0","Patcharee Ritprajak (patcharee.r@chula.ac.th) ","Areerat Kunanopparat, Truc Thi Huong Dinh ","12","0"," 14: 230315","https://doi.org/10.1098/rsob.230315","https://drive.google.com/open?id=1iuLoHnG75ih5jsXm3LgcxtO0ycV9mHe2","","","","","","","",""
"20/06/2024 9:51:04","nckh@ctump.edu.vn","Đinh Thị Hương Trúc","0939293089","Human Genomics","1473-9542 / 1479-7364","ISI/Web of Science","Q1","4.9","16/04/2024","Altered skin microbiome, inflammation,  and JAK/STAT signaling in Southeast Asian  ichthyosis patients","Minh Ho, Huynh‑Nga Nguyen, Minh Van Hoang, Tien Thuy Thi Bui, Bao‑Quoc Vu,  Truc Huong Thi Dinh, Hoa Thi My Vo, Diana C. Blaydon, Sherif A. Eldirany, Christopher G. Bunick, and  Chi‑Bao Bui","0","Bùi Chí Bảo (bcbao@medvnu.edu.vn)","Minh Ho, Huynh‑Nga Nguyen","11","0","18:38  ","https://doi.org/10.1186/s40246-024-00603-x","https://drive.google.com/open?id=1DdsZfEgKWhACu92TbpZrHulb4eySA2jH","","","","","","","",""
"21/06/2024 8:46:38","nvhien@ctump.edu.vn","Nguyễn Văn Hiên","0989610511","Nigerian Postgraduate Medical ","2468-6875","ISI/Web of Science, Scopus","Q3","1.1","03/06/2024","Combination of Anterior and Posterior Vaginal Mesh Implants and Delorme Procedure in a 94-year-old female with Pelvic Organ Prolapse","Hien Van Nguyen; Dung Thi Ngo; Dat Vinh Lieu;  Tuan Thanh Tran","Nguyễn Văn Hiên, Ngô Thị Dung, Liêu Vĩnh Đạt","Ngô Thị Dung","Nguyễn Văn Hiên","4","3","31(2); 170-172","10.4103/npmj.npmj_32_24","https://drive.google.com/open?id=1sEIAouKe_bRXh5OuiTwFsigh5x5CRZrb","","","","","","","",""
"21/06/2024 10:38:14","nnhuyen@ctump.edu.vn","Nguyễn Ngọc Huyền","0917038844","PLOS ONE","19326203","ISI/Web of Science, Scopus","Q1","2.9","23/05/2024","Development ofpH-responsive Eudragit  S100-functionalized silk fibroin nanoparticles  as aprospective drug delivery system","Duy Toan Pham, Doan Xuan Tien Nguyen, Ngoc Yen Nguyen, Thi Truc Linh Nguyen, Thanh Q.C. Nguyen, Anh Vo Thi Thu, Ngoc  Huyen Nguyen, Bui Thi Phuong Thuy","Nguyễn Ngọc Huyền","Bui Thi Phuong Thuy","","8","1","19 (5)","https://doi.org/10.1371/journal.  pone.0303177","https://drive.google.com/open?id=1VJF_zWe49YKJuo0u5rocIIEak-oIfiTD","","","","","","","",""
"21/06/2024 10:41:21","hvtruong@ctump.edu.vn","Huỳnh Văn Trương","918125207","International Journal of Innovation Scientific Research and Review","ISSN: 2582-6131","ISI/Web of Science","Khác","6.599","28/02/2024","SURVEYING THE ABILITY TO INHIBIT XANTHINE OXIDASE ENZYME OF THE EXTRACT OF GREEN AMARANTHUSVIRIDIS L","1 Huynh Gia -Bao, 2, *Huynh Van -Truong, 1Bui Thao -Nhi","Huỳnh Gia Bảo, Huỳnh Văn Trương, Bùi Thảo Nhi ","Huỳnh Văn Trương","Huỳnh Gia Bảo","3","3","Vol. 06, Issue, 02, pp.5907-5912, February 2024 ","http://www.journalijisr.com ","https://drive.google.com/open?id=1vw9X2HmPZh5agRI-Doos02aevs6X70BS","","","","","","","",""
"21/06/2024 14:23:59","nthaiyen@ctump.edu.vn","Nguyễn Thị Hải Yến","0912436323","Archives of the Balkan Medical Union","15849244","Scopus","Q4","0.14","20/03/2024","Entrepreneurial intention of final-year pharmacy students in Can Tho, Vietnam","Hoang Ngoc DAO, Minh Cuong NGUYEN, Thanh Huy NGUYEN, Thi Hai Yen NGUYEN, Thi Tuyet Phung TRAN, Rebecca Susan DEWEY, Van De TRAN","Nguyễn Thị Hải Yến, Trần Thị Tuyết Phụng, Trần Văn Đệ","Trần Văn Đệ","","7","3","59(01), 44-51","https://doi.org/10.31688/ABMU.2024.59.1.06","https://drive.google.com/open?id=1d4kxM46h-rcZJ9uBupIqunMuUUas5slX","","","","","","","",""
"21/06/2024 16:56:57","nhmen@ctump.edu.vn","Nguyễn Hoàng Mến","0965880009","Analytical Methods","1759-9660","ISI/Web of Science","Q2","1.875","04/12/2024","A simple and rapid colorimetric detection of Staphylococcus aureus relied on the distance-dependent optical properties of silver nanoparticles","Phan Ngoc Anh Thu,   Nguyen Hoang Men,   Cam-Duyen Thi Vo,   Vo Van Toi  and  Phuoc Long Truong","Nguyễn Hoàng Mến","Trương Phước Long","Nguyễn Hoàng Mến","5","","16 (8), 2913–2920","DOI: 10.1039/d3ay02189k","https://drive.google.com/open?id=1qAmljHpT7E3VGnZpwCkZ2uygSkwNjUYi","","","","","","","",""
"21/06/2024 21:42:26","nhtoan@ctump.edu.vn","Ngô Hoàng Toàn","0366592309","Journal of Applied Pharmaceutical Science ","2231-3354","ISI/Web of Science, Scopus","Q2","2","05/06/2024","Treatment efficacy of febuxostat compared with allopurinol in hyperuricemia patients with hypertensive: A randomized, single-blind controlled trial","Son Kim Tran, Binh Thanh Huynh, Cuong Tan Vo, Truyen Van Ngo, Bao Lam Thai Tran, Khoa Dang Dang Tran, Phuong Minh Vo, Diem Thi Nguyen, Toan Hoang Ngo, An Viet Tran","Son Kim Tran,  Truyen Van Ngo, Khoa Dang Dang Tran, Phuong Minh Vo, Diem Thi Nguyen, Toan Hoang Ngo, An Viet Tran","Ngô Hoàng Toàn","Trần Kim Sơn","10","8","14 (6), 090-096"," http://doi.org/10.7324/JAPS.2024.173593","https://drive.google.com/open?id=1pY1Qv3ya4QAI5J5MQJpDdcyBBTlnrjAW","","","","","","","",""
"21/06/2024 21:45:58","nhtoan@ctump.edu.vn","Ngô Hoàng Toàn","0366592309","Medicine","1536-5964","ISI/Web of Science, Scopus","Q3","1.6","03/05/2024","Estimating eGFR using serum creatinine or cystatin C in healthy Vietnamese population","Ha Hong Nguyen, Tri Van Nguyen, Minh Van Le, Bao Lam Thai Tran, Toan Hoang Ngo, An Viet Tran, Kien Trung Nguyen","Ha Hong Nguyen, Minh Van Le, Toan Hoang Ngo, An Viet Tran, Kien Trung Nguyen","Ngô Hoàng Toàn","Nguyễn Hồng Hà","7","5","103 (18), e37997","DOI: 10.1097/MD.0000000000037997","https://drive.google.com/open?id=1ND1fRe-OxFhVXSmeEJWkQ0de1wKclYIH","","","","","","","",""
"21/06/2024 22:50:06","lththanh@ctump.edu.vn","Lương Thị Hoài Thanh","0975242728","International Journal of Religion","ISSN: 2633-352X (Print) | ISSN: 2633-3538 (Online)","Scopus","Q3","CiteScore 2023: 0.8","22/05/2024","Ho Chi Minh’s Political Will – Invaluable Lessons for Current Staff of Cadres  and Party Members","Lê Thị Tâm, Lương Thị Hoài Thanh, Nguyễn Thị Nguồn","Lương Thị Hoài Thanh","Lương Thị Hoài Thanh","","3","1","Volume: 5| Number 8 | pp. 726 – 732"," https://doi.org/10.61707/nm4mea25","https://drive.google.com/open?id=1PE_yjLuHUKD6H66qQMJSc6VFnRaCLeEM","","","","","","","",""
"22/06/2024 15:27:57","nnnthao@ctump.edu.vn","Nguyễn Ngọc Nhã Thảo","0902903844","Indonesian Journal of Pharmacy ","2338-9427","Scopus","Q3","0.58","10/06/2024","Optimizing the Spray Drying and Encapsulation of Mangiferin Extract from Mango Leaves (Mangifera indica L.) for Diabetes Management","Ngoc Nha Thao Nguyen*, Duc Linh Vo, Thi Thanh Yen Le and Thi Trang Dai Nguyen1","Nguyễn Ngọc Nhã Thảo, Nguyễn Thị Trang Đài, Lê Thị Thanh Yến","Nguyễn Ngọc Nhã Thảo","","4","3","VOL 35 (2) 2024: 259–271","https://doi.org/10.22146/ijp.8267","https://drive.google.com/open?id=1v8v8P2NkuqUQI50NNG8bX59xBKaia705","","","","","","","",""
"22/06/2024 16:07:22","htmduyen@ctump.edu.vn","Huỳnh Thị Mỹ Duyên","0909183298","Pharmacia ","ISSN/eISSN: 0428-0296/2603-557X","Scopus","Q2","1.1","15/05/2024","Investigation of acute, sub-chronic toxicity, effects of mangiferin and mangiferin solid dispersion (HPTR) on Triton WR1339-induced hyperlipidemia on Swiss albino mice","Duyen Thi My Huynh, Linh My Le, Lam Thanh Nguyen, Trung Ho Nhan Nguyen, Minh Hoang Nguyen, Khang Tran Vinh Nguyen, Khanh Quoc Tran, Trung Le Quoc Tran, Minh-Ngoc Thi Le, Huynh Nhu Mai","Duyen Thi My Huynh, Minh-Ngoc Thi Le","Duyen Thi My Huynh","","10","2","71, 1-14","doi.org/10.3897/pharmacia.71.e123277","https://drive.google.com/open?id=1yrZfPb0sJOq4G7n0J3pvewce2BBQcDup","","","","","","","",""
"23/06/2024 9:40:34","ntlngoc@ctump.edu.vn","Nguyễn Thành Tấn","0989017503","sports & exercise medicine switzerland","0195-9131","ISI/Web of Science, Scopus","Q4",".","03/04/2024","Predicting four-stranded hamstring graft size using anthropometrics in the Vietnamese population","Nguyen Thanh Tan, Nguyen Huu Dat  , Tran Quang Son,, Tran Nguyen Anh Duy , Ly  Huynh Vinh Hung , Nguyen Tu Thai Bao","Nguyễn Thành Tấn, Trần Quang Sơn, Trần Nguyễn Anh Duy, Nguyễn Tư Thái Bảo","Nguyễn Tư Thái Bảo","Nguyễn Thành Tấn","6","4","published online on","https://sems-journal.ch/14128 ","https://drive.google.com/open?id=1RhQxFHESmYFMH9YcQm-Ma93RwKTwvLFJ","","","","","","","",""
"23/06/2024 9:48:39","ntlngoc@ctump.edu.vn","Nguyễn Thành Tấn","0989017503","Medicina","ISSN: 1648-9144","ISI/Web of Science","Khác","2.4","14/03/2024","The Association between Red Blood Cell Distribution Width and Mortality Risk after Hip Fracture: A Meta-Analysis","Bao Tu Thai Nguyen, Duy Nguyen Anh Tran, Tan Thanh Nguyen, Yi-Jie Kuo and Yu-Pin Chen","Nguyễn Tư Tháo Bảo, Trần Nguyễn Anh Duy, Nguyễn Thành Tấn","Yu-Pin Chen","Nguyễn Tư Tháo Bảo","5","3"," Medicina , Volume 60  Issue 3 ","https://doi.org/10.3390/medicina60030485","https://drive.google.com/open?id=1WFm9h4hs8MrSo3cnG9mlGE8xaginiErj","","","","","","","",""
"26/06/2024 10:58:19","ntttram@ctump.edu.vn","Nguyễn Thị Thu Trâm","0919886682","Organic & Biomolecular Chemistry","14770520, 14770539","ISI/Web of Science","Q2","3.2","15/05/2024","Base- and sulfur-promoted oxidative lactonization of chalcone-acetate Michael adducts: access to pyran-2-ones","Cao Nguyen Nguyen, Duc Toan Nguyen, Ha An Tran, Dinh Hung Mac, Thi Thu Tram Nguyen, Pascal Retailleau, Thanh Binh Nguyen","Nguyen Thi Thu Tram","Nguyen Thanh Binh","","7","1","May 15;22(19):3871-3875","10.1039/d4ob00479e","https://drive.google.com/open?id=1hn-nVz7Y5VWmkev_AlmyVB1kwWb9SyPc","","","","","","","",""
"26/06/2024 11:05:52","ntttram@ctump.edu.vn","Nguyễn Thị Thu Trâm","0919886682","Organic and Biomolecular Chemistry","14770520, 14770539","ISI/Web of Science","Q2","3.2","07/02/2024","Sodium sulfide-promoted regiodefined redox condensation of o-nitroanilines with aryl ketones to benzo[ a]phenazines and quinoxalines","Duc Long Le, Le Anh Nguyen, Ngoc Binh Vo, Thi Thu Tram Nguyen, Quoc Anh Ngo, Pascal Retailleau, Thanh Binh Nguyen","Nguyễn Thị Thu Trâm","Nguyễn Thanh Bình","","7","1","2024 Feb 7;22(6):1167-1171","doi: 10.1039/d3ob02028b","https://drive.google.com/open?id=1eGsEeKsz8G6eK6-xli_3MZemCX8hz1hl","","","","","","","",""
"05/09/2024 15:45:27","ntnmai@ctump.edu.vn","Nguyễn Thị Như Mai","0939741626","Medicina Preventiva e di Comunità (Ann Ig)","ISSN 1120-9135","Scopus","Q3","1.49","14/12/2023","Expanded vaccination practice in 2-year-old children  and maternal knowledge on expanded vaccination in  Tien Giang, Vietnam","Nguyen Le Ngoc-Giau, Nguyen Vu Truong-Giang, Nguyen Thi Nhu-Mai, Nguyen Van-Doi, Phan Thi Trung-Ngoc, Tran De-Van, Pham Tin-Trung, Le Minh-Huu, Nguyen Tan-Dat, Pham Thi-Tam","Nguyễn Lê Ngọc Giàu, Nguyễn Thị Như Mai, Phan Thị Trung Ngọc, Lê Minh Hữu, Nguyễn Tấn Đạt, Phạm Thị Tâm","Nguyễn Lê Ngọc Giàu ","Nguyễn Vũ Trường Giang","10","9"," 1-22","10.7416/ai.2023.2590","https://drive.google.com/open?id=1UMnfMi-WUO0_BiX6h-TfyCW0u58CxUu0","","","","","","","",""
"07/09/2024 5:37:11","hvtruong@ctump.edu.vn","Huynh Van Truong ","0918125207","International Journal of Innovation Scientific Research and Review","ISSN: 2582-6131","ISI/Web of Science","Khác","SJIF Impact Factor 2023: 6.599","28/02/2024","SURVEYING THE ABILITY TO INHIBIT XANTHINE OXIDASE ENZYME OF THE EXTRACT OF GREEN AMARANTHUSVIRIDIS L 1","1 Huynh Gia Bao, 2, *Huynh Van Truong, 1Bui Thao Nhi","Huỳnh Gia Bảo, Huỳnh Văn Trương, Bùi Thảo Nhi","Huỳnh Văn Trương","Huỳnh Gia Bảo","3","3","Vol. 06, Issue, 02, pp.5907-5912, February 2024 ","International Journal of Innovation Scientific Research and Review, Vol. 06, Issue 02, pp.5907-5912 February 2024         ","https://drive.google.com/open?id=1NsiZ1wpP4WJQ734hzDqn1WlR3FxTXBy8","https://drive.google.com/open?id=1BY2t_5dzmJzpygvkw2Ua-xKUi7voIHvi","","","","","","",""
"07/09/2024 5:38:16","mvdoi@ctump.edu.vn","Mai Văn Đợi","0913167625","Journal of Surgical Case Reports","20428812","ISI/Web of Science, Scopus","Q3","0.5","06/02/2024","Duplication cyst in adult cases: a journey from diagnosis to treatment","Nang Van Pham1, Doi Van Mai1, Phu Diep Thien Duong1,*, Huan Hoang Lam1, Hung Huynh Vinh Ly1, Luan Van Nguyen2","Nang Van Pham, Doi Van Mai,, Luan Van Nguyen2","Dương Diệp Thiên Phú","","6","3","2024, 7, rjae460/7713099","https://doi.org/10.1093/jscr/rjae460","https://drive.google.com/open?id=15-U3hjzuD2AZu8JxZNwVf_5klUVwxYjb","https://drive.google.com/open?id=111UBWcsa-yM8eBTCR5IYJLHgIj_KrdSc","","","","","","",""
"09/09/2024 9:43:40","tvhoang@ctump.edu.vn","Trần Việt Hoàng","0975745738","International Journal of Surgery Case Reports","2210-2612","Scopus","Q3","1.1","22/08/2024","Congenital short bowel syndrome: Cases series in the same family and review of literature","Trần Việt Hoàng","Vu Truong Nhan, Tran Viet Hoang, Pham Nguyen Hien Nhan, Quynh Thi Vu Huynh, Ho Tran Ban","Ho Tran Ban","Trần Việt Hoàng","5","1","123 (2024) 110135","https://doi.org/10.1016/j.ijscr.2024.110135","https://drive.google.com/open?id=1Em-zDTytf0onFaax6tQkt9_adBhtX216","https://drive.google.com/open?id=1WExevFhaFMWRrEMu2LMyaUKngISA1lie","","","","","","",""
"09/09/2024 19:47:05","ttnam@ctump.edu.vn","Trương Thành Nam","0355058304","Journal of Public Health and ","2651-1258","Scopus","Q4","0.16","09/09/2024","Association between emotional intelligence and mental health status based on sex differences among undergraduates in Vietnam","Vo Hieu Nghia, Diep Tu My, Pham Trong Nhan, Huynh Ngoc Linh, Nguyen Thi To Uyen, Le Thanh Thao Trang, Doan Hoang Phu, Truong Thanh Nam","Trương Thành Nam","Trương Thành Nam","","8","1","22(3), 85-99","10.55131/jphd/2024/220308","https://drive.google.com/open?id=1F51PcrdZusnMJsL6qp3lCrm8ZNN0iITJ","","","","","","","",""
"10/09/2024 12:07:10","bmgiaiphau@ctump.edu.vn","Võ Huỳnh Trang","0989576785","Endocrine and Metabolic Science","2666-3961","Scopus","Q3","3.4","30/09/2024","The predictive value of body mass index, waist circumference, and triglycerides/ high-density lipoprotein cholesterol ratio in assessing severity in patients with knee osteoarthritis and metabolic syndrome","Hoang Minh Phan a , Phuong Bich Nguyen b , Han Van Dinh b , Phu Van La c , Lam Van Nguyen c , Trang Huynh Vo c , Ha Hong Nguyen c,","Lam Van Nguyen , Trang Huynh Vo , Ha Hong Nguyen","Ha Hong Nguyen","","7","3","Tập 16; Trang 100181","https://doi.org/10.1016/j.endmts.2024.100181","https://drive.google.com/open?id=1ZKKJl0FIU1nS4xjczl4TZVicVPXzgeff","","","","","","","",""
"10/09/2024 12:24:45","bmgiaiphau@ctump.edu.vn","Võ Huỳnh Trang","0989576785","mji.ui.ac.id Transition of DNA-HPV over time in HPV-infected women: a 7-year cohort study Linh My Duong1 ,Dung Ngoc Tran1 , Tam Thi Pham2 , Trang Huynh Vo1 , Hung Do Tran1 , Tien Thi Thuy Lam3 , Duc Long Tran1 , Quang Nghia Bui1 Medical Journal of Indonesia",": 0853-1773","Scopus","Q4","3.4","02/07/2024","Transition of DNA-HPV over time in HPV-infected women: a 7-year cohort study","Linh My Duong1 ,Dung Ngoc Tran1 , Tam Thi Pham2 , Trang Huynh Vo1 , Hung Do Tran1 , Tien Thi Thuy Lam3 , Duc Long Tran1 , Quang Nghia Bui1","Linh My Duong1 ,Dung Ngoc Tran1 , Tam Thi Pham2 , Trang Huynh Vo1 , Hung Do Tran1 , Tien Thi Thuy Lam3 , Duc Long Tran1 , Quang Nghia Bui1","Nghia Bui Quang","","8","8","Tập 33, Số phát hành 2, Trang 98-103"," https://doi.org/10.13181/mji.oa.247340","https://drive.google.com/open?id=1XqI-97HA1TaxIQUOj2py_0SGpj_D5KPX","","","","","","","",""
"10/09/2024 12:57:38","pdntuan@ctump.edu.vn","Phạm Đoàn Ngọc Tuân","0832750737","SAGE Open Medical Case Reports","2050-313X","ISI/Web of Science, Scopus","Q4","0.6","22/08/2024","Surgical treatment of a Salmonella-related infective native aortic aneurysm: A case report","Vy TT, Bang HT, Doan Ngoc Tuan P, Thuy TTM, Vu PTN, Cuong LT","Phạm Đoàn Ngọc Tuân","Lâm Thảo Cường","Trần Thanh Vỹ","6","1","Volume 12 ","https://doi.org/10.1177/2050313X241271883","https://drive.google.com/open?id=1BMQsFl5y3VoyPRlvM0TcNTCGnRgG44Bi","","","","","","","",""
"12/09/2024 7:49:54","dtttrang@ctump.edu.vn","Dương Thị Thùy Trang","0919002365","Teaching and Learning in Nursing","1557-2013","Scopus","Q2","Q2","01/04/2024","Unveiling knowledge of anaphylaxis among nursing students","Han TN Nguyen, Loretta Garvey, Dung T Ngo, Trang TT Duong, Dien T Lu, Duy TH Nguyen,, Hang TT Le, Chi TK Le, Truc TT Nguyen, Samira Hamadeh, ","Nguyễn Thị Ngọc Hân, Ngô Thị Dung, Dương Thị Thùy Trang, Lư Trí Diến, Nguyễn Duy, Lê Thị Thúy Hằng, Lê Thị Kim Chi, Nguyễn Thị Thanh Trúc"," Loretta Garvey","Nguyễn Thị Ngọc Hân","","10","19 (2), e276-e282","https://doi.org/10.1016/j.teln.2023.11.010","https://drive.google.com/open?id=1dPT6SD1OXTvhmLkte-N_dZNSTedVrIpk","","","","","","","",""
"12/09/2024 17:01:36","nnuyen@ctump.edu.vn","Ngô Ngọc Uyên","0339300369","Micromachines","2072666X","Scopus","Q2","3.4","29/05/2024","Facile Preparation Method of TiO2/Activated Carbon for Photocatalytic Degradation of Methylene Blue","Phuoc Huu Le, Tran Thi Thuy Vy, Vo Van Thanh, Duong Hoang Hie, Quang-Thinh Tran , Ngoc-Van Thi Nguyen, Ngo Ngoc Uyen , Nguyen Thi Thu Tram, Nguyen Chi Toan , Ly Tho Xuan, Le Thi Cam Tuyen, Nguyen Trung Kien, Yu-Min Hu, Sheng-Rui Jian","Lê Hữu Phước, Nguyễn Thị Ngọc Vân, Ngô Ngọc Uyên, Nguyễn Thị Thu Trâm, Nguyễn Trung Kiên","Lê Hữu Phước, Sheng-Rui Jian","Lê Hữu Phước","14","5","Micromachines 2024, 15(6), 714","https://doi.org/10.3390/mi15060714","https://drive.google.com/open?id=1wmd23WPZs4KDIudhhyUg27ebYlwmYTwA","","","","","","","",""
"14/09/2024 23:33:40","nthung@ctump.edu.vn","Nguyễn Thanh Hùng","0988447509","Journal of Ecohumanism ","2752-6801","Scopus","Q2","1","16/07/2024","Practical Issues of Applying Ho Chi Minh's Ethical Thought about Education and Training in Revolutionary Ethics for Party Members in the Party Committee of Can Tho City, Vietnam","Luong Thi Hoai Thanh, Nguyen Thai Son, Nguyen Thanh Hung, Bui Thi Can","Lương Thị Hoài Thanh, Nguyễn Thanh Hùng","Nguyễn Thanh Hùng","Lương Thị Hoài Thanh","4","2","3 (3), 1679 – 1690","https://doi.org/10.62754/joe.v3i3.3503","https://drive.google.com/open?id=1bfs7n4Y4fOhjdMhG7UBzCbbl-43IQIZU","","","","","","","",""
"15/09/2024 21:10:17","ntnhan@ctump.edu.vn","Nguyễn Thị Ngọc Hân","0988190317","Jurnal Kebidanan dan Keperawatan Aisyiyah","e-ISSN 2477-8184","Khác","Khác","ko tính","24/06/2024","Attitudes towards patient safety culture among pediatric nurses at government tertiary hospital in Vietnam","Nguyen Han Thi Ngoc, Nguyen Nhi Thi Yen, Nguyen Duyen Thi My, Nguyen Tuan Van*,  Wantonoro, Lydia T. Manahan, Hsiu-Ling Yang","Nguyễn Thị Ngọc Hân, Nguyễn Văn Tuấn","Nguyễn Văn Tuấn","Nguyễn Thị Ngọc Hân","6","2","20(01-2024), 1-10","https://doi.org/10.31101/jkk.3691","https://drive.google.com/open?id=1GV_j5wE0gCDGKtY2AjhVAQC99Q2XEAJl","","","","","","","",""
"15/09/2024 21:37:16","ntnhan@ctump.edu.vn","Nguyễn Thị Ngọc Hân","0988190317"," Teaching and Learning in Nursing","1557-2013","ISI/Web of Science, Scopus","Q2","1.9","01/02/2024","Unveiling knowledge of anaphylaxis among nursing students"," Han TN Nguyen, Loretta Garvey, Dung T Ngo, Trang TT Duong, Dien T Lu, Duy TH Nguyen, Hang TT Le, Chi TK Le,  Truc TT Nguyen, Samira Hamadeh","Nguyễn Thị Ngọc Hân, Ngô Thị Dung, Dương Thị Thùy Trang, Lư Trí Diến, Nguyễn Thị Thanh Trúc","Loretta Garvey","Nguyễn Thị Ngọc Hân","9","5","2024, 1-7"," https://doi.org/10.1016/j.teln.2023.11.010","https://drive.google.com/open?id=1NzmXwjmio58xTJSGxpTvwASRswzMb2zn","","","","","","","",""
"17/09/2024 8:22:23","nthien@ctump.edu.vn","Nguyễn Thị Hiền","0819516567","Tuberculosis and Respiratory Diseases ","pISSN 1738-3536 | eISSN 2005-6184","ISI/Web of Science, Scopus","Q2","2.9","16/02/2024","Economic Burden of Chronic Obstructive Pulmonary Disease: A Systematic Review","Hai Quang Pham, Kiet Huy Tuan Pham, Giang Hai Ha, Tin Trung Pham, Hien Thi Nguyen, Trang Huyen Thi Nguyen, Jin-Kyoung Oh","Nguyễn Thị Hiền, Phạm Trung Tín","Hai Quang Pham","","7","2","87(3):234-251","DOI: https://doi.org/10.4046/trd.2023.0100","https://drive.google.com/open?id=11mbl7mimZVIHulYPiRsN_OROrys5y0X2","","","","","","","",""
"17/09/2024 8:41:31","nthien@ctump.edu.vn","Nguyễn Thị Hiền","0819516567","Journal of Evaluation in Clinical Practice","Online ISSN:1365-2753 Print ISSN:1356-1294","ISI/Web of Science, Scopus","Q1","2.1","19/07/2024","Prognosticating global functional outcome in the recurrent ischemic stroke using baseline clinical and pre‐clinical features: A machine learning study","Tran Nhat Phong Dao, Hien Nguyen Thanh Dang, My Thi Kim Pham, Hien Thi Nguyen, Cuong Tran Chi, Minh Van Le","Lê Văn Minh, Đào Trần Nhất Phong, Nguyễn Thị Hiền","Lê Văn Minh","Đào Trần Nhất Phong","5","3","1-11"," https://doi.org/10.1111/jep.14100","https://drive.google.com/open?id=15172uvpiL2wvd8njrMgWJHC56qzZuIUb","","","","","","","",""
"17/09/2024 11:15:48","hvtruong@ctump.edu.vn","Huynh Van Truong","0918125207","Bionatura journal","3020-7886","Scopus","Q4","0.6","15/09/2024","Antioxidant and anti-diabetic effects in vitro of extract from the above-ground parts of Acanthus ilicifolius ","Chi Linh Tran 1, Van Mai Do 2, Van Truong Huynh 3, Van Ky Nguyen 4, Kim Thien Duc Chong 1*","Huỳnh Văn Trương ","Kim Thien Duc Chong","","5","1","2024 Vol 1 No 3","Bionatura Journal 2024; 1 (3) 3. http://dx.doi.org/10.70099/BJ/2024.01.03.4","https://drive.google.com/open?id=1qOAl48xRKEI4rJgxBxYIMAgcR8j8t2DU","https://drive.google.com/open?id=1dl5GFZPeDwm_p6R1Vym-p1LHh4sZ6NMz","","","","","","",""
"19/09/2024 10:26:17","hvtruong@ctump.edu.vn","Huỳnh Văn Trương","0918125207","TRENDS IN SCIENCES ","E-ISSN: 2774-0226","Scopus","Q3","1.2","31/08/2024","Optimization of Polyphenol Extraction Conditions from Rhizomes of Curcuma zedoaria with Antioxidant, Anti-Inflammatory and Anti- Diabetic Activities In Vitro","Chi Linh Tran1, Van Mai Do2, Van Truong Huynh3, Xuan Nguyen Hong4 and Kim Thien Duc Chong5,*","Huỳnh Văn Trương","Kim Thien Duc Chong","","5","1","21(9): 8544","https://doi.org/10.48048/tis.2024.8544","https://drive.google.com/open?id=1LzuzC0Q6LLP9oV3Xlkd33jZxCndENYCT","https://drive.google.com/open?id=1OhTzIOheNZbxgDY_Zi870ii6U7VEEhAC","","","","","","",""
"20/09/2024 8:11:36","ntltuyen@ctump.edu.vn","Nguyễn Thị Linh Tuyền","0918071943","Journal ot Pharmacy & Pharmacognosy research","0719-4250","Scopus","Q2","Không co IF","02/06/2024","Optimization of spray-drying conditions and quality assessment of dry extract from Perilla frutescens (L.) Britton leaves","Nguyen Thi Linh Tuyen1*, Nguyen Thi Thuy Linh1, Pham Thi To Lien1, Do Quang Duong2","Nguyen Thi Linh Tuyen1*,, Pham Thi To Lien1, ","Nguyen Thi Linh Tuyen","Nguyen Thi Linh Tuyen","4","2","12 (6), 1056-1066","https://doi.org/10.56499/jppres24.2009_12.6.1056","https://drive.google.com/open?id=1phXZf_vN_7NKAx1eT1a-r7yYbKfJhRr6","https://drive.google.com/open?id=1-BBJW_6ZBkTzgsgulB8lnbGwQzB5Zit9","","","","","","",""
"20/09/2024 14:18:00","dttvy@ctump.edu.vn","Dương Thị Thảo Vy","0936894893","37TH ECNP CONGRESS","p.5036 School-based Psychotherapies to targeted prevent depression ","Khác","Khác","Đính kèm minh chứng thành viên tham gia","15/09/2024","15.9","Trần Lê Công Trứ, Dương Thị Thảo Vy.....","Trần Lê Công Trứ, Dương Thị Thảo Vy...","Trần Lê Công Trứ, Dương Thị Thảo Vy...","","6","2","1","khác","https://drive.google.com/open?id=1_qOsSminRSaBF4tWKDaDH5QYjRu5yskd","https://drive.google.com/open?id=1Rg6BIn4npvFtEpuopNG9dVFbHopiRASa","","","","","","",""
"20/09/2024 22:11:28","lttmy@ctump.edu.vn","Lý Thị Trà My","0977533286","International Journal of Social Science and Education Research Studies","print: 2770-2782; online: 2770-2790","Khác","Khác","6.759","20/09/2024","A Descriptive Study on the Difficulties that EFL Students Encounter in Writing Essays at a University in the Mekong Delta, Vietnam","LY THI TRA MY; NGUYEN THANH HUNG; NGUYEN THI TUYET MINH; LAM THI THUY TIEN; LE HA LAN PHUONG; AU XUAN SAM; DUY TUAN TRAN","Lý Thị Trà My, Nguyễn Thanh Hùng, Nguyễn Thị Tuyết Minh, Lâm Thị Thuỷ Tiên, Lê Hà Lan Phương, Âu Xuân Sâm","Lý Thị Trà My","","7","6","4(9), 1036-1040","https://doi.org/10.55677/ijssers/V04I9Y2024-12","https://drive.google.com/open?id=19dqk8teursWuOy7gLIlGayQg4zR9PaYf","","","","","","","",""
"21/09/2024 18:34:27","dttly@ctump.edu.vn","Dương Thị Trúc Ly","0908319173","Arabian Chemistry Journal","1878-5379 ","ISI/Web of Science, Scopus","Q1","5.3","24/04/2024","Rapid identification of natural acetylcholinesterase inhibitors from Glycosmis parviflora stem utilizing dereplication, in vitro and in silico approach","Truc-Ly Thi Duong, Ta-Wei Liu, Quoc-Dung Tran Huynh, Dang-Khoa Nguyen, Yun-Han Wang, Man-Hsiu Chu, Thanh-Hoa Vo, Su-Jung Hsu, Ching-Kuo Lee ","Dương Thị Trúc Ly","Dương Thị Trúc Ly","","9","1","17 (2024) 105811","https://doi.org/10.1016/j.arabjc.2024.105811","https://drive.google.com/open?id=1cAxuV4Hh0-a1ml-2PnKBtrrBcy4Peicb","https://drive.google.com/open?id=1McV3Ae_RAV7e7B5A5MqTrvgDu13T-G1U","","","","","","",""
"21/09/2024 21:42:27","nthung@ctump.edu.vn","Nguyễn Thanh Hùng","0988447509","International Journal of Social Science and Education Research Studies","2770-2790","Khác","Khác","1","20/09/2024","A Descriptive Study on the Difficulties that EFL Students Encounter in Writing Essays at a University in the Mekong Delta, Vietnam","Ly Thi Tra My, Nguyen Thanh Hung, Nguyen Thi Tuyet Minh, Lam Thi Thuy Tien, Le Ha Lan Phuong, Au Xuan Sam, Duy Tuan Tran","Ly Thi Tra My, Nguyen Thanh Hung, Nguyen Thi Tuyet Minh, Lam Thi Thuy Tien, Le Ha Lan Phuong, Au Xuan Sam","Ly Thi Tra My","","7","6","4(9), 1036-1040"," https://doi.org/10.55677/ijssers/V04I9Y2024-12","https://drive.google.com/open?id=1iFIITdpGtRanJ3sKk8J6CNzDkDTkPJ9B","https://drive.google.com/open?id=1ZBDfue8qPMLinGLf6ZmxfUDCyrXPK1M6","","","","","","",""
"21/09/2024 21:43:46","axsam@ctump.edu.vn","Âu Xuân Sâm","0988092229","International Journal of Social Science and Education Research Studies ","ISSN(print): 2770-2782, ISSN(online): 2770-2790","Khác","Khác","Impact Factor: 6.759","09/09/2024","A Descriptive Study on the Difficulties that EFL Students Encounter in Writing Essays at a University in the Mekong Delta, Vietnam","Ly Thi Tra My1, Nguyen Thanh Hung2, Nguyen Thi Tuyet Minh3, Lam Thi Thuy Tien4, Le Ha Lan Phuong5, Au Xuan Sam6, Duy Tuan Tran7","Lý Thị Trà My, Nguyễn Thanh Hùng, Nguyễn Thị Tuyết Minh, Lâm Thị Thuỷ Tiên, Lê Hà Lan Phương, Âu Xuân Sâm","Lý Thị Trà My","","7","6","1036-1040","https://doi.org/10.55677/ijssers/V04I9Y2024-12, ","https://drive.google.com/open?id=1wFXj6PeDlumkxgJ1rlLLyDbph_4jCC-A","","","","","","","",""
"21/09/2024 23:33:03","lhlphuong@ctump.edu.vn","Lê hà Lan Phương","0918892511","International Journal of Social Science and Education Research Studies","2770-2782","ISI/Web of Science","Khác","0","09/09/2024","A Descriptive Study on the Difficulties that EFL Students Encounter in Writing Essays at a University in the Mekong Delta, Vietnam","Ly Thi Tra My, Nguyen Thanh Hung, Nguyen Thi Tuyet Minh, Lam Thi Thuy Tien, Le Ha Lan Phuong, Au Xuan Sam, Duy Tuan Tran","Lý Thị Trà My, Nguyễn Thanh Hùng, Nguyễn Thị Tuyết Minh, Lâm Thị Thủy Tiên, Lê Hà Lan Phương, Âu Xuân Sâm","Lý Thị Trà My","","7","6","1036-1040","https://doi.org/10.55677/ijssers/V04I9Y2024-12,","https://drive.google.com/open?id=1MXZf8ISCGPX_WsNk17kVnOYVuD6W9BYd","","","","","","","",""
"22/09/2024 8:51:16","nthaiyen@ctump.edu.vn","Nguyễn Thị Hải Yến ","0912436323","Pharmacy Education","14772701, 15602214","ISI/Web of Science, Scopus","Q3","Q3","16/08/2024","Factors influencing career orientation of graduating pharmacy students in Can Tho, Vietnam","Hoang Ngoc Dao1, Dieu Phap Le1, Quang Loc Duyen Vo2, Mohamed Bahlol3, Minh Cuong Nguyen4, Thi Hai Yen Nguyen1, Thi Tuyet Phung Tran1, Rebecca Susan Dewey5, Van De Tran","Nguyễn Thị Hải Yến, Trần Văn Đệ, Trần Thị Tuyết Phụng","Trần Văn Đệ","","8","3","24(1)443-457","https://doi.org/10.46542/pe.2024.241.443457","https://drive.google.com/open?id=1HKmHoElRtLIIPhtn67NLyRi1TtUemAln","","","","","","","",""
"22/09/2024 8:58:45","nthaiyen@ctump.edu.vn","Nguyễn Thị Hải Yến","0912436323","Pharmacy Practice","1885642X, 18863655","ISI/Web of Science, Scopus","Q1","Q1","24/08/2024","Knowledge, Attitudes, and Behaviors Regarding Antibiotic Usefor Children Under 5 Years Old Among Mothers in Rural Northern Vietnam","Ba Kien Tran      , Thi Nhan Nguyen      , Quang Loc Duyen Vo      , Thi Hai Yen Nguyen      , Van De Tran      , Duyen Thi My Huynh","Trần Văn Đệ, Nguyễn Thị Hải Yến, Huỳnh Thị Mỹ Duyên","Huỳnh Thị Mỹ Duyên","","6","3"," Vol. 22 No. 3 (2024): Jul-Sep ","https://doi.org/10.18549/PharmPract.2024.1.2995","https://drive.google.com/open?id=1qALCLbQimze2HPqIpU0sLERgz-8nq2WL","","","","","","","",""
"22/09/2024 10:58:28","nttminh@ctump.edu.vn","Nguyễn Thị Tuyết Minh","0989799838","International Journal of Social Science and Education Research Studies","ISSN(print): 2770-2782,","Khác","Khác","Impact Factor: 6.759","09/09/2024","A Descriptive Study on the Difficulties that EFL Students Encounter in Writing Essays at a University in the Mekong Delta, Vietnam","Ly Thi Tra My, Nguyen Thanh Hung, Nguyen Thi Tuyet Minh, Lam Thi Thuy Tien, Le Ha Lan Phuong, Au Xuan Sam, Duy Tuan Tran","Ly Thi Tra My, Nguyen Thanh Hung, Nguyen Thi Tuyet Minh, Lam Thi Thuy Tien, Le Ha Lan Phuong, Au Xuan Sam","Ly Thi Tra My","Ly Thi Tra My","7","6","Volume 04 Issue, Page No : 1036-1040","DOI: https://doi.org/10.55677/ijssers/V04I9Y2024-12","https://drive.google.com/open?id=1yKj1wI5MtpqXYKFSPcQXa1mGNyK2gE7Z","https://drive.google.com/open?id=12ZTgnPO--odslFNXbpwGxQk8gFF4EguU","","","","","","",""
"22/09/2024 11:10:51","nttminh@ctump.edu.vn","Nguyễn Thị Tuyết Minh","0989799838","Heliyon ","2405-8440","ISI/Web of Science","Q1","Heliyon 10 (2024) e32285","31/05/2024","Factors affecting consumers’ repurchase intention toward skin care cosmetics: A cross - sectional study in Vietnam","Huong V.T.M  , Hung N.P ,* , Minh N.T.T  , Thuy L.K  , Duyen L.T.N e , Minh T.N","Huong V.T.M  , Hung N.P ,* , Minh N.T.T , Duyen L.T.N","Nguyễn Phục Hưng","Võ Thị Mỹ Hương","6","4","17","http://dot.org/101016/j heliyon2024.e32285","https://drive.google.com/open?id=1NE_FDfwE-_Ig0gCwOMY3AIox1QELkH_4","https://drive.google.com/open?id=11zK7aIi8I92ULJcPWlnluk2Q8atEnAEj","","","","","","",""
"22/09/2024 11:17:22","nttminh@ctump.edu.vn","Nguyễn Thị Tuyết Minh","0989799838","Journal Pre-proof","S2405-8440(24)13703-6","ISI/Web of Science","Q1","HLY 37672","08/09/2024","UNLOCKING THE KEY DRIVERS OF CONSUMER PURCHASE INTENTIONS FOR ORGANIC COSMETICS: A STUDY IN CAN THO CITY, VIETNAM","Phu M.T., Nguyen L.N.K., Nhi T.T.T., Uy N.H.T., Khoa L.Đ., Hung N.P, Minh N.T.T., Huong V.T.M, Suol P.T","Phu M.T., Nguyen L.N.K., Nhi T.T.T., Uy N.H.T., Khoa L.Đ., Hung N.P, Minh N.T.T., Huong V.T.M, Suol P.T","Nguyễn Phục Hưng","Phu M.T","9","9","34","http://doi.org/10.1016/j heliyon20244.e37672","https://drive.google.com/open?id=1KlBNAy2XcVPAzH6ueLyJq4ZOCsUOlD7x","https://drive.google.com/open?id=1wBkF7GFtGt5g4l6LNiz5jJrvWtWNL2xz","","","","","","",""
"22/09/2024 15:47:19","ddkhanh@ctump.edu.vn","Đặng Duy Khánh","0961860023","Heliyon","2405-8440","Scopus","Q1","0.7","08/09/2024","Unlocking the key drivers of consumer purchase intentions for organic cosmetics: A study in Can Tho City, Vietnam","Phu M.T. a, Nguyen L.N.K. a, Nhi T.T.T. a, Uy N.H.T. a, Khoa L.Đ. a, Hung N.P b,*, Minh N.T.T. c, Huong V.T.M d, Suol P.T. ","Nguyễn Phục Hưng, Võ Thị Mỹ Hương, Phạm Thành Suôl","Nguyễn Phục Hưng","","9","3","Volume 10, Issue 18 , 30 September 2024, e37672","https://doi.org/10.1016/j.heliyon.2024.e37672","https://drive.google.com/open?id=1pym2gtTHD_X_dW34UHBlVoJ_IXpqADZs","https://drive.google.com/open?id=1h_CkiO-aspL8JDtZEx6NBSbsdpdsdTI0","","","","","","",""
"22/09/2024 15:48:51","ntktuong@ctump.edu.vn","Nguyễn Thị Kim Tường","0986649466","MedPharmRes ","ISSN: 2615-9139 (online) ISSN: 1859-1779 (print)","Khác","Khác","Không thuộc những mục trên","19/08/2024","Validity and reliability of the Vietnamese version of the Readiness for Interprofessional Learning Scale","Khoa Duy Duong, Duong Dai Le, Tuong Thi Kim Nguyen, Chung Huynh, Hoang Thi Mai Nguyen, Linh Thuy Khanh Tran, Bao Khac Le","Nguyễn Thị Kim Tường","Khoa Duy Duong","","7","1"," MedPharmRes-D-24-00016R2 ","Bài báo mới được duyệt đăng, chưa gắn mã DOI (DOI prefix: 10.32895)","https://drive.google.com/open?id=1vCikB4qt8tP8HSqxEGYv8qP29pIF_pm7, https://drive.google.com/open?id=1UwX-4Zoaf4i_gTDkPIvSDlRYKv_TKe0m","","","","","","","",""
"22/09/2024 16:16:12","pmquan@ctump.edu.vn","Phạm Minh Quân","0943275273","Turkish Archives of Pediatrics","2757 - 6256","Scopus","Q3","1.3","17/06/2024","Comparison of Real-time Polymerase Chain Reaction and Culture for Targeting Pathogens in Pediatric Severe Community-Acquired Pneumonia","Khai Quang Tran, Van Hung Pham, Chau Minh Vo, Quan Minh Pham, Phuong Minh Nguyen","Trần Quang Khải, Phạm Minh Quân, Nguyễn Minh Phương","Nguyễn Minh Phương","","5","3","59(4): 383 - 389","DOI:10.5152/TurkArchPediatr.2024.24005","https://drive.google.com/open?id=1anL-2CHCJ7QIVmKb6KwhhrhdH4I-G2XO","","","","","","","",""
"22/09/2024 16:19:33","ttnthuy@ctump.edu.vn","Thái Thị Ngọc Thúy","0946453787","Journal of Human, Earth, and Future"," 2785-2997","Scopus","Q1","Q1","04/12/2023","Exercise Motivation among Fitness Center Members: A Combined Qualitative and Q-Sorting Approach ","Truong Thanh Nam, Charuai Suwanbamrung, Omid Dadras, Xiang-Yu Hou, Doan Hoang Phu, Pham Trung Tin, Huynh Khai Quang, Thai Thi Ngoc Thuy, Temesgen A. Ageru, Saifon Aekwarankoon, Sang-arun Isaramalai, Cua Ngoc Le","Trương Thành Nam, Phạm Trung Tín, Thái Thị Ngọc Thúy","Trương Thành Nam","Thái Thị Ngọc Thúy","12","3","4 (3), 345-365","http://dx.doi.org/10. 28991/HEF-2023-04-03-07","https://drive.google.com/open?id=1UqSQBycfo5bHfuDRhGIrG1vl2EDbSaAD","","","","","","","",""
"22/09/2024 21:32:45","lcnhan@ctump.edu.vn","Lê Chí Nhân","0344926667","Archives des Sciences: A Multidisciplinary Journal","2624-6848","Scopus","Q4",".","30/06/2024"," Healthcare Human Resource Shortfall in Vietnam Compared to  Select Countries in Asean","Tran Thi Hong-Le, Le Chi-Nhan, Ha Bao-Tran","Trần Thị Hồng Lê, Lê Chí Nhân, Hà Bảo Trân","Trần Thị Hồng Lê","","3","3","74(3), 258-264","https://doi.org/10.62227/as/74339","https://drive.google.com/open?id=1XnHhR4Gl6Q_TzYh3C6M5UPv1gL6zOWfx","","","","","","","",""
"22/09/2024 22:31:21","nhtoan@ctump.edu.vn","Ngô Hoàng Toàn","00601","Endocrine and Metabolic Science","2666-3961","ISI/Web of Science, Scopus","Q3","Không có IF","30/09/2024","Depression in type 2 diabetes mellitus: Prevalence, characteristics, associated factors, and treatment outcomes","Hoa Van Tran,  Hiep Ngo Buu Tran,  Toan Hoang Ngo,  Kien Trung Nguyen","Ngô Hoàng Toàn, Nguyễn Trung Kiên","Nguyễn Trung Kiên","","4","2","16","https://doi.org/10.1016/j.endmts.2024.100194","https://drive.google.com/open?id=158xeca9hmr474Gcu-qwE5hi2RgTTXHlF","","","","","","","",""
"22/09/2024 22:35:44","nhtoan@ctump.edu.vn","Ngô Hoàng Toàn","0366592309","Archives of the Balkan Medical Union ","1584-9244","Scopus","Q4","Không có IF","28/06/2024","Neurological complications characteristics and treatment outcomes of post-COVID-19 patients","Minh Van LE, Thao Van NGUYEN, Khoe Van NGUYEN, Tho Kieu-Anh PHAM, To To TO,  Ha Hong NGUYEN, Phuong Minh NGUYEN, Toan Hoang NGO1","Lê Văn Minh, Phạm Kiều Anh Thơ, Nguyễn Hồng Hà, Nguyễn Minh Phương, Ngô Hoàng Toàn","Ngô Hoàng Toàn","Lê Văn Minh","8","5","59 (2)","https://doi.org/10.31688/ABMU.2024.59.2.03","https://drive.google.com/open?id=1gIwZi8z72G7z2sIddTSz5z46dAoY8GCf","","","","","","","",""
"22/09/2024 22:40:34","nhtoan@ctump.edu.vn","Ngô Hoàng Toàn","0366592309","Journal of Applied Pharmaceutical Science","2231-3354","ISI/Web of Science, Scopus","Q2","Không có IF","01/06/2024","Treatment efficacy of febuxostat compared with allopurinol in hyperuricemia patients with hypertensive: A randomized, single-blind controlled trial","Son Kim Tran,  Binh Thanh Huynh,  Cuong Tan Vo,  Truyen Van Ngo,  Bao Lam Thai Tran,  Khoa Dang Dang Tran,  Phuong Minh Vo,  Diem Thi Nguyen,  Toan Hoang Ngo,  An Viet Tran ","Trần Kim Sơn, Ngô Văn Truyền, Trần Đặng Đăng Khoa, Võ Minh Phương, Nguyễn Thị Diễm, Ngô Hoàng Toàn, Trần Viết An","Ngô Hoàng Toàn","Trần Kim Sơn","10","7","14 (6)","10.7324/JAPS.2024.173593","https://drive.google.com/open?id=1XrxGiF97G7EyfUC1mi6MEZ4bMWIgtMfN","","","","","","","",""
"22/09/2024 22:45:39","nhtoan@ctump.edu.vn","Ngô Hoàng Toàn","0366592309"," Cardiovascular & Hematological Agents in Medicinal Chemistry","1871-5257","Scopus","Q3","Không IF","24/10/2024","Efficacy of Dyslipidemia Control by Combination Therapy with Rosuvastatin 10 Mg and Ezetimibe 10 Mg Compared with Rosuvastatin 20 Mg Monotherapy in Patients with Chronic Coronary Syndromes: A Randomized, Single-blind Controlled Trial","An Viet Tran, Bao Lam Thai Tran, Nghia Minh Bui, Anh To Tan Le, Diem Thi Nguyen, Son Kim Tran and Toan Hoang Ngo","Trần Viết An, Nguyễn Thị Diễm, Trần Kim Sơn, Ngô Hoàng Toàn","Ngô Hoàng Toàn","Trần Viết An","7","4","22 (3)","10.2174/0118715257274373231211060714","https://drive.google.com/open?id=12Y1ktNkY-mUxpCwW3pz0FIKFoLADmzlu","","","","","","","",""
"23/09/2024 7:24:40","htmduyen@ctump.edu.vn","Huỳnh Thị Mỹ Duyên","0909183298","Journal of Pharmaceutical Health Services Research","1759-8885","ISI/Web of Science, Scopus","Q3","0.7","30/09/2023","Facilitators and barriers to telepharmacy use among community pharmacists in the Mekong Delta, Vietnam","Van De Tran, Ba Kien Tran, Duyen Thi My Huynh, Thanh Yen Nguyen, Thi My Thao Nguyen, Thi My Tien Pham, Quang Loc Duyen Vo, Valeria Valeryevna Dorofeeva, Rebecca Susan Dewey, and Duy Toan Pham","Van De Tran, Duyen Thi My Huynh","Duy Toan Pham","","10","","14, 3, 291-298","https://doi.org/10.1093/jphsr/rmad009","https://drive.google.com/open?id=1Mvg5iRKL-9aGY4jzyVF7DR64t4ZABl-d","","","","","","","",""
"23/09/2024 7:28:24","htmduyen@ctump.edu.vn","Huỳnh Thị Mỹ Duyên","0909183298","Journal of Applied Pharmaceutical Science ","2231-3354","ISI/Web of Science, Scopus","Q2","2.4","30/11/2023","Anticancer and immunostimulatory activities of Houttuynia cordata Thunb. Extract and the isolated flavonoids: an in-vitro/in-vivo investigation","Tran Viet Hung, Phan Nguyen Truong Thang,  Nguyen Thi Thu Phuong, Duy Toan Pham, Ha Minh Hien, Duyen Thi My Huynh","1","Huỳnh Thị Mỹ Duyên","","6","1","13, 11, 178-187","http://doi.org/10.7324/JAPS.2023.147199","https://drive.google.com/open?id=1MByv0EkYyxxkdpFsGumItCkw1M4CLyze","","","","","","","",""
"23/09/2024 7:31:46","htmduyen@ctump.edu.vn","Huỳnh Thị Mỹ Duyên","0909183298","Tropical Journal of Natural Product Research","2616-0684, 2616-0692","ISI/Web of Science, Scopus","Q3","0.6","30/11/2023","Extractions, Standardizations, and In-Vivo Toxicological Investigations of The Vietnamese Fish Mint ","Hung, T. V., Thang, P. N. T., Phuong, N. T. T., Hien, H. M., Pham, D. T., & Huynh, D. T. M.","1","Huỳnh Thị Mỹ Duyên","","7","1","7, 10, 4215-4225","http://www.doi.org/10.26538/tjnpr/v7i10.14","https://drive.google.com/open?id=1UGuOZlH0t0WOc6jjy74Km_kxU9gPE3SO","","","","","","","",""
"23/09/2024 7:35:02","htmduyen@ctump.edu.vn","Huỳnh Thị Mỹ Duyên","0909183298","Jordan Journal of Pharmaceutical Sciences ","2707-6253","ISI/Web of Science, Scopus","Q3","1.7","30/12/2023","Native Medicinal Plants (Moringa oleifera Lam, Brucea javanica (L.) Merr., Eclipta prostrata (L.), Callisia fragrans (Lindl.) Woodson, and Zingiber zerumbet (L.) Smith) in An Giang, Vietnam: A Preliminary Investigation for Rhabdomyosarcoma Treatments using in-vitro RD cell cytotoxicity test","Duyen Thi My Huynh, Minh-Ngoc T. Le, Van De Tran, Viet-Hung Tran, Duy Toan Pham","3","Phạm Duy Toàn","","5","3","16, 4, 830-841","http://www.doi.org/10.35516/jjps.v16i4.1365","https://drive.google.com/open?id=18HnM_zmpjhWHqrP7FnN55nMwCATsPVT5","","","","","","","",""
"23/09/2024 7:38:42","htmduyen@ctump.edu.vn","Huỳnh Thị Mỹ Duyên","0909183298","Journal of Pharmacy & Pharmacognosy Research ","0719-4250","ISI/Web of Science, Scopus","Q2","1.5","30/03/2024","Clinical pharmacists’ interventions on the appropriate prescription of corticosteroids at a medical center in Vietnam between 2022 and 2023","Duyen Thi My Huynh, Duong Nguyen, Quang Loc Duyen Vo, Van De Tran","2","Trần Văn Đệ","","4","2","12, 4, 606-614","https://doi.org/10.56499/jppres23.1929_12.4.606","https://drive.google.com/open?id=1ONQCR9bLUY9QifRa1eNr7da3E-FLD68n","","","","","","","",""
"23/09/2024 7:42:50","htmduyen@ctump.edu.vn","Huỳnh Thị Mỹ Duyên","0909183298","Pharmacological Research - Modern Chinese Medicine ","2667-1425","ISI/Web of Science, Scopus","Q2","1.6","30/03/2024","Investigation of acute and sub-chronic oral toxicity and effects of Allium ascalonicum L. extract on Triton WR1339-induced hyperlipidemia on Swiss albino mice","Duyen Thi My Huynh, Tran Huynh, Minh-Ngoc T. Le, Huynh Nhu Mai","2","Mai Huỳnh Như","","4","2","10, 2024, 100407","https://doi.org/10.1016/j.prmcm.2024.100407","https://drive.google.com/open?id=1zJ4ApLj_0oWo2VyaznKfqvotwwWwOthy","","","","","","","",""
"23/09/2024 7:47:18","htmduyen@ctump.edu.vn","Huỳnh Thị Mỹ Duyên","0909183298","Pharmacia ","0428-0296/2603-557X","ISI/Web of Science, Scopus","Q2","1.1","30/05/2024","Investigation of acute, sub-chronic toxicity, effects of mangiferin and mangiferin solid dispersion (HPTR) on Triton WR1339-induced hyperlipidemia on Swiss albino mice","10","2","Mai Huỳnh Như","","10","2","71, 1-14","https://doi.org/10.3897/pharmacia.71.e123277","https://drive.google.com/open?id=1QLThZKUM-AdFZfnKhPzdpYKRv942Kttz","","","","","","","",""
"23/09/2024 7:52:02","htmduyen@ctump.edu.vn","Huỳnh Thị Mỹ Duyên","0909183298","International Journal of Drug Delivery Technology ","0975-4415","ISI/Web of Science, Scopus","Q3","1.529","30/07/2024","Formulation optimization and preparation of amlodipine and telmisartan double-layer tablets (5/40 Mg) using wet granulation method ","Duyen Thi My Huynh, Huynh Thien Hai, Tran Huu Loc, Minh-Ngoc T. Le, Phuoc-Vinh Nguyen","2","Nguyễn Phước Vinh","","5","2","14, 2, 811-826 ","10.25258/ijddt.14.2.32","https://drive.google.com/open?id=1pySI_BiI4lrzMrXlRs2qZFlqILIFV-dR","","","","","","","",""
"23/09/2024 7:56:45","htmduyen@ctump.edu.vn","Huỳnh Thị Mỹ Duyên","0909183298","International Journal of Applied Pharmaceutics ","0975–7058","ISI/Web of Science, Scopus","Q3","1.4","07/07/2024","Development and optimization of coated tablet containing amlodipine and valsartan for hypertension treatment","Duyen Thi My Huynh, Truong Phu Vinh, Tran Dung Tam, Minh-Ngoc T. Le, Phuoc-Vinh Nguyen","2","Nguyễn Phước Vinh","","5","2","16, 4, 114-120","https://doi.org/10.22159/ijap.2024v16i4.50984","https://drive.google.com/open?id=1yqtvoI4DHC-N4pxWDN9w33p1bLggB8nK","","","","","","","",""
"23/09/2024 8:02:39","htmduyen@ctump.edu.vn","Huỳnh Thị Mỹ Duyên","0909183298","Pharmacy Practice","e-ISSN: 1886-3655, p-ISSN: 1885-642X","ISI/Web of Science, Scopus","Q1","3.6","10/07/2024","Tran BK, Nguyen TN, Vo QLD, Nguyen THY, Tran VD, Huynh DTM","6","3","Huỳnh Thị Mỹ Duyên","","6","3","22, 1, 2995","https://doi.org/10.18549/PharmPract.2024.1.29945","https://drive.google.com/open?id=1Wx3bw4DxrQT6BSs8YqZEYtA4kJduhF1Y","","","","","","","",""
"23/09/2024 8:05:48","htmduyen@ctump.edu.vn","Huỳnh Thị Mỹ Duyên","0909183298","Journal of Pharmacy & Pharmacognosy Research ","0719-4250","ISI/Web of Science, Scopus","Q2","1.5","30/08/2024","Assessment of the results of clinical pharmacists’ interventions on the use of antibiotics at a medical center in Vietnam between 2021 and 2022","Duyen Thi My Huynh, Chat Luong Luong, Quang Loc Duyen Vo, Ba Kien Tran, Van De Tran","2","Trần Văn Đệ","","5","2","11, 5, 787-796","doi.org/10.56499/jppres23.1663_11.5.787","https://drive.google.com/open?id=1zkt0DzoW9hyXYB7N95y7u8sa407-zq9a","","","","","","","",""
"25/09/2024 5:34:48","nkcuong@ctump.edu.vn","Trần Đỗ Hùng","0913706427","Jourrnal of Health Science and Medical Research","2586-9981","Khác","Q4","    0.30","31/07/2024","The Situation of Antibiotic Resistance in Klebsiella Pneumoniae and Carbapenemase-Producing Klebsiella Pneumoniae in Vietnam: A Cross-Sectinonal Study","Hung Do Tran, M.D., Ph.D1, Nguyen Chi Nguyen,M.Sc.2, Hien Duong Nguyen, M.D.3, Hien Thị Dieu Nguyen, M.D.4, Trang Thị Thuy Nguyen, M.D., M.Sc.5, Phong Hong Nguyen, M.D., Ph.D.6, Hung Gia Tran, M.D., M.Sc.5","Trần Đỗ Hùng, Nguyễn Chí Nguyện, Nguyễn Thị Thùy Trang, Nguyễn Hồng Phong, Trần Gia Hưng. ","Trần Đỗ Hùng","","7","5","    Tập 14, từ trang 1159912","    10.3389/Fmicb.2023.1159912","https://drive.google.com/open?id=1nfsBDJgAUE7GO4nC6JLbVVuF_M9JpYyZ","https://drive.google.com/open?id=1NKOvy5lhXaZcPBh0xHaVJMP4-YCQvsJK","","","","","","",""
"23/09/2024 15:13:05","nkcuong@ctump.edu.vn","Trần Đỗ Hùng","0913706427","Advances in respiratory medicine","   ","Khác","Khác, Kỷ yếu hội nghị có phản biện","   ","01/01/2024","Pathogenic Role and Antibiotic Resistance of Methicillin-Resistant Staphylococcucs aureus (MRSA) Strains Causing Severe Comunity-Acquired Pneumonia in Vietnamese Children","Khai Quang Tran 1, Thuy Thị Dieu Nguyen 2, Van Hung Pham 3, Quan Minh Pham 1 and Hung Do Tran 4.","Trần Quang Khải, Phạm Minh Quân, Trần Đỗ Hùng","Trần Đỗ Hùng"," ","5","3"," "," ","https://drive.google.com/open?id=1Pt_UdB101wmU3xAHI2_0kPzAQIe2NYkz","https://drive.google.com/open?id=1BPFYRkGMvMZBkILdRL3OGsiMaZl_mJbU","","","","","","",""
"25/09/2024 5:27:38","nkcuong@ctump.edu.vn","Trần Đỗ Hùng","0913706427","JHSMR"," 2586-9981","Khác","Q4"," 0.30","01/09/2024","Single Nucleotide Polymorphisms of FAM13A Gene in Chronic Obstructive Pulmonary Disease-A Case Control Study","Khanh Pham Hoang 1, Nhung Thi Cam Tran 2, Hung Tran Do 1 ID, Toan Hoang Ngo 1 ID, Van De Tran 1, Hung Huynh Vinh Ly 1, Nga Thi Ngoc Pham 1, Thang Nguyen 1 ID, Binh Huy Nguyen 3 and KienTrung Nguyen 1. ","Phạm Hoàng Khánh, Trần Đỗ Hùng, Ngô Hoàng Toàn, Trần Văn Đệ, Phạm Thị Ngọc Nga, Nguyễn Thắng, Nguyễn Trung Kiên ","Trần Đỗ Hùng","","10","7","  ","   ","https://drive.google.com/open?id=17EDd8KyuVbwVxMiDL01_HRZkugXoLq5H","https://drive.google.com/open?id=13t-haLOzmBAIElkbse0wWBODKpz-qNYk","","","","","","",""
"25/09/2024 5:22:01","nkcuong@ctump.edu.vn","Trần Đỗ Hùng","913706427","Healthcare"," 2227-9032","ISI/Web of Science, Scopus, Khác","Q2, Q3, Khác","3.160","01/01/2024","Clinical Features and Treatment Outcomes of COVID-19 Admissions in the Can Tho City Hospital of Tuberculosis and Respiratory Diseases, Vietnam: A Hospital-Based","Hung Do Tran 1, *ID, Tran Thanh Hung2, Tran Hoang Thuy Phuong 3, Le Thanh Tam 4, Hung Gia Tran 2 ID and Phuoc Huu Le 5, * ID","Trần Đỗ Hùng, Trần Thanh Hùng, Trần Hoàng Thúy Phương, Lê Thanh Tâm, Trần Gia Hưng, Lê Hữu Phước","Trần Đỗ Hùng ","","6","6"," "," ","https://drive.google.com/open?id=1wsOEBcX5k-R41Vw6r3ehwD_EHBGe2f3Q","https://drive.google.com/open?id=1NAusDSre6HpA9fpapsNn2P4A1mV1y7x5","","","","","","",""
"24/09/2024 8:59:57","nkcuong@ctump.edu.vn","Trần Đỗ Hùng","0913706427","MDPI","2813-9054","ISI/Web of Science, Scopus","Q1","7.8","30/03/2023","Pathaogenic Role and Antibiotic Resistance of Methicillin-Resistant Staphylococcus aureus (MRSA) Strains Causing Severe Community-Acquired Pneumonia in Vietnam Children","Khai Quang Tran 1 ID, Thuy Thi Dieu Nguyen2, Van Hung Pham3, Quan Minh Pham1 and Hung Do Tran","Trần Quang Khải, Phạm Minh Quân, Trần Đỗ Hùng","Trần Đỗ Hùng"," ","5","3"," "," ","https://drive.google.com/open?id=1g5aqlJ0lvmkcP5ONFcUKgL6tlbO3tSLJ","https://drive.google.com/open?id=1Gz_dCC4tMmFIjEQ2nG1l9OJAPjhgtDXI","","","","","","",""
"24/09/2024 20:28:56","ltvtuyen@ctump.edu.vn","Lê Thanh Vĩnh Tuyên","0907599177","RSC Advances","2046-2069","ISI/Web of Science","Q2","3.9","16/09/2024","Safety evaluation of Plukenetia volubilis seeds: a metabolomic profiling and network toxicology approach","Vinh-Tuyen T. Le, Thanh Hao Huynh, Lo-Yun Chen, Muhammad Riki Shindi Praristiya, Hung-Yu Lin, Kuei-Hung Lai, Ya-Lin Lee, Lih-Geeng Chen, Ching-Chiung Wang","Lê Thanh Vĩnh Tuyên","Chiung-Chung Wang","","9","1","2024 (14), 29319–29329","https://doi.org/10.1039/D4RA03767G","https://drive.google.com/open?id=1FMEoZ4Xx1044J5Jk-Xg5aCC02g0WV1wY","https://drive.google.com/open?id=1sVXOMQ65hMbheEVFrQLkQPZj5gPDVUL4, https://drive.google.com/open?id=1cNO5CF2u-X7yi5pnzkHq8hfeJ4vnpkv8","","","","","","",""
"25/09/2024 6:00:41","nkcuong@ctump.edu.vn","Trần Đỗ Hùng","0913706427","MDPI","2624-599x","Khác","Q1","7.675","12/01/2023","Hyperhomocysteinemia in Patients with Newly Diagnosed Primary Hypertension in Can Tho City, Vietnam","Son Kim Tran 1, Toan Hoang Ngo1, Phi Hoang Nguyen, An Bao Truong,2, Giang Khanh Truong1, Khoa Dang Dang Tran3, Phuong Minh Vo1, Phi The Nguyen1, Thuan Tuan Nguyen1, Kien Trung Nguyen 3 and Tran Do Hung 4","Trần Kim Sơn, Ngô Hoàng Toàn, Trần Đặng Đăng Khoa, Nguyễn Trung Kiên, Trần Đỗ Hùng","Trần Đỗ Hùng"," ","12","5","Page 234 to page ","10.3390/","https://drive.google.com/open?id=1q48McdochA6lex91pBluVK42w9lpyTUO","https://drive.google.com/open?id=1MsY3tOuTpaHEb5lBtvL0091UOW2oiSsf","","","","","","",""
"25/09/2024 6:12:58","nkcuong@ctump.edu.vn","Trần Đỗ Hùng","0913706427","MDPI","2076-0825","Khác","Q1","7.675","13/01/2023","Effectiveness of Spironolactone in Terms of Galectin-3 Levels in Patients with Heart Failure with a Reduced Ejection Fraction in the Vietnamese Population","Son Kim Tran1, Toan Hoang Ngo1, Tin Trung Lai2, Giang Khanh Truong1, Khoa Dang Dang Tran3, Phuong Minh Vo 1, Phi The Nguyen 1, Phi Hoang Nguyen 1, Thuan Tuan Nguyen 1, Oanh Thi Kim Nguyen 1, Thang Nguyen 4, Kien Trung Nguyen and Hung Do Tran5","Trần Kim Sơn, Ngô Hoàng Toàn, Trần Đặng Đăng Khoa, Võ Minh Phương, Nguyễn Thắng, Nguyễn Trung Kiên, Trần Đỗ Hùng. ","Trần Đỗ Hùng","","13","7","page 45 to page ","10.3390/healthcare ","https://drive.google.com/open?id=1khE4au4rYa1bnnEzuwqewee-95dhLBfs","https://drive.google.com/open?id=1cK7bjQRdpwCAdaYNlN4D-ahggLpBhuRH","","","","","","",""
"25/09/2024 6:29:05","nkcuong@ctump.edu.vn","Trần Đỗ Hùng","0913706427","Journal of Health Sciences","2232-","ISI/Web of Science, Scopus","Q4","0.5","15/05/2024","A cross-sectional study of the antibiotic resistant prevalence of ESBL-producing Enterobacteriaceae in Vietnam","  Hung DoTran1, Binh Trung Nguyen2,  Hien Quang Tran 3, Hung Gia Tran 4"," Trần Đỗ Hùng, Trần Gia Hưng ","Trần Đỗ Hùng"," ","4","2","  ","10.17532/jhsci.2022.1689","https://drive.google.com/open?id=1Mt27Sp7AdsGgjhwm2K_o_hjmaTDDP4C1","https://drive.google.com/open?id=1yueKfdMVLMFf7MY_jrTloMqvQs3Ujhcj","","","","","","",""
"25/09/2024 15:31:30","nkcuong@ctump.edu.vn","Trần Đỗ Hùng","0913706427","Clinical Research","2577-8005","ISI/Web of Science, Scopus","Q1"," ","06/01/2024","Transition of DNA-HPV over time in HPV-ifnected women: a 7-year cohort study","Linh Duong1, Dung Ngoc Tran1, Tam Thi Pham 2, Trang Huynh Vo 1, Hung Do Tran 1, Tien Thi Thuy Lam 3, Duc Long Tran 1, Quang Nghia Bui 1.","Dương Mỹ Linh, Trần Ngọc Dung, Phạm Thị Tâm, Võ Huỳnh Trang, Lâm Thị Thủy Tiên, Bùi Quang Nghĩa","Trần Đỗ Hùng"," ","8","7","  "," ","https://drive.google.com/open?id=1AO9ugFXg9lm5aUwF0SV1aAfxizQso7lJ","https://drive.google.com/open?id=13SI_fbOiI4Rlge_PGpyfRHo6XYQlAuuY","","","","","","",""
"25/09/2024 21:06:30","lththanh@ctump.edu.vn","Lương Thị Hoài Thanh","0975242728","Linguistic and Philosophical Investigations","ISSN: 1841-2394, e-ISSN: 2471-0881","Scopus","Q1",".","12/07/2024","Ho Chi Minh's Philosophical Thoughts on People and Issues of Promoting Vietnam's Human Factors for the Development of a Prosperous and Happy Country","Nguyen Viet Thanh, Luong Thi Hoai Thanh, Nguyen Thai Son, Tran Thi Hong Le","Luong Thi Hoai Thanh, Tran Thi Hong Le","Luong Thi Hoai Thanh","","4","2","Vol 23 (1), 2024, pp. 113–123","https://philolinginvestigations.com/index.php/journal/article/view/53/9","https://drive.google.com/open?id=1NV_1EVN0fUXO1E7QVsx6c6m-D_YI2T0h","","","","","","","",""
"25/09/2024 21:11:16","lththanh@ctump.edu.vn","Lương Thị Hoài Thanh","0975242728","Đọc sách đương đại về luật pháp và công lý xã hộ","Mã số:1948-9137, e-Mã số: 2162-2752","Scopus","Q1",".","14/07/2024","Ho Chi Minh's Philosophical Thought on People is Associated with Building Dong Thap People for a Prosperous, Happy, and Strong Vietnam in the Context of International Integration","Nguyễn Việt Thanh, Lương Thị Hoài Thanh, NguyễnThái Sơn,4Lê Nguyên TuyếtĐịa lý, Nguyễn Thanh Trang","Lương Thị Hoài Thanh, Nguyễn Thanh Trạng","Lương Thị Hoài Thanh","","5","2","Tập 16 (1), 2024, trang.282–298","https://crlsj.com/index.php/journal/article/view/92/26","https://drive.google.com/open?id=1CUv_MAPr7M-GDGP1G6ik3JizgxxY33tw","","","","","","","",""
"26/09/2024 15:08:42","nthtuyen@ctump.edu.vn","NGUYỄN THỊ HỒNG TUYẾN","0987871916","Annali di Igiene","1120-9135","ISI/Web of Science, Scopus","Q3","2.0","29/08/2024","Predicting the risk of type 2 diabetes: Standardized diabetes risk score among the Khmer ethnic minority in Vietnam","Tuyen Thi Hong Nguyen, Lam Phuc Duong","Nguyễn Thị Hồng Tuyến, Dương Phúc Lam","Nguyễn Thị Hồng Tuyến","","2","2","Ann Ig. 2024 Aug 29. doi: 10.7416/ai.2024.2652. Online ahead of print","doi: 10.7416/ai.2024.2652","https://drive.google.com/open?id=169DibbR0m0F9TNxbNFNJ0CFILozWrI0N","https://drive.google.com/open?id=1UqbeeRhQVVoBIQHvXgZ6WdzzsoFpBuSP","","","","","","",""
"27/09/2024 12:23:26","bmnoi@ctump.edu.vn","Nguyễn Ngọc Trúc Phương","0975749784","Malays J Med Sci","1394195X","ISI/Web of Science","Q3","0.37","27/08/2024","Evaluating Lactate and D-Dimer as Mortality Predictors of Paediatric Multiple Organ Dysfunction Syndrome: A Prospective Study in a Low-Middle Income Country","Phuong Minh NguyeN1, Khai Viet TraN1, Hung Viet PhaN1, Khai Quang TraN1, Duc Long TraN1, Huong Thien Mai1, Thu Minh Pham Vo2, Tho Kieu Anh PhaM3, Ly Cong TraN1","Phuong Minh NguyeN1, Khai Viet TraN1, Hung Viet PhaN1, Khai Quang TraN1, Duc Long TraN1, Huong Thien Mai1, Thu Minh Pham Vo2, Tho Kieu Anh PhaM3, Ly Cong TraN1","Dr. Ly Cong Tran MD, MSc (PED)","","9","9","31(4):126–137","https://doi.org/10.21315/mjms2024.31.4.10","https://drive.google.com/open?id=1dTiad_EqBfOZfWGm6Jq7rkoWqkJSYpts","https://drive.google.com/open?id=1O5iI70fbW2KEdTc5b1zgBInnE-zOgFew","","","","","","",""
"28/09/2024 21:57:20","dttly@ctump.edu.vn","Dương Thị Trúc Ly","0908319173","Saudi Pharmaceutical Journal","1319-0164","ISI/Web of Science","Q2","3.0","30/01/2024","Xanthine oxidase inhibition study of isolated secondary metabolites from Dolichandrone spathacea (Bignoniaceae): In vitro and in silico approach","Dang-Khoa Nguyen, Ta-Wei Liu, Su-Jung Hsu, Quoc-Dung Tran Huynh, Truc-Ly Thi Duong, Man-Hsiu Chu, Yun-Han Wang, Thanh-Hoa Vo, Ching-Kuo Lee ","Dương Thị Trúc Ly","Lee Ching-Kuo","","9","1","32 (2024) 101980","https://doi.org/10.1016/j.jsps.2024.101980 ","https://drive.google.com/open?id=1ydopGdvFAuFLwFVpNz52JrZzKLh-ElRZ","","","","","","","",""
"29/09/2024 19:55:31","mhntan@ctump.edu.vn","Mai Huỳnh Ngọc Tân","0974862424","Cureus","2168-8184","ISI/Web of Science","Khác","1.1","29/09/2024","The Impact of Uric Acid-Lowering Therapy on the Progression of Non-dialysis Chronic Kidney Disease: A Prospective Cohort Study","Nghia N. Nguyen, Tan Ngoc H. Mai,  Bao T. Nguyen, Thuy Diem T. Nguyen, Tam Thanh T. Tran","Nguyễn Như Nghĩa, Mai Huỳnh Ngọc Tân, Trần Thái Thanh Tâm","Mai Huỳnh Ngọc Tân","Nguyễn Như Nghĩa","5","3","16 (9), e70435","https://doi.org/10.7759/cureus.70435","https://drive.google.com/open?id=12JH8sdzXhrpuPgIVznE22NCqoZ-lTKWo","https://drive.google.com/open?id=1rxZKY90X7qlV1YQoajw8u5bf2_klDOtV","","","","","","",""
"12/11/2024 16:08:57","nthithuytrang@ctump.edu.vn","Nguyễn Thị Thùy Trang","0817973398","dermatology","1421-9832","ISI/Web of Science, Scopus","Q1","3.0","07/10/2024","IL36RN Mutations and Correlated Characteristics in Generalized Pustular Psoriasis Patients in Can Tho City, Vietnam: A Cross-sectional study","Nguyễn Trung Kiên, Nguyễn Lê Bằng, Trần Thị Minh Tâm, Trần Đỗ Hùng, Trần Gia Hưng","Nguyễn Trung Kiên, Trần Đỗ Hùng, Trần Gia Hưng","Trần Gia Hưng","","6","4","240(5) 1-8","DOI: 10.1159/000541886","https://drive.google.com/open?id=1ivINDd29ZyBFQ8l3FMnF14b2ztejRImR","","Nguyễn Thị Thùy Trang","","","","","",""
"15/11/2024 14:14:37","nthoa@ctump.edu.vn","Nguyễn Thái Hòa","0908414060"," Scientific Reports"," 2045-2322","ISI/Web of Science, Scopus","Q1","3.8","02/01/2024","Prevalence, incidence of and risk factors for vertebral fracture in the community: the Vietnam Osteoporosis Study","Hoa T. Nguyen, Bao T. Nguyen, Thi H. Nhung Thai, An V. Tran, Tan T. Nguyen, Tam Vo, Linh D. Mai, Thach S. Tran, Tuan V. Nguyen & Lan T. Ho-Pham","Thái Thị Hồng Nhung, Trần Viết An, Nguyễn Thành Tấn","Hồ Phạm Thục Lan","Nguyễn Văn Tuấn, Trần Sơn Thạch, Nguyễn Thế Bảo, Võ Tam, Mai Duy Linh","10","4","14 (32), ","https://doi.org/10.1038/s41598-023-50145-w","https://drive.google.com/open?id=1avyrA_GqEod1NoK4rfn0_SYMHdFOgkJo","https://drive.google.com/open?id=1SWOX1K7DptR6L2sOXyIQpiz_msBoGA7W","Nguyễn Thái Hòa","","","","","",""
"15/11/2024 14:42:33","nthoa@ctump.edu.vn","Nguyễn Thái Hòa","0908414060","Osteoporosis and Sarcopenia"," 2405-5263","ISI/Web of Science","Q2","2.5","01/03/2024","Development of a shape-based algorithm for identification of asymptomatic vertebral compression fractures: A proof-of-principle study","Huy G. Nguyen a b c ,  Hoa T. Nguyen d ,  Linh T.T. Nguyen e ,  Thach S. Tran a ,  Lan T. Ho-Pham b c f ,  Sai H. Ling a ,  Tuan V. Nguyen ","Nguyễn Thái Hòa","Nguyễn Văn Tuấn","","7","1","10(1),22-27","https://doi.org/10.1016/j.afos.2024.01.001","https://drive.google.com/open?id=1-j2aVd9PURTgr2If9p1e1czywWcL8dXg","https://drive.google.com/open?id=1xvHJLYtRYbl1fdrdcxD_476VsIF_VO8b","Nguyễn Gia Huy","","","","","",""
"18/11/2024 4:39:44","tthongnhung@ctump.edu.vn","Thái Thị Hồng Nhung","0988627222","Scientific report","2045-2322","ISI/Web of Science, Scopus","Q1","3.8","02/01/2024","Prevalence, incidence of and risk factors for vertebral fracture in the community: theVietnam Osteoporosis Study","HoaT. Nguyen1,2,4, BaoT. Nguyen2  , Thi H. NhungThai2  , AnV.Tran2  , TanT. Nguyen2 , TamVo1 ,  Linh D. Mai3,4,5, Thach S.Tran4,7, TuanV. Nguyen6,7 & LanT. Ho‐Pham","Thái Thị Hồng Nhung, Trần Viết AN, Nguyễn Thành Tấn","Hồ Phạm Thục Lan","","10","4","(2024) 14:32","https://doi.org/10.1038/s41598-023-50145-w","https://drive.google.com/open?id=1AMjTiDd-nOsaLeEOXTXV16KxFyfuipVd","","Nguyễn Thái Hòa","","","","","",""
"03/12/2024 22:46:32","lththanh@ctump.edu.vn","Lương Thị Hoài Thanh","0975242728","Journal of Asian American Studies (JAAS) ","10968598","Scopus","Q1, Q2, Q3","  ","15/10/2024","Current Situation of Ho Chi Minh Ethics in Revolutionary Ethics Education and Training for Party Members Of Can Tho City, Vietnam","Lương Thị Hoài Thanh, Trần Tín Nghĩa, Đinh Văn Phương","Lương Thị Hoài Thanh, Trần Tín Nghĩa, Đinh Văn Phương","Đinh Văn Phương","","3","3","Vol 27, Number 03, p.64-88","https://doi.org/10.5281/zenodo.14045097","https://drive.google.com/open?id=1gGO4ClHrHMZTg-nz-qBxA5yeJaF9DYN4","","Lương Thị Hoài Thanh","","","","","",""
"03/12/2024 22:56:12","lththanh@ctump.edu.vn","Lương Thị Hoài Thanh","0975242728","International Journal of Stress Management","1573-3424","Scopus","Q1"," ","01/12/2024","The Relationship between Job Stress, Job Satisfaction, and Turnover Intention among General Education Teachers in Vietnam: Direct and Indirect Effects on Gratitude","Doan Thi Thuy Tran, Luong Thi Hoai Thanh, Tran Tin Nghia","Đoàn Thị Thùy Trân, Lương Thị Hoài Thanh, Trần Tín Nghĩa","Trần Tín Nghĩa","","3","3","Vol. 31, No. 4, p.66-86","https://doi.org/10.5281/zenodo.14252806","https://drive.google.com/open?id=1DSgQbanAAWKYbvVhKNpjkhsSflS7LD-0","","Đoàn Thị Thùy Trân","","","","","",""
"04/12/2024 3:48:48","hvtruong@ctump.edu.vn","Huynh Van Truong ","0918125207","International Journal of Innovation Scientific Research and Review","ISSN: 2582-6131","ISI/Web of Science","Khác","SJIF Impact Factor 2023: 6.599","15/10/2024","A STUDY OF THE ABILITY TO INHIBIT α-AMYLASE AND α-GLUCOSIDASE ENZYMES FROM GARCINIA MANGOSTANA LINN’S PEEL EXTRACT","1 Huynh Gia Bao, 2, *Huynh Van Truong, 1Bui Thao Nhi","Huỳnh Gia Bảo , Huỳnh Văn Trương, Bùi Thảo Nhi ","Huỳnh Văn Trương","","3","3","Vol. 06, Issue, 10, pp.7109-7114, October 2024 ","Available online at http://www.journalijisr.com ","https://drive.google.com/open?id=1k-OjRUNVIuEf_VHZZXAcLw85zx0pp0v7","","Huỳnh Gia Bảo ","","","","","",""
"04/12/2024 4:13:20","hvtruong@ctump.edu.vn","Huỳnh Văn Trương","0918125207","TRENDS IN SCIENCES ","ISSN 2774-0226 (Online)","Scopus","Q3","CiteScore 2023: 1.2","31/08/2024","Optimization of Polyphenol Extraction Conditions from Rhizomes of Curcuma zedoaria with Antioxidant, Anti-Inflammatory and Anti- Diabetic Activities In Vitro","Chi Linh Tran1, Van Mai Do2, Van Truong Huynh3, Xuan Nguyen Hong4 and Kim Thien Duc Chong5,*","Huỳnh Văn Trương","Kim Thien Duc Chong5,*","","5","1","21(9): 8544","doi.org/10.48048/tis.2024.8544","https://drive.google.com/open?id=1n8SC1HV-nZf-MReQZ2CGO7ZTtRJ98sh3","","Trần Chí Linh","","","","","",""
"04/12/2024 11:54:32","nvtuan@ctump.edu.vn","Nguyễn Văn Tuấn","0909828261","Jurnal Asiyah: Jurnal Ilmu Kesehatan","2502-9495","Khác","Khác","Không","01/09/2024","HUSBAND’S PARTICIPATION IN PRENATAL CLASS: A SCOPING REVIEW","Endang Koni Suryaningsih, Ariska Fauzianty, Tuan Van Nguyen, Nur Intan Kusuma","Nguyễn Văn Tuấn","Endang Koni Suryaningsih","","4","1","9(2), 1259-1271","https://doi.org/10.30604/jika.v9i2.2846 ","https://drive.google.com/open?id=1vzA7Y5OJzAqZSHfqKdmIu1KcM0nCOMn6","","Endang Koni Suryaningsih","","","","","",""
"04/12/2024 12:01:51","nvtuan@ctump.edu.vn","Nguyễn Văn Tuấn","0909828261","NurseLine Journal","2540-7937","Khác","Khác","không","31/10/2024","The Correlation Between Family Support and Self-efficacy in Hemodialysis Patients: An Indonesian Sample","Elsa Eka Tizana, Wantonoro, Widiastuti, Tuan Van Nguyen","Nguyễn Văn Tuấn","Wantonoro","","4","1","9(2), 119-123","https://doi.org/10.19184/nlj.v9i2.52468 ","https://drive.google.com/open?id=164QZgV6quuAqUV6olbyUsK44YxBiha_C","","Elsa Eka Tizana","","","","","",""
"05/12/2024 21:03:16","nnuyen@ctump.edu.vn","Ngô Ngọc Uyên","0339300369","RSC Advances","20462069","Scopus","Q1","3.9","21/10/2024","Antibacterial efficacy of low-dosage silver nanoparticle–sodium alginate–chitosan nanocomposite films against pure and clinical acne strains","Bao Lam Thai Tran,  Thanh Van Vo,  Teng-Ping Chu, Duong Thai Bach,Thai Quang Nguyen, Phuong Hong Bao Luu,  Vy Thi Thuy Tran, Hieu Hoang Duong, Nhi Hoang Nguyen, Gai Thi Le,  Thu Thi Tran,  Khanh Nguyen Tuong Tran, Le Thi Cam Tuyen,  Truong Ngoc Dinh, Ngo Ngoc Uyen, Tram Thi Thu Nguyen, Ngoc-Van Thi Nguyen, Kien Trung Nguyen, Le Thi Nhu Tran,  Phuoc Huu Le","Lê Hữu Phước, Trần Thị Như Lê, Nguyễn Trung Kiên, Nguyễn Thị Ngọc Vân, Lê Thị Gái, Nguyễn Thị Thu Trâm, Ngô Ngọc Uyên, Đinh Ngọc Trường","Lê Hữu Phước, Trần Thị Như Lê","","20","8","RSC Adv., 2024, 14, 33267–33280","DOI	https://doi.org/10.1039/D4RA05180G","https://drive.google.com/open?id=1XlOEYfaOVdySiQoJD7iLzgVMqcT5hFLe","","Trần Lâm Thái Bảo","","","","","",""
"09/12/2024 19:52:02","mhntan@ctump.edu.vn","Mai Huỳnh Ngọc Tân","0974862424","Cureus","2168-8184","ISI/Web of Science","Khác","1.1","29/09/2024","The Impact of Uric Acid-Lowering Therapy on the Progression of Non-dialysis Chronic Kidney Disease: A Prospective Cohort Study.","Nghia N Nguyen, Tan Ngoc H Mai, Bao T Nguyen, Thuy Diem T Nguyen, Tam Thanh T Tran","Nguyễn Như Nghĩa, Mai Huỳnh Ngọc Tân, Trần Thái Thanh Tâm","Mai Huỳnh Ngọc Tân","","5","3","16(9):e70435","10.7759/cureus.70435","https://drive.google.com/open?id=1wL4RI-K3Y5cVO_SH1yTc5stqikULk3m7","https://drive.google.com/open?id=1sJBCf30EcgaixvvOxEmPZROwxEDZcQsN","Nguyễn Như Nghĩa","","","","","",""
"09/12/2024 22:54:53","vnhphuc@ctump.edu.vn","Võ Nguyên Hồng Phúc","0902485075","Journal of Personalized Medicine","2075-4426","Scopus","Q2","3.4","09/06/2024","Therapeutic Effects of Engineered Exosomes from RAW264.7 Cells Overexpressing hsa-let-7i-5p against Sepsis in Mice -- A comparative Study with Human Placenta-Derived Mesenchymal Stem Cell Exosomes","Van Long Le, Chao-Yuan Chang, Ching-Wei Chuang, Syuan-Hao Syu, Hung-Jen Shih, Hong-Phuc Nguyen Vo, Minh Nguyen Van, Chun-Jen Huang","Võ Nguyên Hồng Phúc","Chun-Jen Huang","","8","1","14(6), 619","https://doi.org/10.3390/jpm14060619","https://drive.google.com/open?id=1Pp6D7wAMEzCsUSr4eQD7s_-YVmcHv1nh","https://drive.google.com/open?id=13eB6cXgd_GHgXPKeA2y3BalYCmNDfYw0","Lê Văn Long","","","","","",""
"10/12/2024 9:59:27","ntltuyen@ctump.edu.vn","Nguyễn Thị Linh Tuyền","0918071943","Tropical Journal of Natural Product Research","2616-0684","Scopus","Q4","chưa có","01/12/2024","In-Vivo Study on the Hair Growth-Enhancing Effects of CTUMP’s Herb Shampoo","Nguyen T.L. Tuyen, Nguyen T.T. Linh, Le T.C. Thuy, Pham T.T. Lien","Nguyen Thi Linh Tuyen, Pham T.T. Lien","Nguyen Thi Linh Tuyen","","4","2"," 8(11): 9224 - 9230","https://doi.org/10.26538/tjnpr/v8i11.36","https://drive.google.com/open?id=1otrdbcrvP5zUDlfTkmmMQuB2odRDKcGy","","Nguyen T.L. Tuyen","","","","","",""
"10/12/2024 10:22:26","nthaiyen@ctump.edu.vn","Nguyễn Thị Hải Yến","0912436323","exploratory research in clinical and social pharmacy","26672766","ISI/Web of Science, Scopus","Q1","1.8","17/09/2024","Behavioral factors associated with medication adherence among hypertensive patients using the theoretical domains framework","Van De Tran, Thi My Loan Vo, Quang Loc Duyen Vo , Minh Trung Nguyen,  Minh Cuong Nguyen, Rebecca Susan Dewey, Thi Hai Yen Nguyen ","Trần Văn Đệ, Nguyễn Thị Hải Yến","Trần Văn Đệ","","7","2","16 (2024), 2667-2766","16 (2024) 100510","https://drive.google.com/open?id=1tq3_Baf2U3Ir5PgPyWXPi8ZodVMOdvQ9","https://drive.google.com/open?id=174IqJUJ5cWdyW5yY1Xm-mjIc4x86oRfw","Trần Văn Đệ","","","","","",""
"10/12/2024 10:30:10","bnniem@ctump.edu.vn","Bùi Ngọc Niệm","0388700820","International Journal of Infectious Diseases","1201-9712","ISI/Web of Science","Q1","4.8","01/01/2024","Molecular characterization of rifabutin-resistance in refractory Helicobacter pylori infection in Taiwan","Chia-Jung Kuo,  Ngoc-Niem Bui,  Jun-Nong Ke,  Cheng-Yu Lin,  Wey-Ran Lin,  Ming-Ling Chang,  Hui-Yu Wu,  Mei-Zi Huang,  Cheng-Hsun Chiu,  Cheng-Tang Chiu,  Chih-Ho Lai","Bùi Ngọc Niệm","Chih-Ho Lai","Bùi Ngọc Niệm","11","1","138 (2024), 25-28","https://doi.org/10.1016/j.ijid.2023.11.001","https://drive.google.com/open?id=1BSde88d-IJepAReJG4V0pSKEXzvjwzyT","https://drive.google.com/open?id=1j1apjgjQnc00i5FWIFS7GSLX35l8qIbg","Chia-Jung Kuo","","","","","",""
"10/12/2024 10:36:09","bnniem@ctump.edu.vn","Bùi Ngọc Niệm","0388700820","Journal of Microbiology, Immunology and Infection","1684-1182","ISI/Web of Science","Q1","4.5","21/09/2024","High hemolytic activity in Staphylococcus aureus t1081/ST45 due to increased hla protein production and potential RNAIII-independent regulation","Yu-Tzu Lin,  Ngoc-Niem Bui,  Yu-Syuan Cheng,  Cheng-Wen Lin,  Chun-Li Lee,  Tai-Fen Lee,  Po-Ren Hsueh","Bùi Ngọc Niệm","Po-Ren Hsueh","","7","1","S1684-1182(24)00183-X","https://doi.org/10.1016/j.jmii.2024.09.005","https://drive.google.com/open?id=1k73F5TaWjdMLl08J9Tug32Ah57pl2nqs","https://drive.google.com/open?id=1A1REmKJNln7BuN_A-WEUcQKn_Th3jsJz","Yu-Tzu Lin","","","","","",""
"10/12/2024 10:40:58","bnniem@ctump.edu.vn","Bùi Ngọc Niệm","0388700820","Journal of Microbiology, Immunology and Infection","1684-1182","ISI/Web of Science","Q1","4.5","28/10/2024","Cigarette smoke compromises macrophage innate sensing in response to pneumococcal infection","Wei-Chih Liao, Chia-Huei Chou, Mao-Wang Ho, Jo-Tsen Chen, Shu-Ling Chou, Yu-Tsen Huang, Ngoc-Niem Bui, Hui-Yu Wu, Chi-Fan Lee, Wei-Chien Huang, Chih-Ho Lai","Bùi Ngọc Niệm","Chih-Ho Lai","","11","1","S1684-1182(24)00186-5","https://doi.org/10.1016/j.jmii.2024.10.001","https://drive.google.com/open?id=1xq4C2VpWDeBnPnGvKIVkjMkFL6zgvLye","https://drive.google.com/open?id=1e7ODX_E8lxJroZo5zkIFO249aTty99NF","Wei-Chih Liao","","","","","",""
"10/12/2024 11:23:21","ntnhan@ctump.edu.vn","Nguyễn Thị Ngọc Hân","0988190317","Teaching and Learning in Nursing","15573087","ISI/Web of Science, Scopus","Q2","1.9","06/03/2024","Unveiling knowledge of anaphylaxis among nursing students","HanTNNguyen, Loretta Garvey, Dung T Ngo, Trang TT Duong, Dien T Lu, DuyTHNguyen,Hang TT, Le Chi TK Le, Truc TT Nguyen, Samira Hamadeh","Nguyễn Thị Ngọc Hân, Ngô Thị Dung, Nguyễn Thị Thanh Trúc, Lư Trí Diến, Dương Thị Thùy Trang","Loretta Garvey","","10","5","2024"," https://doi.org/10.1016/j.teln.2023.11.010","https://drive.google.com/open?id=1S3uLE6DnVpBCJyJTmEkY9wXuG1a65UY7","","Nguyễn Thị Ngọc Hân","","","","","",""
"10/12/2024 11:36:00","nthaiyen@ctump.edu.vn","Nguyễn Thị Hải Yến","0912436323","Pharmacy Education","14772701, 15602214","ISI/Web of Science, Scopus","Q3","Q3","16/08/2024","Factors influencing career orientation of graduating pharmacy students in Can Tho, Vietnam","Hoang Ngoc Dao1, Dieu Phap Le1, Quang Loc Duyen Vo2, Mohamed Bahlol3, Minh Cuong Nguyen4, Thi Hai Yen Nguyen1, Thi Tuyet Phung Tran1, Rebecca Susan Dewey5, Van De Tran","Nguyễn Thị Hải Yến, Trần Văn Đệ, Trần Thị Tuyết Phụng","Trần Văn Đệ","","8","3","24(1)443-457","https://doi.org/10.46542/pe.2024.241.443457","https://drive.google.com/open?id=1hKzUwUzRDuH8LK9M5Q_2KIaFZmr3CwAw","","Đào Hoàng Ngọc","","","","","",""
"10/12/2024 11:39:20","nthaiyen@ctump.edu.vn","Nguyễn Thị Hải Yến","0912436323","Pharmacy Practice","1885642X, 18863655","ISI/Web of Science, Scopus","Q1","Q1","24/08/2024","Knowledge, Attitudes, and Behaviors Regarding Antibiotic Usefor Children Under 5 Years Old Among Mothers in Rural Northern Vietnam","Ba Kien Tran      , Thi Nhan Nguyen      , Quang Loc Duyen Vo      , Thi Hai Yen Nguyen      , Van De Tran      , Duyen Thi My Huynh","Trần Văn Đệ, Nguyễn Thị Hải Yến, Huỳnh Thị Mỹ Duyên","Huỳnh Thị Mỹ Duyên","","6","3"," Vol. 22 No. 3 (2024): Jul-Sep","https://doi.org/10.18549/PharmPract.2024.1.2995","https://drive.google.com/open?id=12N8pNiB4viPNAifkE45RLeX_oBaN1o1I","","Trần Bá Kiên","","","","","",""
"10/12/2024 11:48:07","nthaiyen@ctump.edu.vn","Nguyễn Thị Hải Yến","0912436323","International Journal of Pharmacy Practice","09617671, 20427174","ISI/Web of Science, Scopus","Q1","Q1","30/11/2024","Cost-related medication nonadherence in the Mekong Delta, Vietnam","Van DeTran, , Minh Cuong Nguyen, Thi Hai Yen Nguyen,*, Thi Thu Tran, Rebecca Susan Dewey","Trần Văn Đệ, Nguyễn Thị Hải Yến","Nguyễn Thị Hải Yến","","5","2","2024, XX, 1–9","https://doi.org/10.1093/ijpp/riae065","https://drive.google.com/open?id=1OBpSQ28SCyM2rqAip0cFHL3_5rLUapga","","Trần Văn Đệ","","","","","",""
"10/12/2024 13:34:34","ttnle@ctump.edu.vn","Trần Thị Như Lê","0919423048","RSC Advances","RSC Adv., 2024, 14, 33267–33280 | 33267","ISI/Web of Science","Q1","3.9","20/09/2024","Antibacterial efficacy of low-dosage silver nanoparticle–sodium alginate–chitosan nanocomposite films against pure and clinical acne strains","Bao Lam Thai Tran, ‡a Thanh Van Vo,‡b Teng-Ping Chu,cd Duong Thai Bach,a Thai Quang Nguyen,a Phuong Hong Bao Luu,e Vy Thi Thuy Tran,b Hieu Hoang Duong,b Nhi Hoang Nguyen,f Gai Thi Le,a Thu Thi Tran,g Khanh Nguyen Tuong Tran,h Le Thi Cam Tuyen,h Truong Ngoc Dinh,ij Ngo Ngoc Uyen,j Tram Thi Thu Nguyen,jk Ngoc-Van Thi Nguyen,b Kien Trung Nguyen,a Le Thi Nhu Tran *a and Phuoc Huu Le *cd","Lê Thị Gái, Trần Thị Thư,,Lê Thị Cẩm Tuyền,,Đing Ngọc Trường, Nguyễn Thị thu Trâm, Nguyễn Ngọc Vân,Nguyễn Trung Kiên, Trần Thị Như Lê Ngô Ngọc Uyên","Trần Thị Như Lê., Lê Hữu Phước","Võ Vân Thanh","20","","RSC Adv., 2024, 14, 33267–33280 | 33267","DOI: 10.1039/d4ra05180g","https://drive.google.com/open?id=1e8zI-uxfZdc7l5P17SasKiGaEjqVKKqG","https://drive.google.com/open?id=1cC9wmSY4hMtZMP6sVNlF3fwt8EE6R1Hl","Trần Lâm Thái Bảo","","","","","",""
"10/12/2024 15:45:09","dntruong@ctump.edu.vn","Đinh Ngọc Trường","0944239390","RSC Advances","2046-2069","Scopus","Q2","3.95","20/09/2024","Antibacterial eﬃcacy of low-dosage silver nanoparticle–sodium alginate–chitosan nanocomposite ﬁlms against pure and clinical acne strains","Bao Lam Thai Tran, ‡a Thanh Van Vo,‡b Teng-Ping Chu,cd Duong Thai Bach,a Thai Quang Nguyen,a Phuong Hong Bao Luu,e Vy Thi Thuy Tran,b Hieu Hoang Duong,b Nhi Hoang Nguyen,f Gai Thi Le,a Thu Thi Tran,g Khanh Nguyen Tuong Tran,h Le Thi Cam Tuyen,h Truong Ngoc Dinh,ij Ngo Ngoc Uyen,j Tram Thi Thu Nguyen,jk Ngoc-Van Thi Nguyen,b Kien Trung Nguyen,a Le Thi Nhu Tran *a and Phuoc Huu Le *cd","Lê Thị Gái, Đinh Ngọc Trường, Ngô Ngọc Uyên, Nguyễn Thị Thu Trâm, Nguyễn Thị Ngọc Vân, Nguyễn Trung Kiên, Trần Thị Như Lê, Lê Hữu Phước","Lê Hữu Phước","","20","8","14,33267–33280","10.1039/d4ra05180g","https://drive.google.com/open?id=1D6cDnigeluTyZGJL1Apxb0l7Vn3Env8v","","Trần Lâm Thái Bảo","","","","","",""
"10/12/2024 16:39:42","ntdung@ctump.edu.vn","Ngô Thị Dung","0988608705","Nigerian Postgraduate Medical Journal","11171936, 24686875","ISI/Web of Science, Scopus","Q3","0.8","03/06/2024","Combination of Anterior and Posterior Vaginal Mesh Implants and Delorme Procedure in a 94-year-old female with Pelvic Organ Prolapse","Nguyen, Hien Van; Ngo, Dung Thi; Lieu, Dat Vinh; Tran, Tuan Thanh","Ngô Thị Dung, Liêu Vĩnh Đạt, Trần Thành Tuân","Ngô Thị Dung","","4","4","31, 170-2","10.4103/npmj.npmj_32_24","https://drive.google.com/open?id=1R8lnrZ9JIUjzLRNegqx-lfJWugOk_rhI","https://drive.google.com/open?id=1ApIDpMemmYUnz-rv2LeEd-3Jq_xVXto4","Nguyễn Văn Hiên","","","","","",""
"10/12/2024 18:53:31","cnvan@ctump.edu.vn","Châu Nhị Vân","0939475583","Journal of Ethnopharmacology","1872-7573","ISI/Web of Science, Scopus","Q1","4.8","28/06/2024","Huanglian Jiedu decoction inhibits vascular smooth muscle cell-derived foam cell formation by activating autophagy via suppressing P2RY12","Jinhai Lin, Mingyang Gu, Xiaolong Wang, Yuanyuan Chen, Nhi Van Chau, Junlong Li, Qingmin Chu, Lijin Qing, Wei Wu","Châu Nhị Vân","Jinhai Lin, Mingyang Gu, Xiaolong Wang, Yuanyuan Chen, Nhi Van Chau, Junlong Li, Qingmin Chu, Lijin Qing, Wei Wu","","9","1","2024 Jun 28:328:118125","https://doi.org/10.1016/j.jep.2024.118125","https://drive.google.com/open?id=1FGxVY3Ljq3_8fVm3iWEcy5JvKfD65ZkB","https://drive.google.com/open?id=1YrAoTfGEs8TI51X_h9eszgO2LFV78mfB","Jinhai Lin","","","","","",""
"10/12/2024 19:18:32","cnvan@ctump.edu.vn","Châu Nhị Vân","0939475583","Phytomedicine","1618-095X​","ISI/Web of Science, Scopus","Q1","6.7","15/07/2024","Geniposide ameliorates atherosclerosis by restoring lipophagy via suppressing PARP1/PI3K/AKT signaling pathway","Jinhai Lin,  Xiaolong Wang, Mingyang Gu, Yuanyuan Chen, Jiongbo Xu, Nhi Van Chau, Junlong Li, Xiaodong Ji, Qingmin Chu, Lijin Qing, Wei Wu","Châu Nhị Vân","Wu Wei","","11","1","2024 Jul:129:155617","https://doi.org/10.1016/j.phymed.2024.155617","https://drive.google.com/open?id=1DAhjRdntpdRew8O9pJBNe6NOI8Bklday","https://drive.google.com/open?id=1fVvVbtjmhwFvBqL7GcD1xdH6oxLK_PKG","Jinhai Lin","","","","","",""
"10/12/2024 20:38:39","ntnhu@ctump.edu.vn","Nguyễn Thành Nhu","0903800152","Brain Imaging and Behavior","1931-7557","ISI/Web of Science","Q1","2.4","17/09/2024","Telehealth-delivered cognitive behavioral therapy - a potential solution to improve sleep quality and normalize the salience network in fibromyalgia: a pilot randomized trial","Nguyen Thanh Nhu, Cheng-Ze Wong, Ivy Y. Chen, Ya-Wen Jan, Jiunn-Horng Kang","Nguyễn Thành Nhu","Jiunn-Horng Kang","","","","2024, 1-9","https://doi.org/10.1007/s11682-024-00925-3","https://drive.google.com/open?id=1ELp-2fUy08jyVdvWuqZiWVx8TVWLh2yF","","Nguyen Thanh Nhu","","","","","",""
"10/12/2024 22:05:51","nvtuan@ctump.edu.vn","Nguyễn Văn Tuấn","0909828261","Journal of Medical and Health Studies","2710-1452 ","Khác","Khác","không","10/12/2024","Factors Associated With Nurse’s Professional Quality Of Life","Nguyen Viet Phuong, Nguyen Van Tuan, Le Kim Tha, Le Hoang Hanh, Dang Van Thach, Trinh Xuan Quang, Do Thi Nhu Mai, Tran Tue Nhi, Le Thi Cam Tu, Edreck D. Estioko","Nguyễn Việt Phương, Nguyễn Văn Tuấn, Lê Kim Tha","Nguyễn Việt Phương","","10","3","5(4), 180-187","https://doi.org/10.32996/jmhs.2024.5.4.19  ","https://drive.google.com/open?id=1LyMd4hhF-fgYejma-rtrtrWCA54wj66S","","Nguyễn Việt Phương","","","","","",""
"11/12/2024 9:46:57","nvphuong@ctump.edu.vn","Nguyễn Việt Phương","0907847502","Journal of Medical and Health Studies"," 2710-1452","Khác","Khác","None","10/12/2024","Factors associated with nurse’s professional quality of life","Nguyen Viet Phuong, Nguyen Van Tuan, Le Kim Tha, Le Hoang Hanh, Dang Van Thach, Trinh Xuan Quang, Do Thi Nhu Mai, Tran Tue Nhi, Le Thi Cam Tu, Edreck D. Estioko","Nguyễn Việt Phương, Nguyễn Văn Tuấn, Lê Kim Tha","Nguyễn Việt Phương","","10","3","5 (4), 180-187","https://doi.org/10.32996/jmhs.2024.5.4.19","https://drive.google.com/open?id=1480-0MhMMTiM4w3n32xvdNOrECrEYMFb","","Nguyễn Việt Phương","","","","","",""
"11/12/2024 10:37:33","davu@ctump.edu.vn","Đoàn Anh Vũ","0986484098","HPB","ISSN:1365-182X, E-ISSN:1477-2574","Scopus","Q1","2.7","20/11/2024","Primary closure compared with T-tube drainage following laparoscopic common bile duct exploration among elderly patients with hepatolithiasis and/or choledocholithiasis: a comparative study using a propensity score matching","Phu V. La,  Hieu T. Le,  Thang M. Tran,  Quan M. Tran,  Phuc V. La,  Vu A. Doan ","Đoàn Anh Vũ, La Vĩnh Phúc","Lê Trung Hiếu","","6","2","Online","https://doi.org/10.1016/j.hpb.2024.11.004","https://drive.google.com/open?id=13OGV715iqMcjWOqopE9HZpjDRuoP8_H9","","La Văn Phú","","","","","",""
"16/12/2024 14:38:22","taquan@ctump.edu.vn","Tô Anh Quân","0919210290","Journal Of Cardiovascular, Neurovascular & Stroke","e-ISSN: 2600-7800 (Online)","Khác","Khác, Kỷ yếu hội nghị có phản biện","0e-ISSN: 2600-7800 (Online)","30/09/2024","IATROGENIC SMALL BOWEL HEMORRHAGE TREATED WITH TRANSCATHETER ARTERIAL EMBOLIZATION","Nguyen Vu Dang, Bui Tien Si","Nguyễn Vũ Đằng","Nguyen Vu Dang","","2","1","6 (3), 10–8","https://doi.org/10.32896/cvns.v6n3.10-18","https://drive.google.com/open?id=14r0fhSFljkmV-F-gK0wKKPnOxALYc-jQ","","Nguyễn Vũ Đằng","","","","","",""
"12/12/2024 15:28:31","nntphuong@ctump.edu.vn","NGUYỄN NGỌC TRÚC PHƯƠNG","0975749784","Pulm Ther","23641746, 23641754","ISI/Web of Science","Q2","0.7","18/10/2024","Effcacy of High Flow Nasal Cannula in the Treatment of Patients with COVID‐19 with Acute Respiratory Distress Syndrome: Results of Single Centre Study in Vietnam","Sy Duong‐Quy · Duc Huynh‐Truong‐Anh · Tram Tang‐Thi‐Thao · Thu Nguyen‐Ngoc‐Phuong · Phung Hoang‐Phi‐Tuyet · Anh Nguyen‐Tuan · Toi Nguyen‐Van · Thanh Nguyen‐Chi · Thanh Nguyen‐Thi‐Kim · Tien Nguyen‐Quang · Thuy Tran‐Ngoc‐Anh · Nam Nguyen‐Van‐Hoai · Mai Do‐Thi‐Thu · Huong Hoang‐Thi‐Xuan · Thai Nguyen‐Duy · Cong Nguyen‐Hai · Tuan Huynh‐Anh · Quan Vu‐Tran‐Thien · Khue Bui‐Diem · Giang Nguyen‐Mong · Hieu Nguyen‐Lan · Giap Vu‐Van · Phuong Phan‐Thu · Long Nguyen‐Viet · Chuong Nguyen‐Hong · Sy Dinh‐Ngoc · Trong Nguyen‐Duc · Dung Truong‐Viet · Thu Vo‐Pham‐Minh · Bao Le‐Khac · Duc Nguyen‐Hong · Timothy Craig · Vinh Nguyen‐Nhu","VÕ PHẠM MINH THƯ","DƯƠNG SỸ QUÝ","","33","1","Tập 10 , trang 451–468, ( 2024 )","https://doi.org/10.1007/s41030-024-00272-0","https://drive.google.com/open?id=1HD4YIQuljVULVO5bf5RQHXTPkdkMusZY","","DƯƠNG SỸ QUÝ","","","","","",""
"12/12/2024 15:44:22","nntphuong@ctump.edu.vn","NGUYÊN NGOC TRUC PHUONG","0975749784","Malays J Med Sci.","1394195X","ISI/Web of Science","Q3","0.37","15/03/2024","Evaluating Lactate and D-Dimer as Mortality Predictors of Paediatric Multiple Organ Dysfunction Syndrome: A Prospective Study in a Low-Middle Income Country","Phuong Minh Nguye1 , Khai Viet Tra1 , Hung Viet Pha1 , Khai Quang Tra1 , Duc Long Tra1 , Huong Thien Mai1 , Thu Minh Pham Vo2 , Tho Kieu Anh Pha3 , Ly Cong Tra1","Phuong Minh Nguye1 , Khai Viet Tra1 , Hung Viet Pha1 , Khai Quang Tra1 , Duc Long Tra1 , Huong Thien Mai1 , Thu Minh Pham Vo2 , Tho Kieu Anh Pha3 , Ly Cong Tra1","TRẦN CÔNG LÝ","Phuong Minh Nguye1 , Khai Viet Tra1 , Hung Viet Pha1 , Khai Quang Tra1 , Duc Long Tra1 , Huong Thien Mai1 ","9","9","31(4):126–137"," https://doi.org/10.21315/mjms2024.31.4.10","https://drive.google.com/open?id=176-R9Ekbm3vxk6FyQvgxHP3cxkbBlqXm","","NGUYỄN MINH PHƯƠNG","","","","","",""
"12/12/2024 15:55:18","nntphuong@ctump.edu.vn","NGUYEN NGOC TRUC PHUONG","0975749784","Medical Journal of Indonesia","pISSN: 0853-1773 • eISSN: 2252-8083","ISI/Web of Science","Q4","0.17","13/05/2024","Predictor of recurrent exacerbations in pediatric asthma","Ly Cong Tran1  , Hung Viet Phan1  , Thu Vo-Pham-Minh2  , Nghia Quang Bui1  , Chuong Nguyen-Dinh-Nguyen1  , Nguyen Thi  Nguyen Thao1  , Ai Uyen Nguyen Huynh1  , Nhu Thi Huynh Tran1  , Phuong Minh Nguyen1","Ly Cong Tran1  , Hung Viet Phan1  , Thu Vo-Pham-Minh2  , Nghia Quang Bui1  , Chuong Nguyen-Dinh-Nguyen1  , Nguyen Thi  Nguyen Thao1  , Ai Uyen Nguyen Huynh1  , Nhu Thi Huynh Tran1  , Phuong Minh Nguyen1","NGUYEN MINH PHUONG","Ly Cong Tran1  , Hung Viet Phan1  , Thu Vo-Pham-Minh2  , Nghia Quang Bui1  , Chuong Nguyen-Dinh-Nguyen1  , Nguyen Thi  Nguyen Thao1  , Ai Uyen Nguyen Huynh1  , Nhu Thi Huynh Tran1  , Phuong Minh Nguyen1","9","9","2024;33(1)","https://doi.org/10.13181/mji.oa.247309","https://drive.google.com/open?id=10F7G6KdQD_ge57UqGJwZVOchfEq2-fip","","TRAN CONG LY","","","","","",""
"13/12/2024 6:35:08","nvhien@ctump.edu.vn","nguyễn văn Hiên","0989610511","Nigerian Postgraduate Medical Journal","11171936, 24686875","ISI/Web of Science","Q3","IF = 0.8,","03/06/2024","Combination of Anterior and Posterior Vaginal Mesh Implants and Delorme Procedure in a 94-year-old female with Pelvic Organ Prolapse","Nguyen, Hien Van; Ngo, Dung Thi; Lieu, Dat Vinh; Tran, Tuan Thanh,","Ngô Thị Dung, Liêu Vĩnh Đạt","ngô thị Dung","","4","3","Volume 31 | Issue 2","10.4103/npmj.npmj_32_24","https://drive.google.com/open?id=1FOD7Y6pWiiRbiqTDW0NEThvJSE5fRZYl","https://drive.google.com/open?id=1yvGt0v1Xpu53GOP_-UYWw0LJkOCqD84J","Nguyễn Văn Hiên","","","","","",""
"14/12/2024 16:37:47","nthphuc@ctump.edu.vn","Nguyễn Trọng Hồng Phúc","0939389209","TNU Journal of Science and Technology","1859-2171","Khác","Khác","0","24/05/2024","TREATMENT OF MALACHITE GREEN IN AQUEOUS SOLUTION USING CHITOSAN/PECTIN/SiO2 COMPOSITE","Tran Nguyen Phuong Lan, Nguyen Le Hue Tran, Ly Kim Phung, Le Duc Duy, Nguyen Hong Nam, Tran Thi Minh Thu, Nguyen Trong Hong Phuc, Nguyen Minh Nhut","Nguyễn Trọng Hồng Phúc","Trần Nguyễn Phương Lan","","8","1","229(06), 187 - 194","https://doi.org/10.34238/tnu-jst.9979 ","https://drive.google.com/open?id=12PzfF4PGh6o_uQpC74U3qTEzc6oEREbm","https://drive.google.com/open?id=1RX1zam7ASuQqJS1iv8t55SdfHGNPY_Al","Trần Nguyễn Phương Lan","","","","","",""
"14/12/2024 16:51:34","nthphuc@ctump.edu.vn","Nguyễn Trọng Hồng Phúc","0939389209","Journal of Toxicology","1687-8205","Scopus","Q3","3.4","18/01/2024","Acute Toxicity and Antioxidant and Antibacterial Activities of Kyllinga polyphylla Willd. ex Kunth, Cyperaceae Family","Van-Ay Nguyen, Thi-Hang Phung, Thi-Diem-Trang Kieu ,Trong-Hong-Phuc Nguyen","Nguyễn Trọng Hồng Phúc","Nguyễn Trọng Hồng Phúc","","4","1","2024, 1-13","https://doi.org/10.1155/2024/3543828","https://drive.google.com/open?id=14hCfcRccVbn89KyLYOiAeWGUW8wDqm3F","https://drive.google.com/open?id=1Ppgw_bpMaAbbHTc1xq4iJE8vp5nmdEVa","Nguyen Van Ay","","","","","",""
"14/12/2024 17:16:40","ttthu@ctump.edu.vn","Trần Thị Thư","0902692829","International Journal of Pharmacy Practice","0961-7671","Scopus, Khác","Khác","1,5","06/12/2024","Cost-related medication nonadherence in the Mekong Delta, Vietnam","Van De Tran, Minh Cuong Nguyen, Thi Hai Yen Nguyen, Thi Thu Tran, Rebecca Susan Dewey ","Van De Tran, Thi Hai Yen Nguyen, Thi Thu Tran",".","","5","3","Volume 32, Issue 6, December 2024","DOI: 10.1093/ijpp/riae065","https://drive.google.com/open?id=1Kubw41cgXPNfnZzH5lcNP5NbBhJwfwpC","","Van De Tran","","","","","",""
"14/12/2024 20:43:42","pmchien@ctump.edu.vn","Phạm Minh Chiến","0939892278","International Journal of Surgery Case Reports","2210-2612","Scopus","Q3","0.6","11/12/2024","Basal cell carcinoma of the nose tip: A case report of precision surgery and local flap reconstruction","Lam Van Nguyen, Giau Huu Nguyen, Minh-Phuong Tri Ngo, Minh-Chien Pham, Hau Thi Vo, Chon Thanh Nguyen","Nguyễn Văn Lâm, Nguyễn Hữu Giàu, Ngô Trí Minh Phương, Phạm Minh Chiến, Võ Thị Hậu","Nguyễn Hữu Giàu","","6","5","Volume 126, 2025, 110737","https://doi.org/10.1016/j.ijscr.2024.110737","https://drive.google.com/open?id=1h5UEOk1M8DgfFGd8WGjDqwIGSpMU5xMD","","Nguyễn Văn Lâm","","","","","",""
"14/12/2024 21:37:56","lktha@ctump.edu.vn","Lê Kim Tha","0977102628","Journal of Medical and Health Studies (JMHS)","2710-1452","Khác","Khác","Không tính IF","10/12/2024","Factors Associated With Nurse’s Professional Quality Of Life","Nguyen Viet Phuong, Nguyen Van Tuan, Le Kim Tha, Le Hoang Hanh, Dang Van Thach, Trinh Xuan Quang, Do Thi Nhu Mai, Tran Tue Nhi, Le Thi Cam Tu, Edreck D. Estioko","Nguyễn Việt Phương, Nguyễn Văn Tuấn, Lê Kim Tha","Nguyễn Việt Phương","","10","","5 (4), 180-187","10.32996/jmhs","https://drive.google.com/open?id=1SydM4T3vjFkexktZIWBHSbF7GG81z2ly","","Nguyễn Việt Phương","","","","","",""
"16/12/2024 10:55:33","nntphuong@ctump.edu.vn","NGUYEN NGOC TRUC PHUONG","0975749784","Pulmonary Therapy","23641746, 23641754","ISI/Web of Science","Q2","0.7","18/10/2024","Effcacy of High Flow Nasal Cannula in the Treatment of Patients with COVID‐19 with Acute Respiratory Distress Syndrome: Results of Single Centre Study in Vietnam","Sy Duong‐Quy · Duc Huynh‐Truong‐Anh · Tram Tang‐Thi‐Thao · Thu Nguyen‐Ngoc‐Phuong · Phung Hoang‐Phi‐Tuyet · Anh Nguyen‐Tuan · Toi Nguyen‐Van · Thanh Nguyen‐Chi · Thanh Nguyen‐Thi‐Kim · Tien Nguyen‐Quang · Thuy Tran‐Ngoc‐Anh · Nam Nguyen‐Van‐Hoai · Mai Do‐Thi‐Thu · Huong Hoang‐Thi‐Xuan · Thai Nguyen‐Duy · Cong Nguyen‐Hai · Tuan Huynh‐Anh · Quan Vu‐Tran‐Thien · Khue Bui‐Diem · Giang Nguyen‐Mong · Hieu Nguyen‐Lan · Giap Vu‐Van · Phuong Phan‐Thu · Long Nguyen‐Viet · Chuong Nguyen‐Hong · Sy Dinh‐Ngoc · Trong Nguyen‐Duc · Dung Truong‐Viet · Thu Vo‐Pham‐Minh · Bao Le‐Khac · Duc Nguyen‐Hong · Timothy Craig · Vinh Nguyen‐Nhu","VÕ PHẠM MINH THƯ","DƯƠNG SỸ QUÝ","","33","1","Tập 10 , trang 451–468, ( 2024 )","https://doi.org/10.1007/s41030-024-00272-0","https://drive.google.com/open?id=1p-FHx-wgti6omplEA-hJfrNqS-2rlgCr","https://drive.google.com/open?id=1tslXFgIGWMbEePtjtsBxarPzwSsJXyw6","DƯƠNG SỸ QUÝ","","","","","",""
"16/12/2024 11:14:06","nntphuong@ctump.edu.vn","NGUYEN NGOC TRUC PHUONG","0975749784","Malays J Med Sci.","1394195X","ISI/Web of Science","Q3","0.37","27/08/2024","Evaluating Lactate and D-Dimer as Mortality Predictors of Paediatric Multiple Organ Dysfunction Syndrome: A Prospective Study in a Low-Middle Income Country","Phuong Minh Nguye1 , Khai Viet Tra1 , Hung Viet Pha1 , Khai Quang Tra1 , Duc Long Tra1 , Huong Thien Mai1 , Thu Minh Pham Vo2 , Tho Kieu Anh Pha3 , Ly Cong Tra1","NGUYỄN MINH PHƯƠNG,PHAN VIỆT HƯNG, TRẦN QUANG KHẢI, TRẦN ĐỨC LONG,VÕ PHẠM MINH THƯ,PHẠM KIỀU ANH THƠ,TRẦN CÔNG LÝ","TRẦN CÔNG LÝ","NGUYỄN MINH PHƯƠNG,PHAN VIỆT HƯNG, TRẦN QUANG KHẢI, TRẦN ĐỨC LONG","9","7","31(4):126–137"," https://doi.org/10.21315/mjms2024.31.4.10","https://drive.google.com/open?id=1u2NjtIXdyRJbHxsP-SS84dNmZG0aOqDy","","NGUYỄN MINH PHƯƠNG, ","","","","","",""
"16/12/2024 11:50:48","nntphuong@ctump.edu.vn","NGUYEN NGOC TRUC PHUONG","0975749784","Med J Indones.","08531773, 22528083","ISI/Web of Science","Q4","0.17","05/04/2024","Predictor of recurrent exacerbations in pediatric asthma","Ly Cong Tran1  , Hung Viet Phan1  , Thu Vo-Pham-Minh2  , Nghia Quang Bui1  , Chuong Nguyen-Dinh-Nguyen1  , Nguyen Thi  Nguyen Thao1  , Ai Uyen Nguyen Huynh1  , Nhu Thi Huynh Tran1  , Phuong Minh Nguyen1","TRẦN CÔNG LÝ,PHAN VIỆT HƯNG,VÕ PHẠM MINH THƯ,BÙI QUANG NGHĨA,NGUYỄN THỊ THẢO NGUYÊN,NGUYỄN HUỲNH ÁI UYÊN,TRẦN THỊ HUỲNH NHƯ,NGUYỄN MINH PHƯƠNG","NGUYÊN MINH PHƯƠNG","","9","8","33:42–8","https://doi.org/10.13181/mji.oa.247309","https://drive.google.com/open?id=1X8VYjWcLSdwbNT4uR9YrJVwcTUzI7gJQ","","TRẦN CÔNG LÝ","","","","","",""
"16/12/2024 15:22:57","dmlinh@ctump.edu.vn","Dương Mỹ Linh","0918406374","Sri Lanka Journal of Child Health","ISSN","Scopus","Q4","IF: 0,17. ","19/08/2024","Characteristics of asthmatic children with Mycoplasma pneumoniae  infection in Vietnam ","Nghia Quang Bui, Cuong Thi Kim Mai, Nguyet Kim Nguyen, Thang Nguyen, *Linh My Duong","Bùi Quang Nghĩa, Dương Mỹ Linh, Nguyễn Thắng","Dương Mỹ Linh","","5","3","53(1): 15-19"," http:/.doi.org/10.4038/sljch.v53i1.10672 ","https://drive.google.com/open?id=11f_pMXrNF--ICCx_jMh91-S54E1M1vht","https://drive.google.com/open?id=11d3cNBH52KkIZTnvNZFYVKIWZ4LfoNJY","Bùi Quang Nghĩa ","","","","","",""
"16/12/2024 15:31:07","dmlinh@ctump.edu.vn","Dương Mỹ Linh","0918406374","Medical Journal of Indonesia ","ISSN","Scopus","Q3","IF","02/07/2024","Transition of DNA-HPV over time in HPV-infected women: a 7-year cohort study"," Linh My Duong, Dung Ngoc Tran, Tam Thi Pham, Trang Huynh Vo, Hung Do Tran, Tien Thi Thuy Lam, Duc Long Tran,  Quang Nghia Bui","Dương Mỹ Linh, Bùi Quang Nghĩa, Trần Ngọc Dung, Phạm Thị Tâm, Võ Huỳnh Trang, Trần Đỗ Hùng, Lâm Thị Thủy Tiên, Trần Đức Long","Bùi Quang Nghĩa","","8","8","33:98–103","doi.org/10.13181/mji.oa.247340","https://drive.google.com/open?id=1gDjguQ_Q4yOQr1IqdaHus08PcaXpO6U2","","Dương Mỹ Linh","","","","","",""
"16/12/2024 20:38:19","pdlong@ctump.edu.vn","Phún Duy Long","0814000035","Malaysian Journal of Medical Sciences","1394-195X","ISI/Web of Science, Scopus","Q3","1.4","23/04/2024","Neonatal and Infant Neurological Examination: Value and Applicability in Recent Medical Setting in Vietnam","Ly Cong Tran, Long Duy Phun, Nhu Thi Huynh Tran, Phuong Minh Nguyen","Trần Công Lý, Phún Duy Long, Trần Thị Huỳnh Như, Nguyễn Minh Phương","Trần Công Lý","","4","4","31 (2), 222–224","https://doi.org/10.21315/mjms2024.31.2.20","https://drive.google.com/open?id=17qLDMW_EwCOafwN1dWYLb83KwCMX_dTx","","Trần Công Lý","","","","","",""
"17/12/2024 11:34:19","nthtuyen@ctump.edu.vn","NGUYỄN THỊ HỒNG TUYẾN","0987871916","European Review for Medical and Pharmacological Sciences","1128-3602","Scopus","Q2","Q2","13/12/2024","Predictive factors for lack of neurological  improvement in acute stroke patients without large vessel occlusion treated with low-dose thrombolysis and screened with 3T MRI","S.Q. HUYNH, C.C. TRAN, T.T.H. NGUYEN, H.M. LE, B.T. NGUYEN,  T.M. NGO, T.M. LE, D.M. NGUYEN","Lê Minh Hữu","Nguyễn Thị Hồng Tuyến","","8","2","28 (23), 4646-4655","10.26355/eurrev_202412_36975","https://drive.google.com/open?id=15D9Z923ONAUIS9Mo0KxAtseV0AZUWNu0","","Huỳnh Quốc Sĩ","","","","","",""
"17/12/2024 14:50:10","ttbngan@ctump.edu.vn","Trương Thị Bích Ngân","0853020016","Journal of orthodontic science","2278-1897","ISI/Web of Science, Scopus","Q3","1.15","04/09/2023","Platelet‐rich plasma’s (PRP) impacts on accelerated canine movement","Lam N. Le, Thao T. Do1  , Ngan B. T. Truong and Phuong K. V. Le","Lê Nguyên Lâm, Trương Thị Bích Ngân, Đỗ Thị Thảo","Lê Nguyên Lâm","","4","3","12 (1), 12-58","10.4103/jos.jos_1_23","https://drive.google.com/open?id=1qGtonGT5Qmxr70NwR6QXrsITMalvZhDT","","Lê Nguyên Lâm","","","","","",""
"17/12/2024 15:20:26","dtttrang@ctump.edu.vn","Dương Thị Thùy Trang","0919002365","Teaching and Learning in Nursing","1557-2013","Scopus","Q2","Q2","01/04/2024","Unveiling knowledge of anaphylaxis among nursing students","Han TN Nguyen MSN a ,  Loretta Garvey PhD b c ,  Dung T Ngo MSN a ,  Trang TT Duong MSN a ,  Dien T Lu MD a ,  Duy TH Nguyen BSN a ,  Hang TT Le BSN a ,  Chi TK Le BSN a b c d ,  Truc TT Nguyen MSN a ,  Samira Hamadeh MSN d","Nguyễn Thị Ngọc Hân, Ngô Thị Dung, Dương Thị Thùy Trang, Lư Trí Diến, Nguyễn Duy, Lê Thị Thúy Hằng, Lê Thị Kim Chi, Nguyễn Thị Thanh Trúc"," Loretta Garvey","","10","8","19 (2), e276-e282","https://doi.org/10.1016/j.teln.2023.11.010","https://drive.google.com/open?id=1kPOIRxzlHF2R-9JGwtMHF7Bjl2HIlNPt","","Nguyễn Thị Ngọc Hân","","","","","",""
"17/12/2024 16:59:06","lvphuc@ctump.edu.vn","La Vĩnh Phúc","0944076666","HPB","1365-182X","Scopus","Q1","2.9","17/11/2024","Primary closure compared with T-tube drainage following laparoscopic common bile duct exploration among elderly patients with hepatolithiasis and/or choledocholithiasis: a comparative ","Van P. La, Trung H. Le, Manh T. Tran, Minh Q. Tran, Vinh P. La, Anh V. Đoàn","La Vĩnh Phúc, Đoàn Anh Vũ","Lê Trung Hiếu","","6","2","2024 Nov 20:S1365-182X(24)02419-5","https://doi.org/10.1016/j.hpb.2024.11.004","https://drive.google.com/open?id=1dU5jfp9KdwauQq9B8BCRfR403hg5fB7T","","Van P. La","","","","","",""
"17/12/2024 21:44:45","ltbinh@ctump.edu.vn","Lê Thanh Bình","0774958567","	Journal of Surgery"," 2330-0930","ISI/Web of Science, Scopus","Q1","0","05/09/2024","Evaluation of Treatment Results for Male Hypogonadism in Patients with Varicocele and Without Varicocele in Can Tho City","Nguyen Trung Hieu1, Nguyen Trung Kien1, Dam Van Cuong2, Le Thanh Binh1, Tran Quoc Cuong1, Hoang Minh Tu1, Luong Tieu Yen1,","Nguyen Trung Hieu, Nguyen Trung Kien, Le Thanh Binh, Hoang Minh Tu","Nguyen Trung Hieu","","7","4","12(5), 120-128","https://doi.org/10.11648/j.js.20241205.14","https://drive.google.com/open?id=1lTpFRSGad0jMOw6kQfBlegKhkiRR21A_","","Nguyen Trung Hieu","","","","","",""
"18/12/2024 18:21:33","nthieu@ctump.edu.vn","Nguyễn Trung Hiếu","0901002244","Journal of Surgery ","2330-0930","Khác","Khác","0","18/10/2024","Evaluation of Treatment Results for Male Hypogonadism in Patients with Varicocele and Without Varicocele in Can Tho City","Nguyen Trung Hieu, Nguyen Trung Kien, Dam Van Cuong, Le Thanh Binh,  Tran Quoc Cuong, Hoang Minh Tu, Luong Tieu Yen","Nguyễn Trung Hiếu, Nguyễn Trung Kiên, Lê Thanh Bình, Hoàng Minh Tú","Lương Tiểu Yến","","7","4","12 (5), 120-128","https://doi.org/10.11648/j.js.20241205.14","https://drive.google.com/open?id=1dbCcKl6yeVIE3U0_YMuXM71HxFzd8Lvk","","Nguyễn Trung Hiếu","","","","","",""
"19/12/2024 11:18:29","ntklan@ctump.edu.vn","Nguyễn Thị Kiều Lan","0364137926","Discover Social Science and Health","27310469","Scopus","Q2","3","01/10/2024","Academic stress and attitudes toward seeking professional psychological help among Vietnamese students: the mediating role of emotional intelligence","Thanh‐Thao Nguyen‐Thi, Dat Tan Nguyen, Huu Minh Le, Cong Minh Le, Thuy Doan Hua,  Bao‐Nhu Nguyen‐Hoang, Vinh‐Long Tran‐Chi","Nguyễn Thị Thanh Thảo, Nguyễn Tấn Đạt, Lê Minh Hữu","Lê Minh Công","","7","3","46(4)","https://doi.org/10.1007/s44155-024-00110-3","https://drive.google.com/open?id=17pMtiuuioLElek18tc3h4ZIiVFS6Nuem","","Nguyễn Thị Thanh Thảo","","","","","",""
"19/12/2024 20:16:00","cttnguyen@ctump.edu.vn","Cao Thị Tài Nguyên","0937102277","Archives of the Balkan Medical Union","1584-9244","Scopus","Q3","Q3","16/12/2024","Optimized T-ARMS PCR for detecting CYP2C19*2 polymorphism in the Mekong Delta Khmer population","Thi P. A. NGUYEN, Anh N. B. TRAN, Trang P. T. NGUYEN, Nguyen T. T. CAO, Khang T. DO, Khuong T. T. TRAN","Cao Thị Tài Nguyên","Trần Thị Thanh Khương ","","6","1","59(4),343-351","https://doi.org/10.31688/ABMU.2024.59.4.03","https://drive.google.com/open?id=1w-VfnX_DLrE-tABzEoZNwoPsgn-JNMp6","","Thi P. A. NGUYEN","","","","","",""
"20/12/2024 15:53:40","nhgiau@ctump.edu.vn","Nguyễn Hữu Giàu","0973480805","International Journal of Surgery Case Reports","2210-2612","ISI/Web of Science","Q3","0.6","11/12/2024","Basal cell carcinoma of the nose tip: A case report of precision surgery and local flap reconstruction","Lam Van Nguyen,  Giau Huu Nguyen,  Minh-Phuong Tri Ngo,  Minh-Chien Pham,  Hau Thi Vo,  Chon Thanh Nguyen","Nguyễn Văn Lâm, Nguyễn Hữu Giàu, Ngô Trí Minh Phương, Phạm Minh Chiến, Võ Thị Hậu, Nguyễn Thanh Chơn","Nguyễn Hữu Giàu","","6","6","126","https://doi.org/10.1016/j.ijscr.2024.110737","https://drive.google.com/open?id=1LqZRTlS6OBz45OZ0QyaQOKsJ5o6YEDiH","","Nguyễn Văn Lâm","","","","","",""
"20/12/2024 16:49:54","nhdat@ctump.edu.vn","Nguyễn Hữu Đạt","0326309228","World Neurosurgery","0148-396X","Scopus","Q2","3.9","09/11/2024","Structural Allograft versus Polyetheretherketone Cage in Anterior Cervical Discectomy and Fusion: A Meta-Analysis","Tu Thai Bao Nguyen,  Nguyen Anh Duy Tran,  Huu Dat Nguyen,  Khai Duy Lam,  Thanh Tan Nguyen,  Yi-Jie Kuo,  Yu-Pin Chen","Nguyễn Tư Thái Bảo, Trần Nguyễn Anh Duy, Nguyễn Hữu Đạt, Nguyễn Thành Tấn","Yu pin Chen","","7","4","Volume 191, November 2024, e730-e745","https://doi.org/10.1016/j.wneu.2024.09.036","https://drive.google.com/open?id=1miZcP2Z2K94DX7mvrYYRqz3tV4gf7Qxn","","Nguyễn Tư Thái Bảo","","","","","",""
"21/12/2024 13:52:53","dhduy@ctump.edu.vn","Dương Hữu Duy","0908070689","Social Science Research Network","1556-5068","Khác","Khác","0","19/12/2024","The Effectiveness of Rosuvastatin in Controlling Ldl-C and Non-Hdl-C Levels in Hypertensive Patients with or Without Diabetes Mellitus","To Anh Tan Le, An Viet Tran, Son Kim Tran, Chau Minh Tran, Dang Khoa Dang Tran, Duy Huu Duong, Toan Hoang Ngo ","Trần Viết An, Trần Kim Sơn, Ngô Hoàng Toàn, Dương Hữu Duy","Trần Minh Châu","Ngô Hoàng Toàn","7","4","20","http://dx.doi.org/10.2139/ssrn.5054712","https://drive.google.com/open?id=1hrqPAxbdNxGwclkVJdFd19TkGUBzih-L","","Lê Tân Tố Anh","","","","","",""
"22/12/2024 10:26:35","ntliem@ctump.edu.vn","Nguyễn Thanh Liêm","0918801525"," BMC Pediatrics","1471-2431","Scopus","Q2","2.0","19/07/2024","Effect of MDR1 C3435T and CYP2C19  genetic polymorphisms on the outcome  of Helicobacter pylori eradication treatment  in children with gastritis and peptic ulcer,  Vietnam"," Loan Le Thi Thuy, Liem Thanh Nguyen, Hoang Anh Vu, Nghia An Nguyen and Tuan Anh Nguyen","Nguyễn Thanh Liêm, Lê Thị Thúy Loan","Nguyễn An Nghĩa, Nguyễn Anh Tuấn","","5","2","24(1):464","https://doi.org/10.1186/s12887-024-04581-w","https://drive.google.com/open?id=1dIy4qVpWmRIXOStHIcyHvlVAt7CeQogR","","Lê Thị Thúy Loan","","","","","",""
"22/12/2024 16:34:38","nhtoan@ctump.edu.vn","Ngô Hoàng Toàn","0366592309","Endocrine and Metabolic Science","2666-3961","ISI/Web of Science, Scopus","Q3","0","30/06/2024","Treatment outcomes, antibiotic selection, and related factors in the management of diabetic foot infections in Vietnam","Tan To Anh Le a ,  Viet An Tran b ,  Minh Hoang Phan c ,  Minh Chau Tran b ,  Hoang Toan Ngo ","Trần Viết An, Ngô Hoàng Toàn","Ngô Hoàng Toàn","","5","2","Volume 15, 30 June 2024, 100169","https://doi.org/10.1016/j.endmts.2024.100169","https://drive.google.com/open?id=1H-mcM-uWriwthKjgHCwpuURaWZD5nbao","","Lê Tân Tố Anh","","","","","",""
"22/12/2024 16:36:49","nhtoan@ctump.edu.vn","Ngô Hoàng Toàn","0366592309","Endocrine and Metabolic Science","2666-3961","ISI/Web of Science, Scopus","Q3","0","30/09/2024","Depression in type 2 diabetes mellitus: Prevalence, characteristics, associated factors, and treatment outcomes","Hoa Van Tran a b ,  Hiep Ngo Buu Tran b ,  Toan Hoang Ngo c ,  Kien Trung Nguyen","Nguyễn Trung Kiên, Ngô Hoàng Toàn","Nguyễn Trung Kiên","","4","2","Volume 16, 30 September 2024, 100194","https://doi.org/10.1016/j.endmts.2024.100194","https://drive.google.com/open?id=1qMPnT65JBpeIddrJ3wPwnNjaqy2d13eW","","Trần Văn Hòa","","","","","",""
"22/12/2024 16:40:04","nhtoan@ctump.edu.vn","Ngô Hoàng Toàn","0366592309","Journal of Applied Pharmaceutical Science","2231-3354","Scopus","Q2","0","05/06/2024","Treatment efficacy of febuxostat compared with allopurinol in hyperuricemia patients with hypertensive: A randomized, single-blind controlled trial","Son Kim Tran,  Binh Thanh Huynh,  Cuong Tan Vo,  Truyen Van Ngo,  Bao Lam Thai Tran,  Khoa Dang Dang Tran,  Phuong Minh Vo,  Diem Thi Nguyen,  Toan Hoang Ngo,  An Viet Tran","Trần Kim Sơn, Ngô Hoàng Toàn, Trần Viết An, Nguyễn Thị Diễm, Võ Minh Phương, Trần Đặng Đăng Khoa, Ngô Văn Truyền","Ngô Hoàng Toàn","","10","7","14(06):090–096","DOI: 10.7324/JAPS.2024.173593","https://drive.google.com/open?id=1Q7p9MO5_iQiGDWa1TMGZlCXGsKCO9URm","","Trần Kim Sơn","","","","","",""
"22/12/2024 16:42:43","nhtoan@ctump.edu.vn","Ngô Hoàng Toàn","0366592309"," Cardiovascular & Hematological Agents in Medicinal Chemistry","1875-6182","Scopus","Q3","0","24/01/2024","Efficacy of Dyslipidemia Control by Combination Therapy with Rosuvastatin 10 Mg and Ezetimibe 10 Mg Compared with Rosuvastatin 20 Mg Monotherapy in Patients with Chronic Coronary Syndromes: A Randomized, Single-blind Controlled Trial","An Viet Tran, Bao Lam Thai Tran, Nghia Minh Bui, Anh To Tan Le, Diem Thi Nguyen, Son Kim Tran and Toan Hoang Ngo*","Trần Viết An, Trần Kim Sơn, Nguyễn Thị Diễm, Ngô Hoàng Toàn","Ngô Hoàng Toàn","","7","4","Volume 22, Issue 3, 2024","DOI: 10.2174/0118715257274373231211060714","https://drive.google.com/open?id=116XppLZmrHsMuLO8DicjOm111dvQB_at","","Trần Viết An","","","","","",""
"22/12/2024 16:46:05","nhtoan@ctump.edu.vn","Ngô Hoàng Toàn","0366592309","European Review for Medical and Pharmacological Sciences ","1128-3602","Scopus","Q2","0","20/11/2024","Characteristics and predictors of cardiovascular events related to CYP2C19 gene polymorphisms following acute coronary syndrome","A V Tran 1, N T K Nguyen, N T N Pham, B L T Tran, A T Huynh, T H Ngo","Trần Viết An, Ngô Hoàng Toàn, Phạm Thị Ngọc Nga, Huỳnh Tuấn An","Ngô Hoàng Toàn","","6","4","28(19):4347-4354","DOI: 10.26355/eurrev_202410_36829","https://drive.google.com/open?id=186Riu5wsDQ66MbqueTuxgg45JJNYI9oY","","Trần Viết An","","","","","",""
"22/12/2024 16:49:03","nhtoan@ctump.edu.vn","Ngô Hoàng Toàn","0366592309","Clinical and Experimental Obstetrics & Gynecology","2709-0094","ISI/Web of Science, Scopus","Q3","0","29/11/2024","Predictive Value of Microalbuminuria, Systolic Blood Pressure, and Serum Uric Acid Levels for Preeclampsia/Severe Preeclampsia in Gestational Hypertensive Patients","Ha Hong Nguyen1, Le Thi Nguyen2, Phuc Hoang Tran3, Kien Trung Nguyen1, An Viet Tran4, Son Kim Tran4, Chau Minh Tran4, Toan Hoang Ngo","Trần Kim Sơn, Nguyễn Hồng Hà, Trần Viết An, Nguyễn Trung Kiên, Ngô Hoàng Toàn","Ngô Hoàng Toàn","","8","5","51(12)"," DOI: 10.31083/j.ceog5112259","https://drive.google.com/open?id=1s3t3AKE3sSlhhVWN78zPyGXZPv7oW1y_","","Nguyễn Hồng Hà","","","","","",""
"22/12/2024 16:52:15","nhtoan@ctump.edu.vn","Ngô Hoàng Toàn","0366592309","PeerJ","2167-8359","ISI/Web of Science, Scopus","Q2","0","29/11/2024","Losartan and dapagliflozin combination therapy in reducing uric acid level compared to monotherapy in patients with heart failure","Tuong Le Trong Huynh1, Phong Thanh Pham1, Hien Dieu Tran1, Nhan Dinh Tran1, Duong Van Tran1, Bao Lam Thai Tran2, Khoa Dang Dang Tran2, Toan Hoang Ngo​2, Son Kim Tran","Trần Kim Sơn, Trần Đặng Đăng Khoa, Ngô Hoàng Toàn","Ngô Hoàng Toàn","","9","3","12:e18595","DOI: 10.7717/peerj.18595","https://drive.google.com/open?id=1Ac62qT4fR0u5GnNdMznlvvQco10aMmvm","","Huỳnh Lê Trọng Tường","","","","","",""
"23/12/2024 9:43:19","nthien@ctump.edu.vn","Nguyễn Thị Hiền","0944700636","BMC Pediatrics","1471-2431","ISI/Web of Science, Scopus","Q2","2.0","18/12/2024","Caregivers’ perceptions of factors influencing  undernutrition among under five in Ubungo,  Dar es Salaam, Tanzania","Novest Matee, Temesgen Anjulo Ageru, Ezekiel Mangi, Hien Thi Nguyen and Francis Walugembe","Nguyễn Thị Hiền","Francis Walugembe","","5","1","(2024) 24:808   ","https://doi.org/10.1186/s12887-024-05239-3","https://drive.google.com/open?id=1msI7XJxmpDHAAZG6vjsFJZqQQPR_XmIm","https://drive.google.com/open?id=10KfSNj6QZaRD5gnnM-X6BA--DmZGNpWJ"," Novest Matee","","","","","",""
"23/12/2024 10:29:16","nthien@ctump.edu.vn","Nguyễn Thị Hiền","0944700636","Molecular Diversity","1381-1991, 1573-501X","ISI/Web of Science, Scopus","Q1","3.9","09/10/2024","Taiwan Chingguan Yihau may improve post‑COVID‑19 respiratory  complications through PI3K/AKT, HIF‑1, and TNF signaling pathways  revealed by network pharmacology analysis"," Dung Tam Nguyen Huynh, Hien Thi Nguyen, Chien‑Ming Hsieh","Nguyễn Huỳnh Dũng Tâm, Nguyễn Thị Hiền","Chien‑Ming Hsieh","","3","2","Mol Divers (2024)","https://doi.org/10.1007/s11030-024-10993-8","https://drive.google.com/open?id=1SiGd3Vwd3zFUHHipLUZUZ2V_buwDztne","https://drive.google.com/open?id=1isbMdG6in2mKb3CJhZkOPAEr5wsjcviF","Nguyễn Huỳnh Dũng Tâm","","","","","",""
"24/12/2024 7:49:21","ntsil@ctump.edu.vn","Nguyễn Thanh Sil","0822969792","Heliyon","2405-8440","ISI/Web of Science, Scopus","Q1","3.4","25/06/2024","Development of UPLC–MS/MS method for the simultaneous quantification of valproic acid and phenytoin in human plasma and application to study pharmacokinetic interaction in epilepsy patients","Sil Thanh Nguyen, Duy Nguyen Ho, Thi Anh Huynh Huynh, Huyen Thu Thi Nguyen, Ngan Kim Thi Ly, Minh Van Le, Tho Vinh Minh Chau Do","Nguyễn Thanh Sil, Lê Văn Minh, Đỗ Châu Minh Vĩnh Thọ","Đỗ Châu Minh Vĩnh Thọ","","7","3","10 (13), e33630","DOI:10.1016/j.heliyon.2024.e33630","https://drive.google.com/open?id=1Tj1w3RKsOrHYqG9wmyuzgnFEHruImx0q","","Nguyễn Thanh Sil","","","","","",""
"24/12/2024 8:02:15","ntsil@ctump.edu.vn","Nguyễn Thanh Sil","0822969792","Pharmacia","0428-0296","ISI/Web of Science, Scopus","Q2","1.1","02/07/2024","Chemical fingerprint analysis for quality assessment and control of Curcuma longa L. rhizomes from Vietnam using a highperformance liquid chromatography-diode array detector (HPLC-DAD)","Tho Do Chau Minh Vinh, Sil Nguyen Thanh, Ngan Nguyen Thanh, Tham Le Kim, Thi Huynh Huynh Anh, Giang Le Thi Truc, Mai Nguyen Thi Hong","Đỗ Châu Minh Vĩnh Thọ, Nguyễn Thanh Sil","Nguyễn Thanh Sil","","7","2","71, 1-9","DOI 10.3897/pharmacia.71.e124050","https://drive.google.com/open?id=1V1kRUvW9tkATcE3c1DHhlS8mjYOvH1aV","","Đỗ Châu Minh Vĩnh Thọ","","","","","",""
"24/12/2024 8:08:30","ntsil@ctump.edu.vn","Nguyễn Thanh Sil","0822969792","Pharmacia","0428-0296","ISI/Web of Science, Scopus","Q2","1.1","24/06/2024","Development and validation of a rapid, simple, and reliable UPLC-MS/MS method for the quantification of vancomycin in human plasma","Tho Do Chau Minh Vinh, Sil Nguyen Thanh, Tram To Bich, Tien Le Thi Diem, Thi Huynh Huynh Anh, Tuyen Ngoc Do","Đỗ Châu Minh Vĩnh Thọ, Nguyễn Thanh Sil","Nguyễn Thanh Sil","","6","2","71, 1-9","DOI 10.3897/pharmacia.71.e128139","https://drive.google.com/open?id=12UAi7D4B1je3m_a0dBuewmC9ZbGWHtXB","","Đỗ Châu Minh Vĩnh Thọ","","","","","",""
"24/12/2024 10:25:20","dtngan@ctump.edu.vn","Dương Tuyết Ngân","0835045994","Food research","2550-2166","Khác","Khác","không","03/12/2024","HPTLC monitoring of illegal antihypertensive and antihistamine compounds in herbal products from the Vietnam market","Kieu-Anh Thi Nguyen, Hanh-Thuy Tran, Lan-Thi Tran, Van-Thi Nguyen, Ngoc-Lan Thi Dang, Binh-Ngan Vu, and Ngan-Tuyet Duong","Dương Tuyết Ngân","Nguyễn Thị Kiều Anh","","7","1","6(1), 01-10.","https://doi.org/10.33888/jms.2024.611","https://drive.google.com/open?id=1t4RjOo6g28J2iuXtrs5zxfG3XVnG_6Ck","","Nguyễn Thị Kiều Anh","","","","","",""
"24/12/2024 10:29:15","dtngan@ctump.edu.vn","Dương Tuyết Ngân","0835045994","Science and Technology Indonesia","2580-4405","Scopus","Q2","1.43","28/10/2024","Optimization of a Modified QuEChERS Method of Experimental Design for Vitamin B2, B3, B6 and B9 in Powder Formula Milk by HPLC/DAD","Ngoc-Van Nguyen Thi1*, Ngan Tuyet Duong1, Thanh Tuan Pham1, Chau Ngoc Duong2, Cam-Thuy Le Thi2, Kieu Bich Pham3, Kien Trung Nguyen4","Nguyễn Thị Ngọc Vân, Dương Tuyết Ngân, Nguyễn Trung Kiên","Nguyễn Thị Ngọc Vân,","","7","3","9 (4)","https://doi.org/10.26554/sti.2024.9.4.893-903","https://drive.google.com/open?id=17BuiEVZ7uv_oMaUFxH-vhmUHcaAQLbiu","","Nguyễn Thị Ngọc Vân","","","","","",""
"24/12/2024 10:32:08","dtngan@ctump.edu.vn","Dương Tuyết Ngân","0835045994","Journal of Multidisciplinary Sciences","2671-5449","Khác","Khác","không","26/06/2024","Evaluation of the acute and sub-acute toxicity of the standardized extract of Avicennia officinalis L. in mice","Anh-Ngoc Nguyen, Ngan-Tuyet Duong, Khanh-Duy Dang, Nha-Thao Ngoc Nguyen, and Ngoc-Van Thi Nguyen*","Dương Tuyết Ngân, Nguyễn Thị Ngọc Vân, Đặng Duy Khánh, Nguyễn Ngọc Nhã Thảo","Nguyễn Thị Ngọc Vân","","5","4","6(1), 32-39","https://doi.org/10.33888/jms.2024.615","https://drive.google.com/open?id=1NlV6Ru8mge1zrl1VeWWTjgQW5BjsRHmp","","Nguyễn Ngọc Ảnh","","","","","",""
"24/12/2024 10:35:54","dtngan@ctump.edu.vn","Dương Tuyết Ngân","0835045994","Journal of Multidisciplinary Sciences","2671-5449","Khác","Khác","không","30/08/2024","Development of an extraction procedure to control rutin content from Azadirachta indica leaf extract for diabetes treatment","Ngoc-Van Thi Nguyen1*, Chu Xuan Duong1, Nha-Thao Ngoc Nguyen1, Thu-Tram Thi Nguyen2, Trang-Dai Thi Nguyen1, Cam-Tu Thi Le1, Thu Anh Chau1, Ngan Tuyet Duong1, Cam-Thuy Le Thi3","Nguyễn Thị Ngọc Vân, Dương Xuân Chữ, Nguyễn Ngọc Nhã Thảo, Nguyễn Thị Thu Trâm,  Nguyễn Thị Trang Đài, Lê Thị Cẩm Tú,  Dương Tuyết Ngân","Nguyễn Thị Ngọc Vân","","9","7","6(2), 17-24","https://doi.org/10.33888/jms.2024.623","https://drive.google.com/open?id=1Y_iiGnJ6KthN1teXEdw0ZI4EKFpjNCIc","","Nguyễn Thị Ngọc Vân","","","","","",""
"24/12/2024 10:39:03","tcly@ctump.edu.vn","Nguyễn Phước Sang","0919523668"," Bangladesh Journal of Medical Science"," ISSN: 2223-4721, eISSN: 2076-0299 ","ISI/Web of Science, Scopus","Q2","0.8","02/10/2024","Characteristics and Treatment Outcome of Pediatric Diabetic Ketoacidosis in Mekong Delta, Vietnam: A 5-Year Retrospective Study","Phuoc Sang Nguyen, Phuong Minh Nguyen, Hieu Minh Nguyen, Phuc Hoang Le,  Vinh The Nguyen, Duc Long Tran, Khoa Van Le, Thu Thi Kim Le, Ly Cong Tran","Nguyễn Phước Sang, Nguyễn Minh Phương, Trần Đức Long, Lê Văn Khoa, Trần Công Lý","Trần Công Lý","","9","5","23(4): 1112-1119","https://doi.org/10.3329/bjms.v23i4.76525","https://drive.google.com/open?id=1_bBWMqzwXdec-Gd40qcmuACjRfJjVb-s","","Nguyễn Phước Sang","","","","","",""
"24/12/2024 10:42:11","tcly@ctump.edu.vn","Lê Văn Khoa","0983046810"," Bangladesh Journal of Medical Science "," ISSN: 2223-4721, eISSN: 2076-0299 ","ISI/Web of Science, Scopus","Q2","0.8","02/10/2024","Characteristics and Treatment Outcome of Pediatric Diabetic Ketoacidosis in Mekong Delta, Vietnam: A 5-Year Retrospective Study","Phuoc Sang Nguyen, Phuong Minh Nguyen, Hieu Minh Nguyen, Phuc Hoang Le,  Vinh The Nguyen, Duc Long Tran, Khoa Van Le, Thu Thi Kim Le, Ly Cong Tran","Nguyễn Phước Sang, Nguyễn Minh Phương, Trần Đức Long, Lê Văn Khoa, Trần Công Lý","Trần Công Lý","","9","5","23(4):1112-1119","https://doi.org/10.3329/bjms.v23i4.76525 ","https://drive.google.com/open?id=17MxsUT7KyStVrVhLUiso-j38vxCf0bgD","","Nguyễn Phước Sang","","","","","",""
"24/12/2024 13:01:12","thhanh.bv@ctump.edu.vn","Nguyễn Triều Việt","0913708007","The Open Microbiology Journal","ISSN: 1874-2858","Scopus","Q4","chỉ số Impact Factor là 0.505 và CiteScore là 1.8.","24/09/2024","Bacterial Culture Results and Antibiograms in  Chronic Rhinosinusitis Patients in Mekong Delta,  Vietnam","Nguyen Trieu Viet, Nguyen Thanh Hung, Ho Anh Khang, and Nguyen Thi Ngoc Lien","01","Nguyen Trieu Viet","","4",""," The Open Microbiology Journal, 2024, Vol. 18","DOI: 10.2174/0118742858322304240819110420, 2024, 18, e18742858322304","https://drive.google.com/open?id=1AN5U1gaX_5LYZoo4TnGmnsjRd2rhAioP","","Nguyen Trieu Viet","","","","","",""
"24/12/2024 13:13:59","thhanh.bv@ctump.edu.vn","Nguyễn Triều Việt","0913708007","Oral and Maxillofacial Surgery Cases","mã số ISSN là 2214-5419.","Khác","Q4","chỉ số SJR (SCImago Journal Rank) là 0.161","15/12/2024"," Case report: Chopstick penetrating into the left orbit and maxillary  sinus without patient’s perception"," Nguyen Trieu Viet, Do Hoi, Nguyen Thi Kieu Tuyen","Nguyễn Triều Việt, Đỗ Hội","Nguyễn Triều Việt","không","","","N.T. Viet et al.  ","https://doi.org/10.1016/j.omsc.2024.100383","https://drive.google.com/open?id=13AZX9VnT-cDYpCSSmD4VZnAVJsTzxA0n","","Nguyễn Triều Việt","","","","","",""
"24/12/2024 16:47:39","ntsil@ctump.edu.vn","Nguyễn Thanh Sil","0822969792","Tropical Journal of Natural Product Research","2616-0684","ISI/Web of Science, Scopus","Q3","0.82","01/08/2024","Development and Validation of an HPLC/PDA Methodology for Assessing the Quality ofFolium Perilla Frutescens under Diverse Soil Conditions and Growth Stages Based on the Bioactive Compound Rosmarinic Acid","Tieu T.H. Anh, Nguyen T. Sil, Le T.D. Tien, To B. Tram, Nguyen H.T. Uy, Dang T.K. Tuyen, Lu T. Phuc, Do C.M.V. Tho","Nguyễn Thanh Sil, Lữ Thiện Phúc, Đỗ Châu Minh Vĩnh Thọ","Đỗ Châu Minh Vĩnh Thọ","","8","3","8 (7), 2837-2844","https://doi.org/10.26538/tjnpr/v8i7.36","https://drive.google.com/open?id=1DSGBYlM46SONeSdlv6R4KB57oBS9S6K2","","Tiêu Thị Hồng Anh","","","","","",""
"24/12/2024 16:58:55","lhmy@ctump.edu.vn","Lê Hoàng Mỷ","0939710767","Cureus","2168-8184","ISI/Web of Science","Q3","1.2","08/06/2024","Utilizing Predictive Factors as a Screening Tool for Early-Onset Sepsis in Neonates","Nhu Thi Huynh Tran, Ly Cong Tran, Duc Long Tran, Vinh The Nguyen, My Hoang Le, Nhi Thi Kieu Nguyen","Trần Công Lý, Trần Đức Long, Lê Hoàng Mỷ, Nguyễn Thị Kiều Nhi","Nguyễn Thị Kiều Nhi","","6","5","16(8): e66312","10.7759/cureus.66312","https://drive.google.com/open?id=1YjQPh0JksqOdi5Em8aSZktejJDeIMYki","","Trần Thị Huỳnh Như","","","","","",""
"25/12/2024 13:24:01","m142112008@tmu.edu.tw","fdgd","fggncfn","gfsfxbc","gđfzsdg","Kỷ yếu hội nghị có phản biện","Khác","fgx","09/05/2024","gdffdxgf","gdxfgxd","fdxgcnv","gzdfgxfcngbf","zgdxgfcn","","","g","zdxfm","https://drive.google.com/open?id=1yGgAeQkX2e0MhToo6y0bppsJnvCL20gm","","xfgbxbgfcx","","","","","",""
"25/12/2024 13:50:19","lhan@ctump.edu.vn","liêu huyền ân","0834149687","SCOPUS","1433-9277","Scopus","Kỷ yếu hội nghị có phản biện","0","18/10/2024","Investigation of Centrifugally PLA/Chitosan Fibers for Biomedical Applications","Khoi Minh Le, Thong Lam Vu, My-An Tran Le, Tin Anh Tran, Phu Phong Vo, An Huyen Lieu, Thi-Hiep Nguyen, Kenji Kinashi* and Hoan Ngoc Doan*","Lê Minh Khôi, Liêu Huyền Ân","Kenji Kinashi* and Hoan Ngoc Doan*","","9","2","18","Kỷ yếu","https://drive.google.com/open?id=1_oVJTaGYsjo_0b7umjl5YaQYJLait9lF","","Lê Minh Khôi","","","","","",""
"25/12/2024 13:55:02","lhan@ctump.edu.vn","LIÊU HUYỀN ÂN","0834149687","SCOPUS","1433-9277","Scopus","Kỷ yếu hội nghị có phản biện","0","18/12/2024","EFFECT OF FREEZE-THAW CYCLES ON THE ACELLULAR SCAFFOLD FABRICATED FROM TUNA FISH SKIN","Khoi Minh Le, My-An Tran Le, Thong Lam Vu, Thi Thu Tram Nguyen, An Huyen Lieu, Thi- Hiep Nguyen and Hoan Ngoc Doan","LÊ MINH KHÔI, LIÊU HUYỀN ÂN","NGUYỄN THỊ HIỆP, ĐOÀN NGỌC HOAN","","7","2","18","KỶ YẾU","https://drive.google.com/open?id=1urGonFJ0D4_rJfGwIUTS90fyU3mD4nHN","","LÊ MINH KHÔI","","","","","",""
"26/12/2024 16:25:54","hmtu@ctump.edu.vn","Hoàng Minh Tú","0969994242","Journal of Surgery","2330-0930","ISI/Web of Science","Q4",".","18/10/2024","Evaluation of Treatment Results for Male Hypogonadism in Patients with Varicocele and Without Varicocele in Can Tho City","Nguyen Trung-Hieu, Nguyễn Trung-Kien, Dam Van-Cuong, Le Thanh-Binh, Tran Quoc-Cuong, Hoang Minh-Tu, Lượng Tiêu-Yen","Nguyễn Trung Hiếu, Nguyễn Trung Kiên, Lê Thanh Bình, Hoàng Minh Tú","Lương Tiểu Yến","","7","3","12(5), 120-128","https://doi.org/10.11648/j.js.20241205.14","https://drive.google.com/open?id=1md9AvRGvGgYqpYANpH_Ds94yexi1g9Kp","","Lượng Tiêu-Yen","","","","","",""
"27/12/2024 14:28:50","bmchanthuongchinhhinh@ctump.edu.vn","Nguyễn Thành Tấn","0989017503","Sport and Excercise Medicine Switzerland","2673-2327","Khác","Q4","NA","03/04/2024","Predicting four-stranded hamstring graft size using anthropometrics in the Vietnamese population","Nguyen Thanh Tan, Nguyen Huu Dat, Tran Quang Son, Tran Nguyen Anh Duy, Ly Huynh Vinh Hung, Nguyen Tu Thai Bao","Nguyễn Hữu Đạt, Trần Quang Sơn, Trần Nguyễn Anh Duy, Nguyễn Tư Thái Bảo","Nguyễn Tư Thái Bảo","","6","5","72(1), 13-18","https://doi.org/10.34045/SEMS/2024/1","https://drive.google.com/open?id=1tgDi2SZCqifLAVUGljg2mDBOn-8Fnyjn","","Nguyễn Thành Tấn","","","","","",""
"27/12/2024 14:41:17","nhdat@ctump.edu.vn","Nguyễn Thành Tấn","0989017503","Foot and Ankle Surgery","1268-7731","Scopus","Q1","NA","28/06/2024","Is smoking a risk factor for complications following total ankle arthroplasty? A meta-analysis","Yen Thi Thao Le, Duy Nguyen Anh Tran, Bao Tu Thai Nguyen, Tan Thanh Nguyen, Yu-Pin Chen, Yi-Jie Kuo","Lê Thị Thảo Yên, Trần Nguyễn Anh Duy, Nguyễn Thành Tấn, Nguyễn Tư Thái Bảo","Yi-Jie Kuo","","6","4","31(1), 50-57","https://doi.org/10.1016/j.fas.2024.06.009","https://drive.google.com/open?id=1XhdtCMlWTaXHrSb-11Dekk0M5HOuZxUB","","Lê Thị Thảo Yên","","","","","",""
"27/12/2024 14:58:15","nhdat@ctump.edu.vn","Nguyễn Thành Tấn","0989017503","EFORT Open Reviews","2058-5241","Scopus","Q1","NA","01/08/2024","Adverse effect of smoking on surgical site infection following ankle and calcaneal fracture fixation: a meta-analysis","Duy Nguyen Anh Tran, Bao Tu Thai Nguyen, Tan Thanh Nguyen, Yu-Pin Chen, Yi-Jie Kuo","Trần Nguyễn Anh Duy, Nguyễn Tư Thái Bảo, Nguyễn Thành Tấn","Yi-Jie Kuo","","5","3","9(8), 817-826","https://doi.org/10.1530/eor-23-0139","https://drive.google.com/open?id=1xUeKS4HWeGBa2gXoR2SIFZx2g8bWNldF","","Trần Nguyễn Anh Duy","","","","","",""
"27/12/2024 19:25:07","bmchanthuongchinhhinh@ctump.edu.vn","Nguyễn Thành Tấn","0989017503","Geriatric Orthopaedic Surgery & Rehabilitation","2151-4585 / 2151-4593    ","ISI/Web of Science","Q2","1.7","05/10/2024","The Second Hip Fracture is not an Independent Predictor of Poor Outcomes in Elderly Patients– A Case-Control Study","Nguyen Tu Thai-Bao, Nguyễn Thanh-Tan, Shu-Wei Huang, Yi-Jie Kuo, Yu-Pin Chen","Nguyễn Tư Thái Bảo, Nguyễn Thành Tấn","Nguyễn Tư Thái Bảo","","5","2","Volume 15: 1–9","10.1177/21514593241293645","https://drive.google.com/open?id=1sT8FsGh4exS-QwsPiwyr-KfuDgREBccU","","Nguyễn Tư Thái Bảo","","","","","",""
"27/12/2024 19:41:13","bmchanthuongchinhhinh@ctump.edu.vn","Nguyễn Thành Tấn","0989017503","World Neurosurgery","1878-8750 / 1878-8769   ","ISI/Web of Science","Q2","1.9","11/09/2024","Structural Allograft versus Polyetheretherketone Cage in Anterior Cervical Discectomy and Fusion: A Meta-Analysis","Nguyen Tu Thai-Bao, Tran Nguyen Anh-Duy, Nguyen Huu-Dat, Lam Khai-Duy, Nguyen Thanh-Tan, Yi-Jie Kuo, Yu-Pin Chen","Nguyễn Tư Thái Bảo, Trần Nguyễn Anh Duy, Nguyễn Hữu Đạt, Nguyễn Thành Tấn","Nguyễn Tư Thái Bảo","","7","4","191:e730-e745","https://doi.org/10.1016/j.wneu.2024.09.036","https://drive.google.com/open?id=1ir-vxu9pGJi6qYQpo-ztfb6kQL-ywYyb","","Nguyễn Tư Thái Bảo, Trần Nguyễn Anh Duy, Nguyễn Hữu Đạt, Lâm Khải Duy, Nguyễn Thành Tấn","","","","","",""
"28/12/2024 9:42:21","ltnminh@ctump.edu.vn","Lê Thanh Nhật Minh","0861696162","Journal of Surgical Case Reports","20428812","Scopus","Q3","0.4","26/12/2024","Simultaneous triple peptic perforations: a report of an extremely rare case","Van Phu La, Hai Duong Tong, Vinh Phuc La, Nhat Minh Le Thanh, Quan Minh Tran, Cong Phi Dang, Anh Vu Doan","Đoàn Anh Vũ, La Vĩnh Phúc, Lê Thanh Nhật Minh","Đoàn Anh Vũ","","3","3","2025(1), rjae800","https://doi.org/10.1093/jscr/rjae800","https://drive.google.com/open?id=1DO6wH3pOPXEAj8HU-8_jVl32MiU8gyuh","https://drive.google.com/open?id=17aUP3Bt2Pt4WzPUz-mBtR3bbhKNuD3Qu","Van Phu La","","","","","",""
"08/02/2025 19:44:48","nvtuan@ctump.edu.vn","Nguyễn Văn Tuấn","0909828261","Journal of Management World","2994-3191","Scopus","Q4","1.1","06/02/2025","Interdisciplinary Care Management Improve Physical Activities of Daily  Living among Elderly ","Wantonoro, Sigit Harun, Tuan Van Nguyen, Le Thanh Ha","Nguyên Văn Tuấn","Nguyễn Văn Tuấn","","4","1","2025 (2), 572-575"," https://doi.org/10.53935/jomw.v2024i4.1000 ","https://drive.google.com/open?id=1jTSDxZGvQz5KQpPx_LXPDFq2YM0G7SuB","https://drive.google.com/open?id=1gG6n9GMySJv4vwN-vwF563IaO98Wuaea","Wantonoro","","","","","",""
"08/02/2025 19:58:53","nvtuan@ctump.edu.vn","Nguyễn Văn Tuấn","0909828261","Edelweiss Applied Science and Technology","2576-8484","Scopus","Q4","0.5","09/01/2025","Higher anxiety levels negatively correlated with of sleep quality persons  with hemodialysis; A cross-sectional study","Wantonoro, Rosmaida Uli, Tuan Van Nguyen","Nguyễn Văn Tuấn","Nguyễn Văn Tuấn","","3","1","9 (1), 468-473","https://doi.org/10.55214/25768484.v9i1.4159","https://drive.google.com/open?id=13E7o1sux5DluczmL7KT_J8Vc9nzS3GD8","https://drive.google.com/open?id=1l7astlH1sJMZJHntbQK9vKGdY1PKxq0Y","Wantonoro","","","","","",""
"03/03/2025 21:14:11","hvtruong@ctump.edu.vn","Huỳnh Văn Trương","0918125207","Songklanakarin Journal of Science and Technology (SJST)","ISSN: 0125-3395 | e-ISSN: 2408-1779 |","Scopus","Q3","0.45","27/09/2024","In vitro investigations of chemical composition, antibacterial, antioxidant, antidiabetic, and anti-inflammatory activities of Chromolaena odorata flower extracts","Chi Linh Tran1, Kim Thien Duc Chong2, Van Mai Do3*, Van Truong Huynh4, and Thi Ai Lan Nguyen5","Huỳnh Văn Trương","Van Mai Do3","","5","1","46 (6), 522–530, Nov. – Dec. 2024","Songklanakarin J. Sci. Technol. 46 (6), 522-530, 2024","https://drive.google.com/open?id=1vYNUFsnP_7baFPMSUmO5RpjCB9J55GfG","https://drive.google.com/open?id=1HVWj6HtPzrqz2Al-frd9dXb3wwAwH1iQ","Chi Linh Tran1","","","","","",""
"04/03/2025 14:33:10","nvtuan@ctump.edu.vn","Nguyễn Văn Tuấn ","0909828261","Jurnal Kesehatan Masyarakat","2355-3596","Khác","Khác","không","01/01/2025","Changes physical activities of daily living elderly individuals involved in interdisciplinary care","Wantonoro, Hari Akbar Sugiantoro, Tuan Van Nguyen","Nguyễn Văn Tuấn","Wantonoro","","3","1","20 (3), 612-618"," https://doi.org/10.15294/  kemas.v20i3.2679","https://drive.google.com/open?id=1U1GTbKPgG2qXSK2ExGopzP3knXL7_1Gx","","Wantonoro","","","","","",""
"10/03/2025 10:05:11","ptnnga@ctump.edu.vn","Phạm Thị Ngọc Nga","0988988459","Journal of Shenyang Jianzhu University (Natural Science)","1671-2021 ","Scopus","Q3","0","11/10/2024","Knowledge of mother-to-child transmission among  pregnant women in Vinh Long province, Vietnam","Ho T.T.H., Pham T.N.N.*, Ngo H.K.T., Tran H.M., Phung N.H., Tran T.T.T., Le T.S.","Phạm Thị Ngọc Nga, Trần Thái Thanh Tâm","Phạm Thị Ngọc Nga","","","2","1137-1145","JSJU-10-11-2024-10226","https://drive.google.com/open?id=1zHHMebweZtMsWRYvFdoTLtauhyjyhILA","","Hồ Thị Thu Hằng","","","","","",""
"16/03/2025 14:10:32","mnttruc@ctump.edu.vn","Mai Nguyễn Thanh Trúc","0383492521","South Eastern European Journal of Public Health","2197-5248","Scopus","Q4","Q4","05/01/2025","THE EEFECTIVE OF ERAC PROGRAM FOR EARLY RECOVERY AFTER CESAREAN SECTION CAN THO UNIVERSITY OF MEDICINE AND PHARMACY HOSPITAL AND CAN THO CENTRAL GENERAL HOSPITAL","Lam Đức Tam, Quan Kim Phung, Nguyễn Thi To Lan, Mai Nguyễn Thanh Truc","Quan Kim Phụng, Mai Nguyễn Thanh Trúc, Nguyễn Thị Tố Lan","Mai Nguyễn Thanh Trúc","","4","4","XXVI, S1","https://doi.org/10.70135/seejph.vi.5215","https://drive.google.com/open?id=1D6lGX2WUVN714W3ZlB8kIIAWFAl1H1JC","","Lâm Đức Tâm","","","","","",""
"17/03/2025 16:02:49","ndlinh@ctump.edu.vn","Nguyễn Duy Linh","0984169980","Sách Advances in Neurosurgical Procedures - Unveiling New Horizons","Chương sách","Khác","Khác","0","10/03/2025","Glioma Resection in Functional Areas Using Diffusion Tensor Imaging-Based Tractography and Neuro-Navigation","Ha Dai Duong, Linh Duy Nguyen","Linh Duy Nguyen","Linh Duy Nguyen","","2","1","Chương sách","10.5772/intechopen.1008995","https://drive.google.com/open?id=1xpMNV2_VIP4ptMR3m336qR1UI1ZIJ7DF","","Ha Dai Duong","","","","","",""
"19/03/2025 11:52:34","nvphuong@ctump.edu.vn","Nguyễn Việt Phương","0907847502","The Malaysian Journal of Nursing","2462-246X","Scopus","Q4","Không tìm thấy","30/01/2025","A Cross-sectional Study on Associated Factors to Nursing Students' Satisfaction with the Clinical Learning Environment","Nguyen Viet Phuong, Nguyen Van Tuan, Nguyen Thi Thuy Trang, Le Kim Tha, Le Thi Cam Tu, Wantonoro","Nguyễn Việt Phương, Nguyễn Văn Tuấn, Nguyễn Thị Thùy Trang, Lê Kim Tha","Nguyễn Văn Tuấn","","6","4","16(3), 136-147","DOI: https://doi.org/10.31674/mjn.2025.v16i03.014","https://drive.google.com/open?id=1QSccvuM4o11t_AXcKnGIzc9t5weycWET","","Nguyễn Việt Phương","","","","","",""
"19/03/2025 16:13:56","ttbngan@ctump.edu.vn","Trương Thị Bích Ngân","0877314263","Journal of Orthodontic Science","2278-1897, 2278-0203","Scopus","Q3","977","17/02/2025","Evaluation of the pharyngeal airway dimensions measured by cephalometrics and cone beam computed tomography in patients with skeletal class II malocclusions ","Trinh Thi Ngoc Nguyen, Lam Nguyen Le1, Ngan Thi Bich Truong1 , Phung Thi Thanh Nguyen, Cuong Manh Tran, Tranh Thi Huyen Trinh, Loc Truong Tan and Kha Van Nguyen","Trương Thị Bích Ngân, Lê Nguyên Lâm","Nguyễn Thị Ngọc Trinh","","8","2","Đang đợi xuất bản, mới được accept tháng rồi","DOI: 10.4103/jos.jos_124_24 ","https://drive.google.com/open?id=1HSGQbe04gKCic7Uo1qMOCSA0ITmdvL_y","","Nguyễn Thị Ngọc Trinh","","","","","",""
"19/03/2025 19:09:41","ntktuong@ctump.edu.vn","Nguyễn Thị Kim Tường","0986649466","MedPharmRes","2615-9139 (online)","Khác","Khác","Chưa có IF","31/03/2025","Validity and reliability of the Vietnamese version of the readiness for interprofessional learning scale","Khoa Duy Duong, Duong Dai Le, Tuong Thi Kim Nguyen, Chung Huynh, Hoang Thi Mai Nguyen, Linh Thuy Khanh Tran, Bao Khac Le","Nguyễn Thị Kim Tường","Dương Duy Khoa","","7","1","9(1), 74-83","https://doi.org/10.32895/UMP.MPR.9.1.7","https://drive.google.com/open?id=1K2KVYQoDwvlEjSeZNHwIZjPhib2aeZn9","","Dương Duy Khoa","","","","","",""
"20/03/2025 1:02:43","hvtruong@ctump.edu.vn","Huỳnh Văn Trương","0918125207","International Journal of Innovation Scientific Research and Review","ISSN: 2582-6131","ISI/Web of Science","Khác","Khác","18/03/2025","A SURVEY OF rpoB AND katG GENE MUTATIONS OF Mycobacterium tubercolosis ON PATIENTS WITH RIFAMPICIN RESISTANT PULMONARY TUBERCULOSIS IN VINH LONG LUNG HOSPITAL","1 Huynh Gia Bao, 1, * Huynh Van Truong, 1Bui Thao Nhi, 4Lam Quang Nhut, 2Nguyen Vinh Nhi, 3 Nguyen Phuoc Thanh","Huỳnh Gia Bảo, Huỳnh Văn Trương, Bùi Thảo Nhi","Huỳnh Văn Trương","Huỳnh Gia Bảo, Huỳnh Văn Trương","6","3","Vol. 07, Issue, 03, pp.7914-7918, March 2025 ","Available online at http://www.journalijisr.com ","https://drive.google.com/open?id=1k-Je4pWDtX7K8PBwA0kH2eDIg2koHREk","","Huỳnh Gia Bảo ","","","","","",""
"20/03/2025 10:33:32","htmduyen@ctump.edu.vn","Huỳnh Thị Mỹ Duyên","0909183298","Medicinal Plants","09754261, 09756892","ISI/Web of Science, Scopus","Q4","Không theo IF","19/12/2024","Potential anti-inflammatory activities of gel prepared from leaf extract of Bryophyllum pinnatum (Lam.) Oken in Vietnam","Minh-Ngoc T. Le1, Do Hoang Quyen1, Truong Thi Quyen1, Thach Thi Diem Phuong1, Vo Van Qui1, Nguyen Thi Diem Thi1, Nguyen Minh Tuan Anh1, Lam Quang Khai1, Phuoc-Vinh Nguyen2, Gia-Phong Vu3 and Duyen Thi My Huyn","Lê Thị Minh Ngọc, Huỳnh THị Mỹ Duyên","Huỳnh Thị Mỹ Duyên","","11","2","16(4), 706-712","10.5958/0975-6892.2024.00073.5","https://drive.google.com/open?id=1JMUB51A2eRNj9t9DbTzIxLADEW6NWx0G","","Lê Thị Minh Ngọc","","","","","",""
"20/03/2025 10:37:49","htmduyen@ctump.edu.vn","Huỳnh Thị Mỹ Duyên","0909183298","Medicinal Plants","09754261, 09756892","ISI/Web of Science, Scopus","Q4","Không xét IF","17/12/2024","Formulation and characterization of sunscreen from vietnamese herbal extracts","Duyen Thi My Huynh1, Minh-Ngoc Thi Le1, Minh Hau Nguyen1, Chi Cong Bui1, Quan Dinh Tran1, Kim Lan Huynh1, Long Trong Hoang Mai1, Thanh Ngan Nguyen1, Nhan Ho Trung Nguyen1, Kim Tham Le1, Tuong-Phung Kim Nguyen2 and Phuoc-Vinh Nguyen","Huỳnh Thị Mỹ Duyên, Lê Thị Minh Ngọc","Nguyễn Phước Vinh","","12","2","16(4), 671-678","10.5958/0975-6892.2024.00069.5","https://drive.google.com/open?id=1_NWHGyCmLYhmLh016D-DxeN91TPRCyfQ","","Huỳnh Thị Mỹ Duyên","","","","","",""
"21/03/2025 9:36:42","vanphong.rhm@ctump.edu.vn","TRƯƠNG NHỰT KHUÊ","0983998339","Appl.Sci.2025, 15, 2927 MDPI","15, 2927 MDPI","Khác","Khác","không","01/03/2025","Accuracy and Reliability of Digital Dental Models Obtained by Intraoral Scans Compared with Plaster Models","Võ Huyen Bao Tran, Tran Hung Lam, Truong Nhut Khue, Tran Ngoc Quang Phi, Hoang Viet","Trương Nhựt Khuê","tran hung lam","","5","1","15, 2927","111","https://drive.google.com/open?id=15C7IzRifstQaZ_bYeA4bbWWRmURNYJjF","https://drive.google.com/open?id=1IKSqropvUEmq-70wApG5i9ZIE1hiyMVo","Võ Huyen Bao Tran","","","","","",""
"23/03/2025 0:51:24","hvtruong@ctump.edu.vn","Huỳnh Văn Trương","0918125207","International Journal of Innovation Scientific Research and Review","ISSN: 2582-6131","ISI/Web of Science","Khác","không","20/03/2025","STUDY ON SERUM LEVELS OF HBV DNA, HBsAg, AND HBeAg IN PATIENTS WITH CHRONIC HEPATITIS B AND CIRRHOSIS IN CAN THO CENTRAL GENERAL HOSPITAL IN 2024–2025","1 Pham Vu Linh, 2,*Huynh Van Truong, 2Nguyen Van Tuan, 2Huynh Gia Bao, 3Nguyen Thi Dieu Hien, 3 Vo Thai Duong, 3Dang Thi Thao Nghi, 3Võ Thanh Huy","Huỳnh Văn Trương, Nguyễn Văn Tuấn, Huỳnh Gia Bảo ","Huỳnh Văn Trương","Phạm Vũ Linh, Huỳnh Văn Trương","8","3","Vol. 07, Issue, 03, pp.7932-7937, March 2025 ","Available online at http://www.journalijisr.com ","https://drive.google.com/open?id=1URs83DTL2OQCI6ggoi2cCbG_YIQIIO0f",""," Phạm Vũ Linh","","","","","",""
"23/03/2025 7:52:19","lktha@ctump.edu.vn","Lê Kim Tha","0977102628","The Malaysian Journal of Nursing","2462-246x","Scopus","Q4","Q4","30/01/2025","A Cross-sectional Study on Associated Factors to Nursing Students' Satisfaction with the Clinical Learning Environment","Nguyen Viet Phuong, Nguyen Van Tuan, Nguyen Thi Thuy Trang, Le Kim Tha, Le Thi Cam Tu, Wantonoro","Nguyễn Việt Phương, Nguyễn Văn Tuấn, Nguyễn Thị Thùy Trang, Lê Kim Tha","Nguyễn Văn Tuấn","","6","4","16 (3), 136-147","doi:10.31674/mjn.2025.v16i03.014","https://drive.google.com/open?id=1fjIQw8KA3W_38tfypOD133zTDTkJNCy9","","Nguyễn Việt Phương","","","","","",""
"23/03/2025 16:56:35","nnuyen@ctump.edu.vn","Ngô Ngọc Uyên","0339300369","Applied Physics A","1432-0630","ISI/Web of Science","Q2","2.5","21/03/2025","Graphene quantum dot-decorated TiO2 nanowires/nanotubes: enhanced photocatalysis for methylene blue and pesticide degradation","Ngô Ngọc Uyên, Lý Anh Tú, Lê Hữu Phước","Ngô Ngọc Uyên, Lê Hữu Phước","Lê Hữu Phước","không","","","Volume 131, article number 302, (2025)","https://doi.org/10.1007/s00339-025-08418-w","https://drive.google.com/open?id=18AhyFZsvqW1AgcwcAfZwaRWO3OmoVqQg","https://drive.google.com/open?id=1SxdxHfZji1oh_If3qwi2l9HAQIxT40v0","Ngô Ngọc Uyên","","","","","",""
"23/03/2025 21:11:46","dtngan@ctump.edu.vn","Trần Thị Thư","0902904587","RSC Advances","2046-2069","Scopus","Q1","3.9","20/09/2024","Antibacterial efficacy of low-dosage silver nanoparticle–sodium alginate–chitosan nanocomposite films against pure and clinical acne strains   ","Bao Lam Thai Tran, Thanh Van Vo, Teng-Ping Chu, Duong Thai Bach, Thai Quang Nguyen, Phuong Hong Bao Luu, Vy Thi Thuy Tran, Hieu Hoang Duong, Nhi Hoang Nguyen, Gai Thi Le, Thu Thi Trang, Khanh Nguyen Tuong Tran,  Le Thi Cam Tuyen, Truong Ngoc Dinh, Ngo Ngoc Uyen, Tran Thi Thu, Nguyen  Ngoc-Van Thi,  Nguyen Kien Trung, Nguyen Le Thi Nhu Tran, Phuoc Huu Le ","Lê Thị Gái, Trần Thị Thư, Ngô Ngọc Uyên, Nguyễn Thị Thu Trâm, Nguyễn Thị Ngọc Vân, Nguyễn Trung Kiên, Trần Thị Như Lê, Lê Hữu Phước","Trần Thị Như Lê","","20","","14, 33267–33280","DOI	https://doi.org/10.1039/D4RA05180G","https://drive.google.com/open?id=1qbGTkzU1_AqeoCQQTE4sl-hgLvCI3zvw","","Trần Lâm Thái Bảo","","","","","",""
"24/03/2025 11:02:28","tvhoang@ctump.edu.vn","Trần Việt Hoàng","0975745738","Gastrointestinal Disordẻ","2624-5647","ISI/Web of Science, Scopus","Q3","0.9","20/02/2025","Pre- and Postoperative Risk Factors for Hirschsprung-Associated Enterocolitis in Vietnamese Children","Hoang Tran Viet 1,2 , Tuan Huynh Minh 2, Nhan Vu Truong 3 , Anh Huynh Thi Phuong , Bich-Uyen Nguyen 2 , Hao Chung The 5 , Cong Phi Dang 6,* and Linh Truong Nguyen Uy","Trần Việt Hoàng","Đặng Phi Công","1","6","1","7(17)","https://doi.org/10.3390/gidisord7010017","https://drive.google.com/open?id=1ZavyCDInV6XvJzngMEl_lPDY5aieBN2N","","Trần Việt Hoàng","","","","","",""
"24/03/2025 14:01:23","ltnminh@ctump.edu.vn","Lê Thanh Nhật Minh","03861696162","Journal of Surgical Case Reports","2042-8812","Scopus","Q3","0.4","26/12/2024","Simultaneous triple peptic perforations: a report of an extremely rare case ","Van Phu La, Hai Duong Tong, Vinh Phuc La, Nhat Minh Le Thanh, Quan Minh Tran, Cong Phi Dang, Anh Vu Doan","La Vĩnh Phúc, Lê Thanh Nhật Minh, Đoàn Anh Vũ","Đoàn Anh Vũ","","7","3","Volume 2025, Issue 1, rjae800","https://doi.org/10.1093/jscr/rjae800","https://drive.google.com/open?id=1r2jVIW5QfTNJcCY4Y4urEQJ1z1f7vGIq","https://drive.google.com/open?id=1LK6mUKqyBbhZVVfoQWQDpcYYNpMI-e7i","La Văn Phú","","","","","",""
"25/03/2025 0:07:52","davu@ctump.edu.vn","Đoàn Anh Vũ","0986484098","Journal of Surgical Case Reports","2042-8812","Scopus","Q3","0.18","01/01/2025","Simultaneous triple peptic perforations: a report of an extremely rare case","Van Phu La, Hai Duong Tong, Vinh Phuc La, Nhat Minh Le Thanh, Quan Minh Tran, Cong Phi Dang, Anh Vu Doan","Đoàn Anh Vũ, La Vĩnh Phúc, Lê Thanh Nhật Minh","Đoàn Anh Vũ","","7","3","2025 (1),1-3","https://doi.org/10.1093/jscr/rjae800","https://drive.google.com/open?id=1I7Gl4yAiFNpCwiQaXQl7hl_xCN5xP4Qf","","La Văn Phú","","","","","",""
"25/03/2025 10:01:52","pdlong@ctump.edu.vn","Phún Duy Long","0814000035","Russian Open Medical Journal","2304-3415","Scopus","Q3","0","01/12/2024","Transitional nutrition for very low birth weight infants in neonatal intensive care units: Where do we stand now?","Ly Cong Tran, Phuong Minh Nguyen, Nhu Thi Huynh Tran, My Hoang Le, Dinh-Nguyen-Chuong Nguyen, Long Duy Phun","Nguyễn Minh Phương, Trần Thị Huỳnh Như, Lê Hoàng Mỷ, Phún Duy Long","Nguyễn Minh Phương","","6","5","13 (4) "," https://doi.org/10.15275/rusomj.2024.0405","https://drive.google.com/open?id=1FhOo4MkXbxOIPAf-PLNOnaS9L-O2gF48","","Trần Công Lý","","","","","",""
"25/03/2025 13:33:31","nthaiyen@ctump.edu.vn","Nguyễn Thị Hải Yến","0912436323","exploratory research in clinical and social pharmacy","26672766","ISI/Web of Science, Scopus","Q1","1.8","17/09/2024","Behavioral factors associated with medication adherence among hypertensive patients using the theoretical domains framework","Van De Tran, Thi My Loan Vo, Quang Loc Duyen Vo , Minh Trung Nguyen,  Minh Cuong Nguyen, Rebecca Susan Dewey, Thi Hai Yen Nguyen","Trần Văn Đệ, Nguyễn Thị Hải Yến","Nguyễn Thị Hải Yến","","7","2","16 (2024), 2667-2766","16 (2024) 100510","https://drive.google.com/open?id=1Nvg8h1E5kl2sQeKmNrMzoD5RSlwnDpKu","","Trần Văn Đệ","","","","","",""
"25/03/2025 13:44:07","nthaiyen@ctump.edu.vn","Nguyễn Thị Hải Yến","0912436323","Pharmacy Education","14772701, 15602214","ISI/Web of Science, Scopus","Q3","Q3","16/08/2024","Factors influencing career orientation of graduating pharmacy students in Can Tho, Vietnam","Hoang Ngoc Dao1, Dieu Phap Le1, Quang Loc Duyen Vo2, Mohamed Bahlol3, Minh Cuong Nguyen4, Thi Hai Yen Nguyen1, Thi Tuyet Phung Tran1, Rebecca Susan Dewey5, Van De Tran","Nguyễn Thị Hải Yến, Trần Văn Đệ, Trần Thị Tuyết Phụng","Trần Văn Đệ","","3","3","24(1)443-457","https://doi.org/10.46542/pe.2024.241.443457","https://drive.google.com/open?id=1SZ7kp78VSVNrnK5r5VwRtfrtTC3N4QhY","","Trần Bá Kiên","","","","","",""
"25/03/2025 13:48:15","nthaiyen@ctump.edu.vn","Nguyễn Thị Hải Yến","0912436323","Pharmacy Practice","1885642X, 18863655","ISI/Web of Science, Scopus","Q1","Q1","24/08/2024","Knowledge, Attitudes, and Behaviors Regarding Antibiotic Usefor Children Under 5 Years Old Among Mothers in Rural Northern Vietnam","Ba Kien Tran      , Thi Nhan Nguyen      , Quang Loc Duyen Vo      , Thi Hai Yen Nguyen      , Van De Tran      , Duyen Thi My Huynh","Trần Văn Đệ, Nguyễn Thị Hải Yến, Huỳnh Thị Mỹ Duyên","Huỳnh Thị Mỹ Duyên","","6","3"," Vol. 22 No. 3 (2024): Jul-Sep","https://doi.org/10.18549/PharmPract.2024.1.2995","https://drive.google.com/open?id=1j3RFTirTo6QnwC_KlMtZBoj_F-forsBi","","Trần Bá Kiên","","","","","",""
"25/03/2025 14:12:51","nthphuc@ctump.edu.vn","Nguyễn Trọng Hồng Phúc","0939389209","Pakistan Journal of Agricultural Sciences","0552-9034","ISI/Web of Science","Q3","1","26/02/2025","Evaluation of Anatomical Structure, Growth, and Antibacterial Activity of  Toxocarpus villosus Species used as Supplementary Feed for Livestock","Phung Thi Hang, Lam Ngoc Ngan, Nguyen Khoi Nghia, Ho Thanh Tham, Nguyen Trong- Hong Phuc","Nguyễn Trọng Hồng Phúc","Nguyễn Trọng Hồng Phúc","","8","1","62(x),xxx-xxx","DOI:10.21162/PAKJAS/25.243  ","https://drive.google.com/open?id=1XdAWdA15Wp6T4cLyY4JIF97PvYwdbnZn","","Phùng Thị Hằng","","","","","",""
"25/03/2025 14:42:32","vhnghia@ctump.edu.vn","Võ Hoàng Nghĩa","0868705167","Canadian Journal of Kidney Health and Disease","2054-3581","Scopus","Q2","không","01/06/2025","A Predictive Nomogram for Selective Screening of Chronic Kidney Disease: A Population-Based Study","Phạm Văn Bùi, Nguyễn Như Nghĩa, Nguyễn Thế Bảo","Nguyễn Như Nghĩa","Phạm Văn Bùi","","","","Volume 12: 1–10","DOI: 10.1177/20543581241309979","https://drive.google.com/open?id=1yKeRgkOX8boW5U8R3RiEDAkJZffOICbo","","Võ Hoàng Nghĩa","","","","","",""
"25/03/2025 15:09:02","ttbngan@ctump.edu.vn","Trương Nhựt Khuê","0983998339","Applied sciences","2076-3417, 2076-0760","Scopus","Q1","2.5","08/03/2025","Accuracy and Reliability of Digital Dental Models Obtained by Intraoral Scans Compared with Plaster Models","Vo Huyen Bao Tran 1,† , Tran Hung Lam 1,*,† , Truong Nhut Khue 2, Tran Ngoc Quang Phi 3 and Hoang Viet 3","Truong Nhut Khue","Vo Huyen Bao Tran ","","5","1"," 15, 2927","https://doi.org/10.3390/app15062927","https://drive.google.com/open?id=1A9-9CkfFveCcsfRNbUFZ1jHfB9DjWjM-","","Vo Huyen Bao Tran ","","","","","",""
"25/03/2025 17:11:05","nhtin@ctump.edu.vn","Trần Thái Thanh Tâm","0908500526","Transplantology","2673-3943","Scopus","Q3"," ","21/12/2024","Accuracy of Estimated Glomerular Filtration Rate Equations in Potential Vietnamese Living Kidney Donors","Thang Diep, Tam Thai Thanh Tran, Chuan Khac Hoang, Sam Minh Thai","Trần Thái Thanh Tâm","Trần Thái Thanh Tâm","","4","1","5(4), 312-320","Donors. Trahttps://doi.org/10.3390/ transplantology5040031","https://drive.google.com/open?id=1y6_AsLI28llgv_Sv7jMmayDRoy024UzA","","Diệp Thắng","","","","","",""
"25/03/2025 20:55:50","nhtin@ctump.edu.vn","Trần Thái Thanh Tâm","0908500526","International Urology and Nephrology ","1573-2584","Scopus","Q2"," ","24/03/2025","New equation for estimating glomerular filtration rate in Vietnamese  kidney transplant recipients","Bao An Huynh, Nguyen Huy Hoang Ho, Thi Tram Anh Bui, Khac Chuan Hoang, Thai Thanh Tam Tran","Trần Thái Thanh Tâm","Trần Thái Thanh Tâm","","5","1","57(4)","https://doi.org/10.1007/s11255-025-04458-6","https://drive.google.com/open?id=1xGkUDSnegg676CnxbW9lYk9y_nu34AsI","","Huỳnh Bảo An","","","","","",""
"26/03/2025 1:01:11","hdien@ctump.edu.vn","Hồ Điền","0815 22 68 64","Heliyon","2405-8440","Scopus","Q1","3.4","24/05/2024","Low-dose computed tomography scan and biopsy for assessing lung cancer prevalence and related factors in high-risk populations","Duy Hoang Tran, Tho Van Nguyen, Linh Thi My Luong, Hoang Minh Phan, To To To , Thuy Thi Cam Bui, Ngoc Thi Minh Nguyen, Phuong Minh Nguyen, Lan Thi Tuyet Le","Trần Hoàng Duy, Lương Thị Mỹ Linh, Bùi Thị Cẩm Thùy, Nguyễn Thị Minh Ngọc, Nguyễn Minh Phương, To To To","Trần Hoàng Duy","Không","9","6","Heliyon 10 (2024) e31950","https://doi.org/10.1016/j.heliyon.2024.e31950","https://drive.google.com/open?id=1s24oJKLwlBTHAXBlddpoULecvEHZmCvb","https://drive.google.com/open?id=1UxQJY6u0dCdBCot6iCHIU-BWXRHGdr0S, https://drive.google.com/open?id=1JcjNqOuzDcxxT-cqpc4Sa5j1VP68vhVG, https://drive.google.com/open?id=1LL_Zll98OY151J4K_2Y3nADqaWkAnaQ_","Trần Hoàng Duy","","","","","",""
"26/03/2025 5:58:34","ntnhung@ctump.edu.vn","Nguyễn Tuyết Nhung ","0983452090","Cureus","e80926","ISI/Web of Science","Q3","1","20/03/2025","Surgical Approach to Bilateral Impacted and Inverted Mesiodentes in a Nonsyndromic Pediatric Patient: A Case Report and Brief Literature Review","Nhung T. Nguyen 1, Quang V. Dang 1, Vinh Q. Dang 1","Nguyễn Tuyết Nhung ","Nguyễn Tuyết Nhung ","Đặng Vinh Quang","3","1","Cureus 17(3): e80926.","DOI 10.7759/cureus.80926","https://drive.google.com/open?id=1FwWeRNhUQWGA7dnyU7kSoFYo1_rzE2G3","","Nguyễn Tuyết Nhung ","","","","","",""
"26/03/2025 9:16:36","tddkhoa@ctump.edu.vn","Trần Đặng Đăng Khoa","0913617176","Endocrine and Metabolic Science","2666-3961","ISI/Web of Science","Q1","0","16/03/2025","The effectiveness of Rosuvastatin in controlling LDL-C and non HDL-C levels in hypertensive patients with or without diabetes mellitus","To Anh Tan Le, An Viet Tran, Son Kim Tran, Chau Minh Tran, Dang Khoa Dang Tran, Duy Huu Duong, Toan Hoang Ngo","Trần Viết An, Trần Kim Sơn, Trần Đặng Đăng Khoa, Ngô Hoàng Toàn","Ngô Hoàng Toàn","","7","4","18 (2025) 100230, 1-6","https://doi.org/10.1016/j.endmts.2025.100230","https://drive.google.com/open?id=1S0p92xXJnej2jx8ktqtn4JSyOez16h5Y","","Lê Tân Tố Anh","","","","","",""
"26/03/2025 10:03:38","tddkhoa@ctump.edu.vn","Trần Đặng Đăng Khoa","0913617176","Journal of Applied Pharmaceutical Science ","ISSN 2231-3354","Scopus","Q2","0","05/06/2024","Treatment efficacy of febuxostat compared with allopurinol in hyperuricemia patients with hypertensive: A randomized, singleblind controlled trial","Son Kim Tran, Binh Thanh Huynh, Cuong Tan Vo, Truyen Van Ngo, Bao Lam Thai Tran, Khoa Dang Dang Tran, Phuong Minh Vo, Diem Thi Nguyen, Toan Hoang Ngo, An Viet Tran","Trần Kim Sơn, Ngô Văn Truyền, Trần Đặng Đăng Khoa, Võ Minh Phương, Nguyễn Thị Diễm, Ngô Hoàng Toàn, Trần Viết An","Ngô Hoàng Toàn","","10","7","14(06), 090-096","DOI: 10.7324/JAPS.2024.173593","https://drive.google.com/open?id=1li00J-bGC_sLeK8TJfd98dTPwE2NajrG","","Trần Kim Sơn","","","","","",""
"26/03/2025 10:17:11","tddkhoa@ctump.edu.vn","Trần Đặng Đăng Khoa","0913617176","PeerJ","2167-8359","ISI/Web of Science","Q1","0","29/11/2024","Losartan and dapagliflozin combination therapy in reducing uric acid level compared to monotherapy in patients with heart failure","Tuong Le Trong Huynh, Phong Thanh Pham, Hien Dieu Tran, Nhan Dinh Tran, Duong Van Tran, Bao Lam Thai Tran, Khoa Dang Dang Tran, Toan Hoang Ngo, Son Kim Tran","Trần Đặng Đăng Khoa, Ngô Hoàng Toàn, Trần Kim Sơn","Ngô Hoàng Toàn","","9","3","12:e18595","DOI 10.7717/peerj.18595","https://drive.google.com/open?id=1GUOnmjhNzgWkZ53fm26BIunw7RKKgNqE","","Huỳnh Lê Trọng Tường","","","","","",""
"27/03/2025 15:39:47","bmsinhlybenhmiendich@ctump.edu.vn","Trịnh Thị Hồng Của","0919313756","Acta informatica medica","03538109, 19865988","Scopus","Q3","1.59","25/03/2025","Association between rs243866 polymorphism of the MMP-2 gene and target organ damage in patients with uncontrolled hypertension","Huynh Thi Ngoc Giau, Tran Viet An, Trinh Thi Hong Cua, Bui The Dung","Trần Viết An, Trịnh Thị Hồng Của","Bùi Thế Dũng","","4","2","33(1), 37-39"," https://doi: 10.5455/aim.2024.33.37-39","https://drive.google.com/open?id=1_RfMZfSLZwIqLe7Kj-tWpcnWfGTNViv_","https://drive.google.com/open?id=1Qx76LYpJVhnZHg9EYVXxlZux6VMzo6zQ","Huỳnh Thị Ngọc Giàu","","","","","",""
"28/03/2025 8:58:08","dtngan@ctump.edu.vn","Trần Thị Thư (00694)","0902904587","International Journal of Pharmacy Practice","0961-7671","Scopus","Q3","2.0","06/12/2024","Cost-related medication nonadherence in the Mekong Delta, Vietnam","Van DeTran, Minh Cuong Nguyen, Thi Hai Yen Nguyen, Thi ThuTran, Rebecca Susan Dewey","Trần Văn Đệ, Nguyễn Thị Hải Yến, Trần Thị Thư (","Nguyễn Thị Hải Yến","","5","3","33, 64–72","https://doi.org/10.1093/ijpp/riae065","https://drive.google.com/open?id=1jPR1FB8xfbXqSaNLyVY-NgKacuItCSqV","","Trần Văn Đệ","","","","","",""
"28/03/2025 9:05:14","dtngan@ctump.edu.vn","Trần Thị Thư (00694)","0902904587","Journal of Patient Experience"," 2374-3735","Scopus","Q2","1.6","17/01/2025","Patient Experience Regarding Medication-Related Information Received in a Rural Private Polyclinic Setting in Vietnam","Quang Loc Duyen Vo, Minh Trung Nguyen, Thi Ngoc Yen Dang, Thi Hong Dung Quach, Huynh Kim Ngoc Truong, Rebecca Susan Dewey, Thi Thu Tran, Van De Tran","Nguyễn Minh Trung, Đặng Thị Ngọc Yến, Trần Thị Thư, Trần Văn Đệ","Trần Văn Đệ","","8","4","Volume 12: 1-11","DOI: 10.1177/23743735241310260","https://drive.google.com/open?id=1ONqV8F8__XgJ9AcmK6F_7ZdwzBdIE44m","","Võ Quang Lộc Duyên","","","","","",""
"28/03/2025 23:56:58","nphung@ctump.edu.vn","Nguyễn Phục Hưng","0909754664","BMC Health Services Research","14726963","ISI/Web of Science, Scopus","Q1","3.0","28/03/2025","Analysis of factors affecting the engagement of pharmacists with the organization working in public health facilities: a quantitative study in Vietnam","Huong V.T.M, Hung N.P*, Minh N.T.T, Minh T.N, Duyen L.T.N, Vinh N.P, Chau T.N.N, Anh N.V, Quynh H.T.T and Quoc L.M","Nguyễn Thị Tuyết Minh, Lê Thị Nhân Duyên","Nguyễn Phục Hưng","","10","4","25(464), 1-16","https://doi.org/10.1186/s12913-025-12236-4","https://drive.google.com/open?id=1NRtjGh6hRNT6iqXrtC_6tvUjJ7N_aeb_","","Võ Thị Mỹ Hương","","","","","",""
"29/03/2025 14:20:41","nthung@ctump.edu.vn","Nguyễn Thanh Hùng","0988447509","Educational Process: International Journal (EDUPIJ)"," ISSN: 2147 - 0901","Scopus","Q2","0","07/02/2025","Examining International Student Satisfaction: Insights from a Medical English-Medium Instruction Program in Vietnam","Hung Thanh Nguyen , Lap Quoc Trinh , Tho Doan Vo","Nguyễn Thanh Hùng","Nguyễn Thanh Hùng","","3","1","14 (2025)","10.22521/edupij.2025.14.48","https://drive.google.com/open?id=1bXVKmvHFAxcFo53o1N22331jrBxSfGLV","","Nguyễn Thanh Hùng","","","","","",""
"29/03/2025 23:35:21","dcmvtho@ctump.edu.vn","Đỗ Châu Minh Vĩnh Thọ","0939291699","Jundishapur J Nat Pharm Prod","e: 2228-7876","ISI/Web of Science, Scopus","Q3","1.05","25/02/2025","Investigation of Causal Relationships, Optimization and Quality Assessment of Herbal Sunscreen Formulation","Nguyen Thi Linh Tuyen, Cao Tan Duy, Nguyen Thi Tuong Vy, Le Thi Ngoc Quyen, Do Chau Minh Vinh Tho, Do Quang Duong","Nguyễn Thị Linh Tuyền, Đỗ Châu Minh Vĩnh Thọ","Nguyễn Thị Linh Tuyền","","6","2","20 (1), e159702","https://doi.org/10.5812/jjnpp-159702","https://drive.google.com/open?id=1Y0VdiFLtCsqSWmBTqQOLhOKIvA-2SxyB","","Nguyễn Thị Linh Tuyền","","","","","",""
"30/03/2025 16:24:42","ntnhan@ctump.edu.vn","Nguyễn Thị Ngọc Hân","0988190317","South Eastern European Journal of Public Health","2197-5248","ISI/Web of Science, Scopus","Q4","1.4","25/10/2024","Infection Control Practices among Pediatric Critical Care Nurses","Nguyen Han Thi Ngoc, Duong Trang Thi Thuy, Le Chi Thi Kim, Nguyen Bang Le Nhut, Le Hanh Thi  My, Nguyen Nhi Thi Yen, Vo Anh Thi Hong, Nguyen Tuan Van¸ Wantonoro","Nguyễn Thị Ngọc Hân, Dương Thị Thùy Trang, Lư Trí Diến, Nguyễn Văn Tuấn","Nguyễn Văn Tuấn","","9","4","XXV, 2763-2770","https://www.seejph.com/index.php/seejph/article/view/3191","https://drive.google.com/open?id=1E7ctRpjTw5nFSHCw4Zqj7oe8P85U_3Is","https://drive.google.com/open?id=1jBteZqziazoC5mXy5_DBFbJn65iYP1Jn","Nguyễn Thị Ngọc Hân","","","","","",""
"31/03/2025 9:29:28","clbinh@ctump.edu.vn","Cao Lương Bình","0909995397","Brazilian Journal of Education, Technology and Society (BRAJETS)","SSN 2316-9907","Khác","Q4","Q4","14/03/2025","IMPROVING CRITICAL THINKING ABILITY FOR HIGH SCHOOL ADMINISTRATORS -A CASE STUDY IN THE MEKONG DELTA, VIETNAM","Nguyen Thanh Trang, Nguyen Hai Hoai Nhu, Huỳnh Thị Tuyet Ngoan, Lương Thi Hoai Thanh, Binh Cao Luong","Nguyễn Thanh Trạng, Lương Thị Hoài Thanh, Cao Lương Bình","Cao Lương Bình","","5","3","Br. J. Ed., Tech. Soc., v.18, n.se3, p.107-117, 2025","http://dx.doi.org/10.14571/brajets.v17.nse3.107-117","https://drive.google.com/open?id=1YWzUVq8L6KrOdh5q_ujnGdfWPOsmj3LN","https://drive.google.com/open?id=1ILr-9S2AuwsL_bXAAninQvJ2y0yRmuCK","Nguyễn Thanh Trạng","","","","","",""
"01/04/2025 12:52:23","nhtoan@ctump.edu.vn","Ngô Hoàng Toàn","0366592309","Cardiovascular & Hematological Agents in Medicinal Chemistry","1871-5257","Scopus","Q3","Không tính IF","01/12/2024","Efficacy of Dyslipidemia Control by Combination Therapy with Rosuvastatin 10 Mg and Ezetimibe 10 Mg Compared with Rosuvastatin 20 Mg Monotherapy in Patients with Chronic Coronary Syndromes: A Randomized, Single-blind Controlled Trial","An V. Tran, Bao L. T. Tran, Nghia Minh Bui, Anh To Tan Le, Diem Thi Nguyen, Son Kim Tran and Toan Hoang Ngo","Trần Viết An, Nguyễn Thị Diễm, Trần Kim Sơn, Ngô Hoàng Toàn","Ngô Hoàng Toàn","","7","4","Volume 22, Issue 3, Sep 2024, p. 390 - 398","https://doi.org/10.2174/0118715257274373231211060714","https://drive.google.com/open?id=1bg-UMpmYrniEGNOew6BepsGTUqxvTuv2","","Trần Viết An","","","","","",""
"01/04/2025 12:57:52","nhtoan@ctump.edu.vn","Ngô Hoàng Toàn","0366592309","Endocrine and Metabolic Science","2666-3961","ISI/Web of Science, Scopus","Q3","Không tính IF","18/03/2025","The effectiveness of Rosuvastatin in controlling LDL-C and non-HDL-C levels in hypertensive patients with or without diabetes mellitus","To Anh Tan Le,  An Viet Tran,  Son Kim Tran,  Chau Minh Tran,  Dang Khoa Dang Tran,  Duy Huu Duong,  Toan Hoang Ngo ","Trần Viết An, Trần Đặng Đăng Khoa, Dương Hữu Duy, Trần Kim Sơn, Ngô Hoàng Toàn","Ngô Hoàng Toàn","","7","5","Volume 18, June 2025, 100230","https://doi.org/10.1016/j.endmts.2025.100230","https://drive.google.com/open?id=1dUpC9ha0fMy6MD3J52aToW_NeDtrLRhv","","Lê Tân Tố Anh","","","","","",""
"01/04/2025 13:24:27","nhtoan@ctump.edu.vn","Ngô Hoàng Toàn","0366592309","Journal of the Renin-Angiotensin-Aldosterone System","1470-3203","Scopus","Q2","Không","21/01/2025","The prognostic value of AGTR1 A1166C gene polymorphism in all-cause mortality and heart failure in patients with acute myocardial infarction","An Viet Tran, Anh Phuong Nguyen, Phat Tan Tran, Khue Duy Nguyen, Thuan Tuan Nguyen, Bao Lam Thai Tran, and Cao Thi Tai Nguyen","Trần Viết An, Cao Thị Tài Nguyên","Nguyễn Phương Anh","","7","2","26 (2025)","https://doi.org/10.1177/14703203241312627","https://drive.google.com/open?id=1eSK8IdZMak6kID_OUNafuhYvCcqct_F7","","Trần Viết An","","","","","",""
"01/04/2025 18:56:45","cttnguyen2025@ctump.edu.vn","Cao Thi Tai Nguyen","0905581582","E-learning and digital media","2042-7530","Scopus","Q1","Q1","27/02/2025","Impact of regular online MCQ practice on academic performance of first-year Vietnamese students in Biology-Genetics: A cross-sectional study in MeKong Delta","Cao Thi Tai Nguyen","Cao Thi Tai Nguyen","Cao Thi Tai Nguyen","","1","1","0(0)","https://doi.org/10.1177/204275302513248","https://drive.google.com/open?id=1QCCSvMGc9wH0wO0hqwwrBhlHklQ_tRdh","","Cao Thi Tai Nguyen","","","","","",""
"01/04/2025 19:26:54","cttnguyen2025@ctump.edu.vn","Cao Thị Tài Nguyên","0905581582","Journal of the Renin-Angiotensin-Aldosterone System","1470-3203","Scopus","Q1","10.1177/14703203241312627","21/01/2025","The prognostic value of AGTR1 A1166C gene polymorphism in all-cause mortality and heart failure in patients with acute myocardial infarction","An Viet Tran, Phat Tan Tran, Khue Duy Nguyen, Cao Thi Tai Nguyen Bao Lam Thai Tran Thuan Tuan Nguyen,  ","Trần Viết An, Nguyễn Duy Khuê, Cao Thị Tài Nguyên","Nguyễn Phương Anh","","7","7","2025 (26)","https://doi.org/10.1177/1470320324131262","https://drive.google.com/open?id=14H4FzECYHWhPRpobqDQfWpqAmdPnhdRI","","Trần Viết An","","","","","",""
"02/04/2025 10:23:11","dcmvtho@ctump.edu.vn","Đỗ Châu Minh Vĩnh Thọ","0939291699","Journal of Pharmaceutical and Biomedical Analysis","07317085, 1873264X","ISI/Web of Science, Scopus","Q2","IF 3.1","24/03/2025","Advancing UPLC-MS/MS for mapping the chemical fingerprint of bioactive  compounds in lotus leaves (Folium Nelumbinis)","Sil Thanh Nguyen, Huyen Thu Thi Nguyen, Duyen Cam Thi Nguyen, Phuc Thien Lu,  Thu Huynh Dang , Trinh To Huynh Ma, Thi Anh Huynh Huynh,  Tho Vinh Minh Chau Do","Đỗ Châu Minh Vĩnh Thọ (Corres author); Nguyen Thanh Sil (first author); Lữ Thiện Phúc","Đỗ Châu Minh Vĩnh Thọ (Corres author)","","8","3","261 (2025), 116840","https://doi.org/10.1016/j.jpba.2025.116840","https://drive.google.com/open?id=1O2a55yTv-DiwlnyHjkorcNoquug-REjR","https://drive.google.com/open?id=1gYTmDKaZwuxcfKDMVugNMs8S5befzliT","Nguyen Thanh Sil (first author)","","","","","",""
"02/04/2025 11:01:52","ntsil@ctump.edu.vn","Nguyễn Thanh Sil","0822969792","Journal of Pharmaceutical and Biomedical Analysis","0731-7085","ISI/Web of Science, Scopus","Q1","3.1","25/03/2025","Advancing UPLC-MS/MS for mapping the chemical fingerprint of bioactive compounds in lotus leaves (Folium Nelumbinis)","Sil Thanh Nguyen, Huyen Thu Thi Nguyen, Duyen Cam Thi Nguyen, Phuc Thien Lu, Thu Huynh Dang, Trinh To Huynh Ma, Thi Anh Huynh Huynh, Tho Vinh Minh Chau Do","Nguyễn Thanh Sil, Lữ Thiện Phúc, Đỗ Châu Minh Vĩnh Thọ","Đỗ Châu Minh Vĩnh Thọ","","8","3","261 (2025), 116840","https://doi.org/10.1016/j.jpba.2025.116840","https://drive.google.com/open?id=1n1IfH5TJOJwDsP0_ZoK8wFA-JO7dXdIP","https://drive.google.com/open?id=1uPmn-_7N_Ta4iJUViSdpGGuRpkbu2bI9","Nguyễn Thanh Sil","","","","","",""
"07/05/2025 8:57:34","ntttrang@ctump.edu.vn","NGUYỄN THỊ THÙY TRANG (MSCB: 00483, bảng điểm GV và HC)","0888822216","THE MALAYSIAN JOURNAL OF NURSING","Print ISSN: 2231-7007; Online ISSN: 2462-246X","Scopus","Q4","Q4","30/01/2025","A Cross-sectional Study on Associated Factors to Nursing Students' Satisfaction with the Clinical Learning Environment","Nguyen Viet Phuong, Nguyen Van Tuan, Nguyen Thi Thuy Trang, Le Kim Tha, Le Thi Cam Tu, Wantonoro","Nguyễn Việt Phương, Nguyễn Văn Tuấn, Nguyễn Thị Thùy Trang, Lê Kim Tha, ","Nguyễn Văn Tuấn","","6","4","16 (3) , 136-147","DOI: https://doi.org/10.31674/mjn.2025.v16i03.014","https://drive.google.com/open?id=1-WDoItY0x_2I2FQwhrYM5UPN-p2UUIAr","","Nguyễn Việt Phương","","","","","",""
"19/05/2025 14:19:43","tthongnhung@ctump.edu.vn","Thái Thị Hồng Nhung","0988627222","Osteoporosis and Sarcopenia","2405-5263","Scopus","Khác","IF 2.5","08/03/2025","A predictive nomogram for selective screening of asymptomatic vertebral fractures: The Vietnam Osteoporosis Study","Hoa T. Nguyen a,b,c , Bao T. Nguyen a , An V. Tran a , Tan T. Nguyen a , Long H. Ngo a , Tam Vo b , Thi H. Nhung Thai a , Linh D. Mai c,d , Thach S. Tran c,e , Tuan V. Nguyen e , Lan T. Ho-Pham","Nguyễn Thái Hòa, Trần Viết An, Thái Thị Hồng Nhung, Ngô Hoàng Long","Hồ Phạm Thục Lan","","11","4","Volume 11, Issue 1, March 2025, Pages 9-14","https://doi.org/10.1016/j.afos.2024.12.002","https://drive.google.com/open?id=1bddslVb-TWFbD2jbW_lDDp-LMmviEuTw","https://drive.google.com/open?id=1YUti2D9AuIY9kn8_JpWVN-uX7BWVPDYB","Nguyễn Thái Hòa","","","","","",""
"03/06/2025 14:50:16","nthoa@ctump.edu.vn","Nguyễn Thái Hòa","0908414060","osteoporosis and sarcopenia","2405-5263","Scopus","Khác","IF: 2.5","08/03/2025","A predictive nomogram for selective screening of asymptomatic vertebral fractures: The Vietnam Osteoporosis Study","Hoa T. Nguyen a,b,c , Bao T. Nguyen a , An V. Tran a , Tan T. Nguyen a , Long H. Ngo a , Tam Vo b , Thi H. Nhung Thai a , Linh D. Mai c,d , Thach S. Tran c,e , Tuan V. Nguyen e , Lan T. Ho-Pham","Nguyễn Thái Hòa, Trần Viết An, Thái Thị Hồng Nhung, Ngô Hoàng Long","Hồ Phạm Thục Lan","","11","4","Volume 11, Issue 1, March 2025, Pages 9-14","https://doi.org/10.1016/j.afos.2024.12.002","https://drive.google.com/open?id=1ATzlXLBbZv1iows3VJpiwMI0ttjeH5sF","https://drive.google.com/open?id=1aIC2JU7H5a-PGJ27Zg2ElDQzuhmyYjli","Nguyễn Thái Hòa","","","","","",""
"07/06/2025 11:36:52","lttmy@ctump.edu.vn","Lý Thị Trà My","0977533286","Education Process: International Journal","2147 - 0901 ","Scopus","Q1","Q1","04/12/2025","Strengthening Students’ Well-being via Intervening PERMA-based Lessons in Their English Speaking Learning: A Counterbalanced Design","Tra-My Thi Ly, Huan Buu Nguyen","Không có","Lý Thị Trà My","","2","1"," 15 (2025), 1-17","DOI: 10.22521/edupij.2025.15.144","https://drive.google.com/open?id=1zGo17INFFvbXnPBq8nWEQqW0wBZuXg3g","","Lý Thị Trà My","","","","","",""
"07/06/2025 13:02:59","nthung@ctump.edu.vn","Nguyễn Thanh Hùng","0988447509","International Journal of Learning, Teaching and Educational Research","1694-2116","Scopus","Q2","không","23/04/2025","International Students’ Navigating Challenges in a Vietnamese English-Medium Instruction Program: Self-Determination and Resilience Perspectives","Nguyen Thanh Hung, Trinh Quoc Lap, Vo Doan Tho","Nguyễn Thanh Hùng","Nguyễn Thanh Hùng","","3","1","24(4), 447-478","https://doi.org/10.26803/ijlter.24.4.21","https://drive.google.com/open?id=1c0W4XMJV9T1oHMychaS_6jzwfZ98UPmF","","Nguyễn Thanh Hùng","","","","","",""
"10/06/2025 18:38:23","htan@ctump.edu.vn","Huỳnh Tuấn An","0913319707","The Journal of Medical Internet Research Cardio (JMIR CARDIO)","2561-1011","ISI/Web of Science, Scopus","Q2","2.52","01/05/2025","The rs243865 Polymorphism in Matrix Metalloproteinase-2 and its Association With Target Organ Damage in Patients With Resistant Hypertension: Cross-Sectional Study","An Tuan Huynh ;  Hoang Anh Vu;  Ho Quoc Chuong;  Tien Hoang Anh ;  An Viet Tran","Huỳnh Tuấn An, Trần Viết An","Trần Viết An","","5","2","JMIR Cardio 2025;9:e71016","10.2196/71016","https://drive.google.com/open?id=1Sp_1t9InU--mzWYyaLL6CCzfnQRE39Oz","https://drive.google.com/open?id=1LSg4tcY60YR7OwEDExvav3_ktHV3bllm","Huỳnh Tuấn An","","","","","",""
"10/06/2025 21:15:28","nvtuan@ctump.edu.vn","Nguyễn Văn Tuấn","0909828261","NurseLine Journal","2541-464X","Khác","Khác","Bài báo ISSN ","01/05/2025","Supporting Factors of Maternal-Fetal Attachment In Pregnant Women With Chronic Energy Deficiency In Yogyakarta, Indonesia","Endang Koni Suryaningsih, Septi Marlinton, Kiki Lesdianti, Dyah Suryani,  Wantonoro, Andhita Dyoritta Khoiryasdien, Tuan Van Nguyen","Nguyễn Văn Tuấn","Endang Koni Suryaningsih","","7","1","10 (1), 1-12","https://doi.org/10.19184/nlj.v10i1.53688","https://drive.google.com/open?id=1K5XgTlIu2eq1gb09tpSQ6y2OCoGbzlzD","","Endang Koni Suryaningsih","","","","","",""
"12/06/2025 12:19:33","nhdtam@ctump.edu.vn","Nguyễn Huỳnh Dũng Tâm","0939883672","Journal of Posthumanism","2634-3584","Scopus","Q1","0đ","07/05/2025","Cultural Contexts Meet Clinical Precision: A Systematic Review and Meta-Analysis of Sarcopenia Screening Tools in Global Aging Communities","Hien Thi Nguyen1, Charuai Suwanbamrung2, Apichai Wattanapisit3, Warapone Satheannoppakao4, Thang Nguyen5, Nam Thanh Truong6, Giang Hai Ha7, Dung Tam Nguyen Huynh8, Cua Ngoc Le9","Nguyễn Thị Hiền, Nguyễn Thắng, Trương Thanh Nam, Nguyễn Huỳnh Dũng Tâm","Lê Ngọc Của","","9","4","5 (5), 1735–1769","https://doi.org/10.63332/joph.v5i5.1560","https://drive.google.com/open?id=13sJoV_5rvXkF8xXRKqeEGJfI5MEDGDrg","","Nguyễn Thị Hiền","","","","","",""
"13/06/2025 17:02:46","ntttrang@ctump.edu.vn","Nguyễn Thị Thùy Trang","0888822216","South Eastern European Journal of Public Health","2197-5248","Scopus","Q4","Q4","02/02/2025","Associated Factors Inpatient Satisfaction With Hospital Health Care Education: A Cross-Sectional Study","Nguyen Thi Thuy Trang, Nguyen Van Tuan*, Nguyen Viet Phuong, Quach Tan Dat, Nguyen Hoang Sinh, Nguyen Thi Bich Giang, Ho Van Duc, Wantonoro","Nguyễn Thị Thùy Trang, Nguyễn Văn Tuấn, Nguyễn Việt Phương, Nguyễn Thị Bích Giang, Hồ Văn Đức","Nguyễn Văn Tuấn","","8","3","Volume XXVII 2025, 1458-1467","https://www.seejph.com/index.php/seejph/article/view/6556","https://drive.google.com/open?id=1m853mIZW8n7gx93xlbOkpPxYN21jMFhl","","Nguyễn Thị Thùy Trang","","","","","",""
"17/06/2025 20:17:00","nptai@ctump.edu.vn","Nguyễn Phước Tài","0923251185","Buletin Pusat Teknologi Bahan Galian Nuklir","0854-1418","ISI/Web of Science","Khác","0.1","17/06/2025","Marine Environmental Management in Fujian: Strategies for Sustainable Development","Shijian Hong, Phuoc Tai Nguyen","Nguyễn Phước Tài","Shijian Hong","Nguyễn Phước Tài","2","1","Volume 46, No. 1, May 2025: 1002–1012","https://eksplorium.com/index.php/journal/article/view/114/72","https://drive.google.com/open?id=14XHCa9vXYPaEYgy6jnLTpwB6pIPLAtLE","","Shijian Hong","","","","","",""
"17/06/2025 22:38:14","nptai@ctump.edu.vn","Nguyễn Phước Tài","0923251185","妈祖文化研究（MAZU WENHUA YANJIU）","Kỷ yếu","Kỷ yếu hội nghị có phản biện","Kỷ yếu hội nghị có phản biện","0","01/06/2025","越南胡志明市妈祖庙的起源及其文化价值——以穗城会馆为例（The Origins and Cultural Signifcance of the Mazu Temple in Ho Chi Minh City, Vietnam——A Case Study of Suicheng Huiguan）","Nguyễn Phước Tài, Trần Thị Kim Hoàng","Nguyễn Phước Tài","Nguyễn Phước Tài","","2","1","No.2.2025 Sum No.34, 1-8","Kỷ yếu","https://drive.google.com/open?id=15hY86w37UE5bW1_vd68l8cmTT5Vm1iws, https://drive.google.com/open?id=1_EysN6I5BWUPI1P6SpG_F5c3aIE8_la8, https://drive.google.com/open?id=1fJ2NhWudZJ07mTHnc82RCEixBvarlUe_","","Nguyễn Phước Tài","","","","","",""
"19/06/2025 7:55:56","ndlinh@ctump.edu.vn","Nguyễn Duy Linh","0984169980","Revista Cubana de Medicina Militar"," 1561-3046","ISI/Web of Science, Scopus","Q4","0.14","14/06/2025","Outcomes of treating unstable thoracolumbar fractures without spinal cord injury using percutaneous pedicle screw fixation","Ham Cong Dinh, Ky Vo Pham, Thich Van Dang, Hau Trung Nguyen, Tai Huu Nguyen, Ky Thoai Ha, Phuc Le Thanh Vo, Linh Duy Nguyen","Nguyễn Duy Linh, Nguyễn Hữu Tài, Hà Thoại Kỳ","Nguyễn Duy Linh","","8","3","54(2),e025076199","https://revmedmilitar.sld.cu/index.php/mil/article/view/76199","https://drive.google.com/open?id=1nAPpKsE7WkM_SO7OcP07Atz2TGAQ6XNM","","Đinh Công Hàm","","","","","",""
"19/06/2025 20:01:42","dhthanh@ctump.edu.vn","Dương Hoàng Thành","0363575209","Mater Sociomed","15127680, 1986597X","Scopus","Q2","0.99","25/12/2024"," Health-related Quality of Life Among  Comorbidity Patients With Type 2  Diabetes Mellitus and Hypertension"," Tran Thi Ly, Duong Hoang Thanh, Pham Hong Ha, Nguyen Hong Viet,  Nguyen Phuong Hoa, Tran Hoa","Dương Hoàng Thành","Trần Thị Lý","","","","36(3), 199-205","https://doi.org/10.5455/msm.2024.36.199-205","https://drive.google.com/open?id=1zGUbverybm9S-rKI_QXywOLQfLRdkMJb","","Trần Thị Lý","","","","","",""
"20/06/2025 9:31:18","davu@ctump.edu.vn","Đoàn Anh Vũ","0986484098","Gastrointestinal Disorders","2624-5647","ISI/Web of Science, Scopus","Q3","1.2","23/05/2025","Triple Synchronous Colorectal Cancer: An Extremely Rare Case  Underscoring the Need for Careful Perioperative Evaluation"," Phu Van La, Diep Ngoc Nguyen, Dien Minh Tran, Tu Tuan Duong, Minh Thanh Phuoc Tran, Phuc Vinh La ,  Minh Nhat Thanh Le, Cong Phi Dang, Vu Anh Doan","Đoàn Anh Vũ, La Vĩnh Phúc, Lê Thanh Nhật Minh","Đoàn Anh Vũ","","9","3","2025, 7(2), 36","https://doi.org/10.3390/gidisord7020036","https://drive.google.com/open?id=1HD8YbkVE3_oeQ8hlnaTtZitl4UeoeXpF","","La Văn Phú","","","","","",""
"20/06/2025 21:53:54","nhan@ctump.edu.vn","Nguyễn Hoàng Ẩn","0868927375","Asian Journal of Medical Technology","e-ISSN: 2682-9177","Khác","Khác","Không có","31/05/2025","DIAGNOSTIC VALUES OF SONOGRAPHIC ELASTOGRAPHY PARAMETERS IN BREAST LESIONS","Pham Quach Tran Tran, Nguyen Hoang An, Nguyen Tran Nhu Ngoc, Nguyen Vu Dang","Nguyễn Vũ Đằng, Nguyễn Hoàng Ẩn","Nguyễn Vũ Đằng","Nguyễn Vũ Đằng","4","2","5(1), 55–68.","DOI: https://doi.org/10.32896/ajmedtech.v5n1.55-68","https://drive.google.com/open?id=1frhcXI6Jfw2PxH2PXR08Ps1iUsmiHMo3","","Phạm Quách Trân Trân","","","","","",""
"22/06/2025 20:48:22","dhthanh@ctump.edu.vn","Dương Hoàng Thành","0363575209","Mater Sociomed ","p-ISSN :1512-7680;  e-ISSN :1986-597X","Scopus","Q2","0.99","25/10/2024","Health-related Quality of Life Among  Comorbidity Patients With Type 2  Diabetes Mellitus and Hypertension"," Tran Thi Ly, Duong Hoang Thanh, Pham Hong Ha, Nguyen Hong Viet,  Nguyen Phuong Hoa, T","Dương Hoàng Thành","Trần Thị Lý","","","","36(3), 199-205","https://doi.org/10.5455/msm.2024.36.199-205","https://drive.google.com/open?id=1KcrT6Rq7qK-OAYJHiRdDaX9zBRSmmzw0","","Trần Thị Lý","","","","","",""
"23/06/2025 20:11:58","vvquyen@ctump.edu.vn","Võ Văn Quyền","0918710280","Computational Data and Social Networks (Lecture Notes in Computer Science ((LNCS,volume 15417))","Print ISSN: 0302-9743; Electronic ISSN: 1611-3349","Khác","Khác","0","07/06/2025","Energy Distance-Based EBM for Skin Lesion Classification: A Novel Approach","Quyen Van Vo, Hiep Xuan Huynh","Võ Văn Quyền","Huỳnh Xuân Hiệp","","2","1","61–72","https://doi.org/10.1007/978-981-96-6389-7_6","https://drive.google.com/open?id=10xHdYYorlwJSmNGKPijvbRgDpw9TblFb","","Võ Văn Quyền","","","","","",""
"23/06/2025 19:56:01","vvquyen@ctump.edu.vn","Võ Văn Quyền","0918710280","2025 5th Asia Conference on Information Engineering (ACIE)","Kỷ yếu","Kỷ yếu hội nghị có phản biện","Kỷ yếu hội nghị có phản biện","0","08/04/2025","Skin Lesion Classification with EBMS Based on Energy Correlation Approach","Quyen Van Vo; Ba Van Huynh; An Cong Tran; Hiep Xuan Huynh","Võ Văn Quyền, Huỳnh Văn Bá","Hiep Xuan Huynh","","4","2","93-99","https://doi.org/10.1109/ACIE64499.2025.00022","https://drive.google.com/open?id=1zwzptxDevbTboHS3EnZ3hw2bZFOj98-_","","Võ Văn Quyền","","","","","",""
"24/06/2025 1:36:17","nhtoan@ctump.edu.vn","Ngô Hoàng Toàn","0366592309","Endocrine and Metabolic Science","2666-3961","ISI/Web of Science","Q3","0","18/03/2025","The effectiveness of Rosuvastatin in controlling LDL-C and non-HDL-C levels in hypertensive patients with or without diabetes mellitus","To Anh Tan Le,  An Viet Tran,  Son Kim Tran,  Chau Minh Tran,  Dang Khoa Dang Tran,  Duy Huu Duong,  Toan Hoang Ngo","Trần Viết An, Trần Kim Sơn, Trần Đặng Đăng Khoa, Dương Hữu Duy, Ngô Hoàng Toàn","Ngô Hoàng Toàn","","7","5","Volume 18, June 2025, 100230","https://doi.org/10.1016/j.endmts.2025.100230","https://drive.google.com/open?id=1bW4FSXarbU0eHPJI5Mtp84c4sH4fyGUZ","","Lê Tân Tố Anh","","","","","",""
"24/06/2025 17:33:59","lhlhuong@ctump.edu.vn","Lý Huỳnh Liên Hương","0789420698","Bradleya","0265-086X","ISI/Web of Science, Scopus","Q2","1.6","01/05/2025","OPTIMIZING EXTRACTION CONDITIONS TO ENRICH POLYPHENOL AND FLAVONOID FROM Ehretia asperula LEAF EXTRACT AND EVALUATING ITS IN VIVO HEPATOPROTECTIVE PROPERTIES","Dai Thi Xuan Trang, Tran Chi Linh, Luu Thai Danh, Chau Thanh Tuan, Ly Huynh Lien Huong, Nguyen Trong Tuan","Lý Huỳnh Liên Hương","Nguyễn Trọng Tuân","","6","1","43 (5), 66-92","https://doi.org/10.61586/4UAJl","https://drive.google.com/open?id=13IXkKc-y5iy_8OuppNnmYcmI2D2ZMilN","","Đái Thị Xuân Trang","","","","","",""
"26/06/2025 9:07:40","ttnam@ctump.edu.vn","Trương Thành Nam","0355058304","One Health","2352‑7714","Scopus","Q1","6","10/01/2025","One Health","Doan Hoang Phu, Tuempong Wongtawan, Truong Thanh Nam, Dinh Bao Truong, Naparat Suttidate, Juan Carrique-Mas, Niwat Chansiripornchai, Conny Turni, Patrick J Blackall, Thotsapol Thomrongsuwannakij","Trương Thành Nam","Thotsapol Thomrongsuwannakij","","10","1","20(12):100965"," 10.1016/j.onehlt.2025.100965","https://drive.google.com/open?id=1XyoaAHVCMmdhMzEicrmuXUAEJTrK9xSr","","Doan Hoang Phu","","","","","",""
"26/06/2025 9:13:31","ttnam@ctump.edu.vn","Trương Thành Nam","0355058304","Jornal de Pediatria","1678‑4782","Scopus","Q1","2.4","21/05/2025","Parental predictors of childhood vaccination adherence in border areas of Southern Vietnam: a first look at minority communities","Cua Ngoc Le An Dai Tran, Charuai Suwanbamrung, Muhammad Haroon Stanikzai, Nirachon Chutipattana, Shamarina Shohaimin, Patthanasak Khammaneechan, Le Minh Luan, Tran Phu Dien, Truong Thanh Nam, Phan Thanh Tung","Trương Thành Nam","Lê Ngọc Của","","11","1","S0021-7557(25)00085-3","10.1016/j.jped.2025.04.005","https://drive.google.com/open?id=1hTCWk7FH618bT6y0HodQrGlQZlF8iCu2","","Trần Đại An","","","","","",""
"26/06/2025 9:18:27","ttnam@ctump.edu.vn","Trương Thành Nam","0355058304","Journal of Posthumanism","2634‑3584 ","Scopus","Q1","0.9","21/05/2025","Cultural Contexts Meet Clinical Precision: A Systematic Review and Meta-Analysis of Sarcopenia Screening Tools in Global Aging Communities","Hien Thi Nguyen, Charuai Suwanbamrung, Apichai Wattanapisit, Warapone Satheannoppakao, Thang Nguyen, Nam Thanh Truong, Giang Hai Ha, Dung Tam Nguyen Huynh, Cua Ngoc Le","Nguyễn Thị Hiền, Trương Thành Nam","Lê Ngọc Của","","9","2","5(5): 1735-1769","10.63332/joph.v5i5.1560","https://drive.google.com/open?id=1TrkRcMn-69nes8i5d9kpsWJwUCiSD9CT","","Nguyễn Thị Hiền","","","","","",""
"26/06/2025 9:23:46","ttnam@ctump.edu.vn","Trương Thành Nam","0355058304","Archives of the Balkan Medical Union","1584‑9244 ","Scopus","Q1","0,2","01/06/2025","PREVALENCE OF SARCOPENIA AND ASSOCIATED FACTORS AMONG PATIENTS WITH TYPE 2 DIABETES: A CROSS-SECTIONAL STUDY","Minh Hoang LE Hien Thi NGUYEN, Nam Thanh TRUONG, Phuc Duong PHAN, Huu Minh LE, Dat Tan NGUYEN, Nhi Hoang NGUYEN, Ngoc Chi Lan NGUYEN","Nguyễn Thị Hiền, Trương Thành Nam, Lê Minh Hoàng, Nguyễn Ngọc Chi Lan, Phan Dương Phúc, Nguyễn Tấn Đạt, Lê Minh Hữu","Lê Minh Hoàng","","8","7","60(2)","10.31688/ABMU.2025.60.2.04","https://drive.google.com/open?id=1VMNdkXZk1o_-plIIugnRKXCb-mIrx6Xw","","Nguyễn Thị Hiền","","","","","",""
"26/06/2025 9:50:00","nphung@ctump.edu.vn","Nguyễn Phục Hưng","0909754664","Pharmacia","0428-0296","ISI/Web of Science, Scopus","Q2","1,55","05/06/2025","Correlation analysis of factors influencing customer loyalty in retail pharmacy chains: A cross-sectional study in Vietnam","Vo Thi My Huong , Nguyen Phuc Hung, Nguyen Thi Tuyet Minh, Lam Quang Khai, Tang Nghiep Minh, Luu Thai Quan, Ly Dang Khoa, Mai Thu Suong","Võ Thị Mỹ Hương, Nguyễn Phục Hưng, Nguyễn Thị Tuyết Minh","Nguyễn Phục Hưng","","8","3","72, 1-10","https://doi.org/10.3897/pharmacia.72.e151257","https://drive.google.com/open?id=1N1SBu-qXi9RaJWmJwpA38K98m5QVpl2l","","Võ Thị Mỹ Hương","","","","","",""
"27/06/2025 9:37:10","ntktuong@ctump.edu.vn","Nguyễn Thị Kim Tường","0986649466","MedPharmRes","ISSN: 2615-9139 (online) ISSN: 1859-1779 (print)","Khác","Khác","Tạp chí chưa có IF","31/03/2025","Validity and reliability of the Vietnamese version of the readiness for interprofessional learning scale","Khoa Duy Duong, Duong Dai Le, Tuong Thi Kim Nguyen, Chung Huynh, Hoang Thi Mai Nguyen, Linh Thuy Khanh Tran, Bao Khac Le","Nguyễn Thị Kim Tường","Dương Duy Khoa","","7","1","9(1):74-83","https://doi.org/10.32895/UMP.MPR.9.1.7","https://drive.google.com/open?id=1OVeL67Gc-OGQsU9SIqsS0FXVsTfqP9Tt","","Dương Duy Khoa","","","","","",""
"27/06/2025 10:14:55","ntktuong@ctump.edu.vn","Nguyễn Thị Kim Tường","0986649466","Journal of Interprofessional Care","Online ISSN: 1469-9567   Print ISSN: 1356-1820","ISI/Web of Science, Scopus","Q1","5-Year JIF: 2.9; Quartile: Q1","19/06/2025","How do Vietnamese healthcare students perceive the role of health workers? Changes in students’ stereotypes before and after university-level interprofessional education","Linh Thuy Khanh Tran, Tuong Thi Kim Nguyen, Khoa Duy Duong, Dang Ngoc Tran, Tuan Diep Tran","Nguyễn Thị Kim Tường","Trần Thụy Khánh Linh","","5","1","xx (x), 1-10","https://doi.org/10.1080/13561820.2025.2513605","https://drive.google.com/open?id=1OMlESkQYfZS-BHdg8ismCE_xvp2zpCTD","","Linh Thuy Khanh Tran","","","","","",""
"27/06/2025 13:42:58","ncquang@ctump.edu.vn","Ngô Chí Quang","0789565090","Journal of Nepal Paediatric Society (JNPS)","1990-7982","Scopus","Q4","Q4","27/05/2025","Mycoplasma Pneumoniae Associated Reactive Infectious Mucocutaneous Eruption in a child","Quang Chi Ngo, Hung Do Tran, Trang Thuy Mai, Khanh Cong Nguyen Tran","Trần Đỗ Hùng","Ngô Chí Quang","","4","2","45 (1), 52-54"," https://doi.org/10.60086/jnps1305","https://drive.google.com/open?id=1buo1pxnLzX3O45i3drbWgLSupBkTuzJD","","Ngô Chí Quang","","","","","",""
"27/06/2025 13:50:14","ncquang@ctump.edu.vn","Ngô Chí Quang","0789565090","Archives of the Balkan medical union","2558-815X","Scopus","Q4","Q4","03/06/2025","Diagnostic utility of bacterial pneumonia score in severe bacterial pneumonia with respiratory failure in children"," Chi Quang NGO, Do Hung TRAN, Quang Nghia BUI, Minh Anh Mai TRUONG","Ngô Chí Quang, Trần Đỗ Hùng, Bùi Quang Nghĩa","Ngô Chí Quang","","4","3","60 (2)","https://doi.org/10.31688/ABMU.2025.60.2.02","https://drive.google.com/open?id=1thrIZgXvc8NWSLO3TMJ5XkqMJF-k1H-E","","Ngô Chí Quang","","","","","",""
"28/06/2025 9:10:12","ntlngoc@ctump.edu.vn","Nguyễn Thành Tấn","0989017503","Journal of Orthopaedic Surgery and Research 20, Article number: 320 (2025)","1749-799X","ISI/Web of Science","Q1","0","25/03/2025","The impact of preoperative handgrip strength on postoperative outcomes following transforaminal lumbar interbody fusion","Duy Nguyen Anh Tran, Yu-Pin Chen, Hui-En Lin, Tan Thanh Nguyen, Hoan Le Nguyen & Yi-Jie Kuo","Duy Nguyen Anh Tran, Tan Thanh Nguyen, Hoan Le Nguyen ","Yi-Jie Kuo","Duy Nguyen Anh Tran","6","3"," 320 (2025)","https://doi.org/10.1186/s13018-025-05717-z ","https://drive.google.com/open?id=19WPih0ynITQKb5pcZgwqRYDCi6zEjUA3","","Duy Nguyen Anh Tran","","","","","",""
"28/06/2025 14:07:21","tnanhung@ctump.edu.vn","Trần Nguyễn Ánh Nhung","0976177778","Applied Materials Today","2352-9407","ISI/Web of Science, Scopus","Q1","7.2 ","14/06/2025","Inhibition of Polymerase Chain Reaction by Hydrogel Monomers","Nguyen Anh Nhung Tran , Chansik Oh , Isac Jang , Seung Hyun Shin , Sangmin Lee , Bhargav Krishna Pullagura, Bumsang Kim, Dohyun Kim, Minsub Chung","Trần Nguyễn Ánh Nhung","Minsub Chung","","9","1","45","https://doi.org/10.1016/j.apmt.2025.102821","https://drive.google.com/open?id=17sJDjLrAN4Zysduyh-yC3ImxoADzXjre","https://drive.google.com/open?id=1lFHfVPfh8ZwvFkXJpLzljtZUeUWVRnyz","Trần Nguyễn Ánh Nhung","","","","","",""
"29/06/2025 10:50:18","nnhuyen@ctump.edu.vn","Nguyễn Ngọc Huyền","0917038844","Journal of Applied Pharmaceutical Science ","2231-3354","ISI/Web of Science, Scopus","Q2",".","05/05/2025","Silk fibroin/polymer hybrid nanoparticles as a potential treatment  for hair split-ends","  Duy Toan Pham; Bao Chau Nguyen; Hien Triet Nguyen; Ngoc Yen Nguyen; Ngoc Huyen Nguyen; Waree Tiyaboonchai","Nguyễn Ngọc Huyền","Waree Tiyaboonchai","","6","1","15(06), pp 166-177","DOI: 10.7324/JAPS.2025.218439 ","https://drive.google.com/open?id=1QUlEKth23ZExgRL6wvkGB1Py3P7F3GZ3","https://drive.google.com/open?id=1qZeuRui0_a1RSt3KMwsJ4z6rUqi2Z8jK","Phạm Duy Toàn","","","","","",""
"29/06/2025 15:32:18","tghung@ctump.edu.vn","Trần Gia Hưng ","0916999528","Scientific Reports","2045-2322","ISI/Web of Science, Scopus","Q1","3.8","20/05/2025","Oxyresveratrol enhances hair regeneration in human dermal papilla cell and androgenetic alopecia mouse model","Hung Gia Tran, Aussavashai Shuayprom, Alisa Ruchusatsawat, Kornvalee Meesilpavikkai, Virgil ASH Dalm, Kriangsak Ruchusatsawat, Jongkonnee Wongpiyabovorn","Trần Gia Hưng ","Jongkonnee Wongpiyabovorn","","7","1","15 (1), 1-13","https://doi.org/10.1038/s41598-025-02581-z","https://drive.google.com/open?id=1H6e8pbMVc4iB_GNtAF77RUui3I6CicWS","https://drive.google.com/open?id=1oi0T_LOI4fhl1CnhLn3_qgw9QlsVs7K4","Hung Gia Tran (Trần Gia Hưng)","","","","","",""
"29/06/2025 15:38:45","tghung@ctump.edu.vn","Trần Gia Hưng ","0916999528","Archives of Dermatological Research","0340-3696","ISI/Web of Science, Scopus","Q1","2.1","17/04/2025","Ligilactobacillus salivarius Lac45 inhibits MRSA and suppresses inflammation in human keratinocyte","Punploy Klawkla, Hung Gia Tran, Poorichaya Somparn, Somying Tumwasorn, Tanittha Chatsuwan, Jongkonnee Wongpiyabovorn","Hung Gia Tran (Trần Gia Hưng)","Jongkonnee Wongpiyabovorn","","6","1","317 (1), 1-13","https://doi.org/10.1007/s00403-025-04227-6","https://drive.google.com/open?id=1KbikMHOKkwmlDXz_phU8HmiZde-zWMtS","https://drive.google.com/open?id=1Xwt0IqLjChONCOyf8Tjvl4I4PyfM1-KF","Punploy Klawkla","","","","","",""
"29/06/2025 22:30:45","nhtoan@ctump.edu.vn","Ngô Hoàng Toàn","0366592309","Acta Informatica Medica ","0353-8109","Scopus","Q3","0","25/03/2025","Association Between rs243866 Polymorphism of the MMP-2 Gene and Target Organ Damage in Patients with Uncontrolled Hypertension","Huynh Thi Ngoc Giau, Tran Viet An, Trinh Thi Hong Cua, Bui The Dung","Trần Viết An, Trịnh Thị Hồng Của","Bùi Thế Dũng","","4","2","33(1): 47-49","10.5455/aim.2025.33.47-49","https://drive.google.com/open?id=1hPrEqKfQ8zefY6d5rsz6oRXxygGpGrFX","","Huỳnh Thị Ngọc Giàu","","","","","",""
"29/06/2025 22:37:06","nhtoan@ctump.edu.vn","Ngô Hoàng Toàn","0366592309","Journal of the Renin-AngiotensinAldosterone System","1470-3203","ISI/Web of Science","Q2","Không","21/03/2025","The prognostic value of AGTR1 A1166C gene polymorphism in all-cause mortality and heart failure in patients with acute myocardial infarction","An Viet Tran, Anh Phuong Nguyen , Phat Tan Tran, Khue Duy Nguyen, Thuan Tuan Nguyen, Bao Lam Thai Tran and Cao Thi Tai Nguyen","Trần Viết An, Cao Thị Tài Nguyên","Nguyễn Phương Anh","","7","2","Volume 26: 1–10","10.1177/14703203241312627","https://drive.google.com/open?id=1V3AxCrll36pC50wZMsu-sBO9_8sGMDTI","","Trần Viết An","","","","","",""
"30/06/2025 21:13:30","dbloan@ctump.edu.vn","ĐẶNG BÍCH LOAN","0776568601","Cerebral Circulation - Cognition and Behavior","2666-2450","ISI/Web of Science, Scopus","Q2","2.8","30/06/2025","Burden and Risk Factors of Alzheimer's disease and other dementias in Vietnam from 1990 to 2021 – A Comprehensive Analysis from Global Burden Disease","Quynh Phuong Vo,  Bich Loan Dang,  Bao Minh Ton Luu,  Tri Cuong Phan,  Phuc Nhan Bao Le,  Quy Duc Ngoc Vo Nguyen,  Huong-Dung Thi Nguyen ,  Thien Tan Tri Tai Truyen","Đặng Bích Loan","Truyện Thiện Tấn Trí Tài","","8","1","Journal Pre-print nên chưa có số, online available","https://doi.org/10.1016/j.cccb.2025.100390","https://drive.google.com/open?id=1TE42rj6Yp0hWFKQR13R-_mbP1FLahVBI","https://drive.google.com/open?id=1clBw2Wfi2aYHzbSAzeGL4mr095gUtUcU","Võ Phương Quỳnh","","","","","",""
"06/08/2025 10:27:51","ntsi@ctump.edu.vn","Nguyễn Thanh Sĩ","0396797060","ACS Omega","2470-1343","ISI/Web of Science","Q1","4.3","29/07/2025","Detection of the Sulfamethoxazole Antibiotic by Gold Nanoparticles: Binding Mechanism and SERS Spectra","Tran Ni Kha, Nguyen Thanh Si, Sy Van Vu, Khuong Quoc Vo, Duong Thi Huyen, Minh Tho Nguyen, Pham Vu Nhat","Nguyễn Thanh Sĩ","Nguyễn Minh Thọ, Phạm Vũ Nhật","","7","1","10 (29), 31610–31622","https://doi.org/10.1021/acsomega.5c02322","https://drive.google.com/open?id=1_0mjSKUlAWDnBfxoQ42kx4VZTlU0iE-V","https://drive.google.com/open?id=1Za2_fShOST34canUy0b4LEMUMV-jUkIJ","Trần Ni Kha","","","","","",""
"06/08/2025 20:08:53","ntsi@ctump.edu.vn","Nguyễn Thanh Sĩ","0396797060","Pharmacia"," 0428-0296","ISI/Web of Science","Q2","  ","24/06/2025","﻿Nanoemulsion-based mouthwash with Litsea cubeba essential oil and Piper betle extract for inflammatory dental condition","Ngoc Nha Thao Nguyen, Thi Trang Dai Nguyen, Thanh Si Nguyen, Dang Tuyet Minh Than, Thi Thanh Yen Le, Huu Nhan Nguyen","Nguyễn Ngọc Nhã Thảo, Nguyễn Thị Trang Đài, Nguyễn Thanh Sĩ, Thân Đặng Tuyết Minh, Lê Thị Thanb Yến, Nguyễn Hữu Nhân","Nguyễn Ngọc Nhã Thảo","","6","6","72, 1-17","https://doi.org/10.3897/pharmacia.72.e157959","https://drive.google.com/open?id=1G17SEIgZtwq2xLGRjTBfiOq2u655oya-","","Nguyễn Ngọc Nhã Thảo","","","","","",""
"08/08/2025 8:08:25","nthung@ctump.edu.vn","Nguyễn Thanh Hùng","0988447509","International Journal of Intercultural Relations","0147-1767","Scopus","Q1","Q1","07/08/2025","Becoming otherwise in the region: Affective intercultural learning among Vietnamese Students in Southeast Asian faculty-led mobility programs","Mai Phuc Thinh ,  Nguyen Thanh Hung","Nguyen Thanh Hung","Mai Phuc Thinh","Nguyen Thanh Hung","2","1","108, September 2025, 102265","https://doi.org/10.1016/j.ijintrel.2025.102265","https://drive.google.com/open?id=1aDlf8iiU9CxQKYwRbFpaQBVmzzYTcKKL","","Mai Phuc Thinh","","","","","",""
"08/08/2025 9:43:48","vvau@ctump.edu.vn","VÕ VĂN ÂU (00850)","0939451980","Applied Mathematics Letters","1873-5452","ISI/Web of Science","Q1","2.8","17/07/2025","On a sharp mixed Lebesgue upper bound for solutions to the defocusing nonlinear Schrödinger equation in dimension two","Vo Van Au","Võ Văn Âu","Võ Văn Âu","","1","1","171 (2025), 109686","https://doi.org/10.1016/j.aml.2025.109686","https://drive.google.com/open?id=12JSf0sefINMnYlpRsIOHzu3702a6JLTa","","Võ Văn Âu","","","","","",""
"15/08/2025 7:51:46","ndlinh@ctump.edu.vn","Nguyễn Duy Linh","0984169980","AME Case Reports","2523-1995","ISI/Web of Science","Q3","0.7","30/07/2005","Minimally invasive surgery for bilateral large basal ganglia hemorrhage: a rare case report and insights from literature","Thi Chi Lan Le, Quang Hung Nguyen, Hai Dang Huynh, Thi Ngoc Tuyen Nguyen, Duy Linh Nguyen","Nguyễn Duy Linh","Nguyễn Duy Linh","","5","1","Vol 9, 103-110","10.21037/acr-25-17","https://drive.google.com/open?id=1PZtad6P2Lh0RVTFDwWE_SVZdTiplX0xQ","https://drive.google.com/open?id=1bTpYZe3YW3GEu_-RU1-eWH7F5YEXv42K","Lê Thị Chi Lan","","","","","",""
"24/08/2025 15:10:16","tthongnhung@ctump.edu.vn","Thái Thị Hồng Nhung","0988627222","JMIR CARDIO","25611011","ISI/Web of Science, Scopus","Q2","2.2","07/08/2025","Lipid Profile and Apolipoprotein B Serum Levels in the Vietnamese Population With Newly Diagnosed Elevated Low-Density Lipoprotein Cholesterol and Association With the Single-Nucleotide Variant rs676210: Cross-Sectional Study","Quyen Thuy Nguyen, An Viet Tran 1, Bao The Nguyen 2, Hoa Thai Nguyen , Nhung Thi Hong Thai , Hen Huu Phan ","An Viet Tran, Hoa Thai Nguyen , Nhung Thi Hong Thai","An Viet Tran","","6","3","JMIR Cardio 2025;9:e76850","DOI: 10.2196/76850","https://drive.google.com/open?id=1Mps3UUsQtsUc44kRTS8EVirru3okxDeX","https://drive.google.com/open?id=1DnIZKpmI-QV9e7JGF5T78WjgIW6u7vVv","Quyen Thuy Nguyen","","","","","",""
"24/08/2025 15:17:22","nthoa@ctump.edu.vn","Nguyễn Thái Hòa","0908414060","JMIR CARDIO","25611011","ISI/Web of Science, Scopus","Q2","2.2","07/08/2025","Lipid Profile and Apolipoprotein B Serum Levels in the Vietnamese Population With Newly Diagnosed Elevated Low-Density Lipoprotein Cholesterol and Association With the Single-Nucleotide Variant rs676210: Cross-Sectional Study","Quyen Thuy Nguyen, An Viet Tran 1, Bao The Nguyen 2, Hoa Thai Nguyen , Nhung Thi Hong Thai , Hen Huu Phan ","An Viet Tran, Hoa Thai Nguyen , Nhung Thi Hong Thai","An Viet Tran","","6","3","JMIR Cardio 2025;9:e76850","DOI: 10.2196/76850","https://drive.google.com/open?id=1XnUPMku8Vvr8PaJuyZQIzKyPWuxDF4iz","https://drive.google.com/open?id=1OKMB7bZXJ3moXclWk978Ye39-4Ofpe5f","Quyen Thuy Nguyen","","","","","",""
"27/08/2025 8:56:45","pdlong@ctump.edu.vn","Phún Duy Long","0814000035","Archives of Pediatric Infectious Diseases","2322-1836","ISI/Web of Science, Scopus","Q3","0.4","30/06/2025","Detection of Non-typeable Haemophilus influenzae as a Causative Pathogen of Community-Acquired Pneumonia in Vietnamese Children","Khai Quang Tran, Trung Quoc Ly, Thu Thi Kim Le, Long Duy Phun, Tuyen Nguyen Kim Pham, Quan Minh Pham","Trần Quang Khải, Phún Duy Long, Phạm Nguyễn Kim Tuyền, Phạm Minh Quân","Phạm Minh Quân","","6","4","13 (4), e159918","https://doi.org/10.5812/apid-159918","https://drive.google.com/open?id=11H5Dtmw2QvMmYDw8bqF6eTZdOEgnurI0","","Trần Quang Khải","","","","","",""
"04/09/2025 11:41:44","bmngoai@ctump.edu.vn","Mai Văn Đợi","0913167625","Journal of Surgical Case Reports","Kỷ yếu","Khác","Khác",".","13/07/2024","Duplication cyst in adult cases: a journey from diagnosis to treatment","Phạm Văn Năng, Mai Văn Đợi, Dương Diệp Thiên Phú, Lâm Hoàng Huấn, Huỳnh Vĩnh Lý Hưng, Nguyễn Văn Luân","Phạm Văn Năng, Mai Văn Đợi, Nguyễn Văn Luân","Phạm Văn Năng","","6","3","Volume 2024, Issue 7, July 2024, rjae460","https://doi.org/10.1093/jscr/rjae460","https://drive.google.com/open?id=1cyks5_2KNwEs7KLznCT8XtY2MZNP3XfD","","Phạm Văn Năng","","","","","",""
"04/09/2025 11:48:54","bmngoai@ctump.edu.vn","Mai Văn Đợi","0913167625","Korean J Gastroenterol","Kỷ yếu","Khác","Khác",".","25/04/2025","Ileocecal Tuberculosis was Incidentally Diagnosed after Ingesting a Blister Pill Pack","Nguyễn Lê Gia Kiệt, Phạm Văn Năng, Nguyễn Văn Tuấn, Mai Văn Đợi, Nguyễn Văn Hiên, Lâm Hoàng Huấn, Trần Thành Tuân, Dương Diệp Thiên Phú, Võ Thị Ánh Trinh","Phạm Văn Năng, Nguyễn Văn Tuấn, Mai Văn Đợi, Nguyễn Văn Hiên, Võ Thị Ánh Trinh","Nguyễn Lê Gia Kiệt","","9","5","85(2): 201-206","https://doi.org/10.4166/kjg.2024.121","https://drive.google.com/open?id=1756PYKF3q6MwddD5KJTchbSZZRJSmCtO","","Nguyễn Lê Gia Kiệt","","","","","",""
"06/09/2025 7:30:53","tvhoang@ctump.edu.vn","Trần Việt Hoàng","0975745738","Journal of Surgical Case Reports","2042-8812","Scopus","Q3","0.5","21/08/2025","A case series on the outcomes of laparoscopic pull-through surgery combined with Swenson-like technique and intraoperative frozen section biopsy for Hirschsprung’s disease in children","Nhan T. Vu, Hoang Tran Viet, Hung Van Tran, Nhan H.N. Pham, Linh TNU","Trần Việt Hoàng","Trần Việt Hoàng","","5","1","2025 (8).","https://doi.org/10.1093/jscr/rjaf451","https://drive.google.com/open?id=11vKy_qBxhkPjh4uvwAxbxo87xALxOqAv","","Vũ Trường Nhân","","","","","",""
"08/09/2025 15:52:44","nptai@ctump.edu.vn","Nguyễn Phước Tài","0923251185","Educational Process: International Journal (EDUPIJ)","2147 - 0901","Scopus","Q1","Q1 (82nd)","08/09/2025","Effects and Obstacles of Decree No. 86/2018/ND-CP on the Internationalization of Vietnamese Higher Education: Prospects and Hindrances ","Phuoc Tai Nguyen, Tran Thi Hong Le, Luong Thi Hoai Thanh","Nguyễn Phước Tài, Trần Thị Hồng Lê, Lương Thị Hoài Thanh","Nguyễn Phước Tài","","",""," Volume 18 (2025), 1-10","https://doi.org/10.22521/edupij.2025.18.417","https://drive.google.com/open?id=1dS-HfmN2OU_g1_jWb6JwRAFHt12IbQAI","https://drive.google.com/open?id=16kLtJmWDNkUZRu-Vl6UnIzt7A7PaWExl","Nguyễn Phước Tài","","","","","",""
"10/09/2025 10:36:45","davu@ctump.edu.vn","Đoàn Anh Vũ","0986484098","Laparoscopic, Endoscopic and Robotic Surgery","2542-3614","ISI/Web of Science, Scopus","Q2","2.0","17/07/2025","Extended-view totally extraperitoneal approach for midline primary and incisional ventral hernia repair: Initial results and experience from a single institution in Vietnam","Van Phu La,  Vinh Phuc La,  Hai Duong Tong,  Minh Dien Tran,  Tuan Tu Duong,  Vimal Kumar Vasudeavan,  Hadinata Prana,  Anh Vu Doan","Đoàn Anh Vũ, La Vĩnh Phúc","Đoàn Anh Vũ","","8","2","8 (3), 146-152","https://doi.org/10.1016/j.lers.2025.07.002","https://drive.google.com/open?id=1bWXHK7Zj0BpAApAwbPr9qGGXJ7gF1CCo","https://drive.google.com/open?id=1YAJMtINNm6hC9B8gD3PpmM-ReJHWJJTT, https://drive.google.com/open?id=1c4s6cx_o77f_OAVscGNnDoFYjRlASTLD","La Văn Phú","","","","","",""
"13/09/2025 22:18:22","nhtoan@ctump.edu.vn","Trần Viết An","0939060818"," International Journal of Cardiology Cardiovascular Risk and Prevention","2772-4875","ISI/Web of Science","Q2","0","23/06/2025","Prognostic value of RS1333040 polymorphism in the ANRIL gene for coronary artery lesions and cardiovascular events in acute myocardial infarction patients","Nga Thi Ngoc Pham,  Lien Nguyen Thao Tran,  Cang Huynh Trung ,  Hoang Minh Phan,  Dung The Bui,  Chau Minh Tran,  Thuc Tri Nguyen,  Phuong Minh Nguyen,  An Viet Tran","Phạm Thị Ngọc Nga, Trần Viết An, Nguyễn Minh Phương","Trần Viết An","","9","3","Volume 26, September 2025, 200458","https://doi.org/10.1016/j.ijcrp.2025.200458","https://drive.google.com/open?id=1eMjNfvfudHbsQyLkLuTIYVXs4AYCD6aw","","Phạm Thị Ngọc Nga","","","","","",""
"13/09/2025 22:22:41","nhtoan@ctump.edu.vn","Trần Viết An","0939060818","Open Cardiovascular Medicine Journal","1874-1924","Scopus","Q4","Không","10/07/2025","Characteristics and Prognostic Value of the  RS2070744 Polymorphism in the NOS3 Gene in  Patients with Heart Failure with Reduced Ejection  Fraction","Thi Ngoc Nga Pham, Thi Thu Nguyet Nguyen, Minh Hoang Phan, Thi Kim Oanh  Nguyen, Trung Cang Huynhand Viet An Tran","Phạm Thị Ngọc Nga, Trần Viết An","Trần Viết An","","6","2"," 19: e18741924374806.","10.2174/0118741924374806250704064226","https://drive.google.com/open?id=1MkenYKK_IaG3TXrCxuzIbma6naZxcMeu","","Phạm Thị Ngọc Nga","","","","","",""
"13/09/2025 22:26:33","nhtoan@ctump.edu.vn","Trần Viết An","0939060818","JMIR CARDIO","2561-1011","ISI/Web of Science","Q2","Không","07/08/2025"," Lipid Profile and Apolipoprotein B Serum Levels in the Vietnamese  Population With Newly Diagnosed Elevated Low-Density  Lipoprotein Cholesterol and Association With the Single-Nucleotide  Variant rs676210: Cross-Sectional Study","Quyen Thuy Nguyen; An Viet Tran; Bao The Nguyen; Hoa Thai Nguyen;  Nhung Thi Hong Thai; Hen Huu Phan","Trần Viết An, Nguyễn Thái Hòa, Thái Thị Hồng Nhung","Trần Viết An","","6","3","9:e76850","10.2196/76850","https://drive.google.com/open?id=1mdfDM58kolFq441omSakFuf7tzx0ZOCv","","Nguyễn Thúy Quyên","","","","","",""
"13/09/2025 22:30:30","nhtoan@ctump.edu.vn","Trần Viết An","0939060818","Medicine","1536-5964","Scopus","Q3","Không","01/08/2025","Enhancing quality of life and functional capacity in heart failure patients with iron deficiency A regional cross-sectional study on intravenous iron therapy in Vietnam","Quan Hong Doan, An Viet Tran, Phuc Thi Hong Dinh, Linh Duy Nguyen","Trần Viết An","Trần Viết An","","4","1","(2025) 104:34","http://dx.doi.org/10.1097/MD.0000000000044060","https://drive.google.com/open?id=1qKU1y7ZPvizFpPKXvarLcGfSVwdpNeml","","Đoàn Hồng Quân","","","","","",""
"14/09/2025 13:31:44","nhha82@ctump.edu.vn","Nguyễn Hồng Hà","0918029534","Journal of International Medical Research","1473-2300","Scopus","Q3","0","04/07/2025","Association of MTHFR A1298C polymorphism and blood homocysteine levels with proteinuria in patients with type 2 diabetes mellitus","Nga Thi Ngoc Pham, Thao Thai Thanh Le,  Hoang Minh Phan, Hang Thi Thu Ho and  Ha Hong Nguyen","Phạm Thị Ngọc Nga, Nguyễn Hồng Hà","Nguyễn Hồng Hà","","5","2","53(7) 1–11","10.1177/03000605251356008","https://drive.google.com/open?id=1tqTgXvMYzmp8IYix5BPGi17bqib5gIYs","","Phạm Thị Ngọc Nga","","","","","",""
"14/09/2025 13:36:30","nhha82@ctump.edu.vn","Nguyễn Hồng Hà","0918029534","HIV/AIDS - Research and Palliative Care","1179-1373","ISI/Web of Science, Scopus","Q2","Không","11/07/2025","HIV Infection Among Pregnant Women in a Vietnamese Population: Prevalence and Associated Factors","Hang Thi Thu Ho, Thuan Hoa Nguyen, Ha Hong Nguyen, Sam Phan Hai Nguyen, Kien Trung Nguyen","Nguyễn Hồng Hà, Nguyễn Phan Hải Sâm, Nguyễn Trung Kiên","Nguyễn Hồng Hà","","5","3","17, 195–202","10.2147/HIV.S529618","https://drive.google.com/open?id=1DdThsg7HuWcLhFzdCr9Bkn1eP2-f-Ywe","","Hồ Thị Thu Hằng","","","","","",""
"15/09/2025 14:44:04","phkhanh@ctump.edu.vn","Phạm Hoàng Khánh","0918614097","Journal of International Medical Research","0300-0605","ISI/Web of Science","Q3","1.53","02/09/2025","Association of FAM13A single-nucleotide polymorphism with spirometry indices and pulmonary ventilation characteristics in patients with chronic obstructive pulmonary disease","Binh Huy Nguyen, Nhung Thi Cam Tran, Chuong Quoc Ho, Tam Thai Thanh Tran, Hong Ngoc Phan 4, De Van Tran, Nga Thi Ngoc Pham, Kien Trung Nguyen, Khanh Hoang Pham ","Trần Thái Thanh Tâm, Nguyễn Trung Kiên, Phạm Hoàng Khánh, Trần Văn Đệ, Phạm Thị Ngọc Nga","Phạm Hoàng Khánh","","9","5","53 (9)","10.1177/03000605251372069","https://drive.google.com/open?id=1Cpj68xAjuUi3Y1rYNEXzjWmI5-WWNUbl","","Nguyễn Huy Bình","","","","","",""
"17/09/2025 21:14:27","nhha82@ctump.edu.vn","Nguyễn Hồng Hà","0918029534","Endocrine and Metabolic Science","2666-3961","Scopus","Q3","0","16/09/2025","Clinical significance of uric acid, blood pressure anticipating proteinuria worsening in pregnant women of advanced age","Hang Thi Thu Ho, Thuan Hoa Nguyen, Ha Hong Nguyen, Sam Phan Hai Nguyen, Kien Trung Nguyen","Nguyễn Hồng Hà, Nguyễn Phan Hải Sâm, Nguyễn Trung Kiên","Nguyễn Hồng Hà","","5","3","19 (2025) 100273","https://doi.org/10.1016/j.endmts.2025.100273","https://drive.google.com/open?id=1MZDUY1-hhkFNG4OIQ6rcXOvN_jTUB-oX","","Hồ Thị Thu Hằng","","","","","",""
"19/09/2025 0:30:06","nphung@ctump.edu.vn","Nguyễn Phục Hưng","0909754664","Annali di Igiene","ISSN: 1120-9135 | eISSN: 3035-5559","ISI/Web of Science, Scopus","Q3","1.3","15/09/2025","Research on how entrepreneurial capacity and opportunity factors inﬂuence the intention of medical staff in the Mekong Delta to start a business in the healthcare sector","Hung Nguyen Phuc, Huong Vo Thi My, Minh Nguyen Thi Tuyet, Tu Phan Anh, Anh Nguyen Van, Quynh Huynh Thi Thuy, Quynh Nguyen Nhu, Vinh Nguyen Phu","Nguyễn Phục Hưng, Võ Thị Mỹ Hương, Nguyễn Thị Tuyết Minh","Võ Thị Mỹ Hương","","8","3","37(6): 737-749"," https://doi.org/10.7416/ai.2025.2697","https://drive.google.com/open?id=1a1Ls2ZDeEjpSDiv93fpr1NjjI3GkNdol","","Nguyễn Phục Hưng","","","","","",""
"20/09/2025 9:28:38","ntttram@ctump.edu.vn","Nguyễn Thị Thu Trâm","0919886682","ChemistrySelect","2365-6549","ISI/Web of Science, Scopus","Q3","2.0","23/04/2025","Divergent Access to Furans and Thiophenes by Chalcogenation of 2,3-Dihydrofurans with Elemental Chalcogens","Quang Huy Tran, Cao Nguyen Nguyen, Ngoc Lan Chu, Thai Thanh Thu Bui, Thi Thu Tram Nguyen, Minh Tu Ha, Dinh Hung Mac, and Thanh Binh Nguyen","Nguyen Thi Thu Tram","Nguyen Thanh Binh","","8","1","10 (16), e202501419","doi.org/10.1002/slct.202501419","https://drive.google.com/open?id=1HOPRckxRkxwoZbLjFbBBR4rQm9SscVi-","","Tran Quang Huy ","","","","","",""
"20/09/2025 10:52:50","nnuyen@ctump.edu.vn","Ngô Ngọc Uyên","0339300369","Nanoscale Advances","2516-0230","Scopus","Q1","4.6","18/09/2025","Plasmonic Au–TiO2 Nanowire/Nanotube Heterostructures for Multifunctional Photocatalysis: Dye and Pesticide Degradation, Water Splitting, and Antibacterial Activity","Ngô Ngọc Uyên, Nguyễn Chí Toàn, Trường Nguyễn, Lý Anh Tú, Lê Hữu Phước","Ngô Ngọc Uyên, Lê Hữu Phước","Lê Hữu Phước","","","","Vừa được xuất bản với bản thảo được chấp nhận chưa có bản in, nên chưa có số trang và volume","DOI: 10.1039/D5NA00765H","https://drive.google.com/open?id=1hRQEocdoJSiOOaeyYVbmxZE4COkRdz3j","https://drive.google.com/open?id=1gfwpZ5o-L_rngpDMrp7p4UIFwP1T1Fxm","Ngô Ngọc Uyên","","","","","",""
"20/09/2025 16:56:31","nthphuc@ctump.edu.vn","Nguyễn Trọng Hồng Phúc","0939389209","Tropical Journal of Natural Product Research","2616-0684","Scopus","Q3","297","01/08/2025","Hepatoprotective and Antioxidant Activities of Selected Helicteres Species in a CCl₄- Induced Acute Liver Injury Mouse Model","Tran N. Quy, Phan T. Dat, Nguyen H. Anh, Nguyen T. Hieu, Phung T. Hang, Nguyen N. Hien, Tran T. T. Thao, Nguyen T. H. Phuc","Trần Thị Thu Thảo, Nguyễn Trọng Hồng Phúc","Nguyễn Trọng Hồng Phúc","Trần Thị Thu Thảo","8","2","9(7): 3058 - 3066","https://doi.org/10.26538/tjnpr/v9i7.16","https://drive.google.com/open?id=1DU-SnAchlTfKNdlHPP14AEjh7GrVjOVE","","Trần Ngọc Quý","","","","","",""
"21/09/2025 10:38:55","ttlnguyen@ctump.edu.vn","Trương Thái Lam Nguyên","0934143456","Can Tho Journal of Medicine and Pharmacy","2354-1210","ISI/Web of Science","Q1","1","01/09/2025","The correlation between serum indices and  certain characteristics of patient samples at  Can Tho University of Medicine and  Pharmacy Hospital","Phan Minh Tai Nguyen Nhu Ngan Nguyen Thi Bao Tram Phan Thi Que Chan Le Ngoc Thu Truong Thai Lam Nguyen Le Cong Tru Tran Thi Thu Thao","Trần Thị Thu Thảo, Lê Công Trứ, Trương Thái Lam Nguyên","Trần Thị Thu Thảo","Trương Thái Lam Nguyên","8","3","11 (9) (2025), 57-65","10.58490/ctump.2025i9TA.3354","https://drive.google.com/open?id=1ZTEn2_K-OpDZzxfzMSWGfcLwjMF52zk8","https://drive.google.com/open?id=1LVRhAHJgmBF-b6gatNmRvFd3XP4hORsH","Trần Thị Thu thảo","","","","","",""
"22/09/2025 6:49:41","ntsil@ctump.edu.vn","Nguyễn Thanh Sil","0822969792","Rapid Communications in Mass Spectrometry","0951-4198","ISI/Web of Science, Scopus","Q3","1.7","20/08/2025","Establishment and Validation of High-Performance Liquid Chromatography—Tandem Mass Spectrometry for Simultaneous Assessment of Amlodipine and Indapamide in Human Plasma","Duc Tuan Nguyen, Thu Le Anh Do, Sil Thanh Nguyen, Thi Anh Huynh Huynh, Vo Thi Kim Khuyen, Tho Vinh Minh Chau Do","Sil Thanh Nguyen, Tho Vinh Minh Chau Do","Tho Vinh Minh Chau Do","","6","2","39:e10131","https://doi.org/10.1002/rcm.10131","https://drive.google.com/open?id=1OqKuPEhJ9RyQqTxNkJp-Mbuy1P95LySa","https://drive.google.com/open?id=19bm-MlD5vaa7i_siUBc3PzQFitlDA2rp","Duc Tuan Nguyen","","","","","",""
"22/09/2025 14:11:45","lmnhan@ctump.edu.vn","Lê Minh Nhân","0937102277","Bulletin of Chemical Reaction Engineering & Catalysis","1978-1993","ISI/Web of Science, Scopus","Q3","1.3","17/09/2025","Charge Transport Kinetics in Fluorine-Doped Tin Oxide/Titanium Dioxide/Cadmium Sulfide/Cadmium Selenide Doped with Copper(II)/Zinc Sulfide Photoanode","Nguyen Van Minh, Nguyen Xuan Vinh, Le Minh Nhan, Bui Van Thang, Deepu Thomas","Lê Minh Nhân","Nguyễn Xuân Vinh","","5","1","20 (4) 2025, 624-630","https://doi.org/10.9767/bcrec.20455","https://drive.google.com/open?id=1gjaHDQvI2-VtJ9EhjAdz9tRnAh3Kc-He","https://drive.google.com/open?id=1tHRm0_SN5V-mL0g4yIYT_cRPaUAOgDa4","Nguyễn Văn Minh","","","","","",""
"22/09/2025 15:42:07","nhaiha@ctump.edu.vn","Nguyễn Hải Hà","0939609648","Foods","2304-8158","ISI/Web of Science, Scopus","Q1","5.1 ","07/07/2025","Development of a Guava Jelly Drink with Potential Antioxidant, Anti-Inflammation, Neurotransmitter, and Gut Microbiota Benefits","Hai-Ha Nguyen, Jintanaporn Wattanathorn, Wipawee Thukham-Mee, Supaporn Muchimapura, Pongsatorn Paholpak ","Nguyễn Hải Hà","Jintanaporn Wattanathorn","Jintanaporn Wattanathorn, Wipawee Thukham-Mee, Supaporn Muchimapura, Pongsatorn Paholpak ","4","1","14(13), 2401","https://doi.org/10.3390/foods14132401","https://drive.google.com/open?id=1JHkrkdKkqO6hgoG-cNPK8QsWJ5uooJb9","https://drive.google.com/open?id=1c0n5KXbXFW6rnY34Fs1_NAOOkkPZaKau","Nguyễn Hải Hà","","","","","",""
"23/09/2025 6:21:13","drthangle@dotquy.vn","NGUYỄN TRÂN TRÂN","0989195945","Journal of Taibah University Medical Sciences","1658-3612","ISI/Web of Science, Scopus","Q2","Không","11/04/2025","Rescue carotid stenting in tandem occlusions: 5 years’ experience from a comprehensive stroke center","Le Minh-Thang, Tran Ngoc-Dang, Nguyen Luu-Giang, Nguyen Hoai-Nam, Nguyen Tran-Tran, Nguyen Ngoc-Hai, Tran Minh Bao-Luan","Nguyễn Trân Trân","Trần Minh Bảo Luân","Trần Ngọc Đăng","7","1","20(3), 280-287"," https://doi.org/10.1016/j.jtumed.2025.04.003","https://drive.google.com/open?id=1iKFRg25pcJ-Ccsg5N7VFJ9g6tRIW8abv","","Lê Minh Thắng","","","","","",""
"23/09/2025 16:03:09","bmnoi@ctump.edu.vn","Nguyễn Ngọc Trúc Phương","0975749784","Médecine du Sommeil","1769-4493, 2352-3395","Khác","Khác","0","01/03/2025","Médecine du Sommeil","Dương Sỹ Quý,  Bùi Khuê,  Mai Xuân Trung,  Nguyễn Duy Thái,  Nguyên Hữu Hoàng,  Nguyễn Như Vinh,  Nguyễn Thị Hồng Liên,  Tăng Thị Thảo Trâm,  Trần Xuân Quỳnh,  Võ Phạm Minh Thư,  Vũ Trần Quân,  Franck Soyez, Francis Martin","Trần Xuân Quỳnh,  Võ Phạm Minh Thư","Francis Martin","","13","2","22 (1),98","https://doi.org/10.1016/j.msom.2025.01.171","https://drive.google.com/open?id=17XriixkGpIOb-GVASCsadGv8o8vV7Xnn","https://drive.google.com/open?id=1KkcVEx4KcJYwlYytKXzuYQ84dlxWnqlQ","Dương Sỹ Quý","","","","","",""
"23/09/2025 17:01:05","bmnoi@ctump.edu.vn","Nguyễn Ngọc Trúc Phương","0975749784","Journal of Functional Ventilation and Pulmonology","2650 - 1988, 2650 - 3506","Khác","Khác","0","17/06/2025","Journal de la Fonction Ventilatoire et de Pneumologie","Trần Xuân Quỳnh, Võ Phạm Minh Thư"," Trần Xuân Quỳnh, Võ Phạm Minh Thư","Trần Xuân Quỳnh, Võ Phạm Minh Thư","Trần Xuân Quỳnh, Võ Phạm Minh Thư","2","2","50 (16), 19","https://www.jfvpulm.com/Post/showPost/764","https://drive.google.com/open?id=1xjWchbfng47WoqK5nKeJwPL7e4I0M2Qb","https://drive.google.com/open?id=1J96wvZGWNWmIsWmVz8vUSE3YKIuraCH-","Trần Xuân Quỳnh","","","","","",""
"23/09/2025 17:14:21","bmnoi@ctump.edu.vn","Nguyễn Ngọc Trúc Phương","0975749784","Journal of Functional Ventilation and Pulmonology","2650 - 1988, 2650 - 3506","Khác","Khác","0","17/06/2025","Evaluation of the similarity of blood oxygen saturation between overnight pulse oximetry and respiratory polygraphy and the possibility of screening obstructional sleep apnea in patients with type 2 diabetes mellitus","Võ Phạm Minh Thư","Võ Phạm Minh Thư","Võ Phạm Minh Thư","","1","1","50 (16), 15","DOI: 10.12699/jfvpulm.suppl.16.50.2025.15","https://drive.google.com/open?id=1np_1go9bkk_fTtWcKIOT_up2lhBdm-kJ","https://drive.google.com/open?id=1VezEZBat6Ge2JeQyqy1WUw6Oan7swy2O","Võ Phạm Minh Thư","","","","","",""
"23/09/2025 17:48:32","bmnoi@ctump.edu.vn","Nguyễn Ngọc Trúc Phương","0975749784","THE LANCET Regional Health – Western Pacific","26666065","ISI/Web of Science","Q1","2.53","10/07/2025","The effect of antimicrobial stewardship interventions upon antimicrobial consumption and appropriateness in Vietnamese district hospitals: a cluster randomised trial","Jaslyn Doshi,Phạm Ngọc Yến,Ma Thu Thủy,Dương Thùy Linh,Phạm Thị Thùy Vân,Vũ Văn Giáp,Rodney James,Li Qingbin,Trịnh Văn Quý,Nguyễn Tôn Tử ,Trần Thị Thu Trang,Võ Phạm Minh Thư,Ngô Văn An,Phan Hữu Phúc,Hoàng Ngọc Cảnh,Justin Beardsley,Nguyễn Thu Anh, Greg J. Fox","Võ Phạm Minh Thư","Jaslyn Doshi","","18","1","60 (1016), 101620","DOI: 10.1016/j.lanwpc.2025.101620","https://drive.google.com/open?id=1VWh0OVPHPA9H0f-KBb0J0mUsO45wLfG4","https://drive.google.com/open?id=1q85ROi-8gjB-nmtsf04e5DX0zI1RfeaG","Jaslyn Doshi","","","","","",""
"23/09/2025 18:14:08","bmnoi@ctump.edu.vn","Nguyễn Ngọc Trúc Phương.","0975749784","Prooftexts - Journal of Jewish Literature History","02729601, 10863311","ISI/Web of Science","Q4","0.1","26/08/2025","Feasibility of an antimicrobial stewardship program in four district hospitals in  Vietnam ","Jaslyn Doshi,Phạm Yến Ngọc,Ma Thu Thủy,Dương Thùy Linh,Phạm Thị Thùy Vân,Rodney James,Lý Thanh Tân,,Nguyễn Thị Thu Thủy,Huỳnh Tuấn Anh,Võ Phạm Minh Thư,Hoàng Anh Đức,Matthew Watts,Justin Beardsley,Nguyễn Anh Thư,Greg J. Fox","Võ Phạm Minh Thư","Jaslyn Doshi","Greg J. Fox","15","1","10 (1016), 102943"," https://doi.org/10.1016/j.jiph.2025.102943","https://drive.google.com/open?id=1p2GUaY-4V0NipQ-ycLAHq7IAzcfpwn0l","https://drive.google.com/open?id=1ZAits8HRU4Go1cLxteb1JtsTXmdCfuOt","Jaslyn Doshi","","","","","",""
"24/09/2025 8:44:46","ltvtuyen@ctump.edu.vn","Lê Thanh Vĩnh Tuyên","0907599177","Journal of Ethnopharmacology","0378-8741","ISI/Web of Science","Q1","5.4","20/06/2025","Establishing identifiable characteristic fingerprints of mulberry leaves: Integrating chemical composition and bioactivity through machine learning","Che Chun Lin, San Yuan Wang, Kowit Yu Chong, Vinh Tuyen T. Le, Yi Ying Lin, Lih Geeng Chen, Chia Jung Lee, Ching Chiung Wang","Lê Thanh Vĩnh Tuyên","Ching Chiung Wang","","8","1","352 (2025) 120186","https://doi.org/10.1016/j.jep.2025.120186","https://drive.google.com/open?id=1XznUFIXYPIIBoXfOmnpFkm6S6hXgiEvO","https://drive.google.com/open?id=194XthfmnIViM9AgarmHNr1kmMzlc2Qm6","Che Chun Lin","","","","","",""
"24/09/2025 22:57:02","ncquang@ctump.edu.vn","Ngô Chí Quang","0789565090","Childhood Kidney Diseases","2384-0242","Scopus","Q4","Không","17/09/2025","Hypomagnesemia as a reversible complication of cyclosporine in pediatric nephrotic syndrome: a case report","Quang Chi Ngo, Hung Do Tran, Ngoc Bao Thi Nguyen, Tham Hong Thi Nguyen, Trang Thuy Mai","Ngô Chí Quang, Trần Đỗ Hùng","Ngô Chí Quang","","5","2","29 (3)","DOI: https://doi.org/10.3339/ckd.25.018 ","https://drive.google.com/open?id=1iEyjTsJ9NzxmPqyuxiIrbduFWfZJFGuO","","Ngô Chí Quang","","","","","",""
"25/09/2025 10:56:00","bmnoi@ctump.edu.vn","Nguyễn Ngọc Trúc Phương","0975749784","Elsevier","07351097, 15583597","ISI/Web of Science","Q1","9.02","19/06/2025","Prognostic value of RS1333040 polymorphism in the ANRIL gene for coronary artery lesions and cardiovascular events in acute myocardial infarction patients","Phạm Ngọc Thị Nga,Trần Thảo Liên Nguyễn,Huỳnh Trung Cang,Phan Minh Hoàng,Bùi Thế Dũng	Trần Minh Châu,Nguyễn Trí Thức,Nguyễn Minh Phương,Trần Viết An","Phạm Ngọc Thị Nga,Nguyễn Minh Phương,Trần Viết An","Phạm Ngọc Thị Nga,Trần Thảo Liên Nguyễn,Huỳnh Trung Cang,Phan Minh Hoàng,Bùi Thế Dũng	Trần Minh Châu,Nguyễn Trí Thức,Nguyễn Minh Phương,Trần Viết An","","9","3","26, 200458","https://doi.org/10.1016/j.ijcrp.2025.200458","https://drive.google.com/open?id=13Vps9Z3RRha7WMKSjfUh-saQavkLbcHH","https://drive.google.com/open?id=1Oyax2NHCf-rZG-fy_r_HbA57BVrfSKW1","Phạm Ngọc Thị Nga","","","","","",""
"25/09/2025 11:18:33","bmnoi@ctump.edu.vn","Nguyễn Ngọc Trúc Phương","09757494784"," IJDDT","0975-4415","ISI/Web of Science","Q3","0.18","04/06/2025","Batch Scale-Up and Impact of Process Parameters on Blend Homogeneity  in Production of Bilayer Film-Coated Tablets Containing Extended-Release  Indapamide and Immediate-Release Amlodipine","Huỳnh Thị Mỹ Duyên,KhưuThanh Sơn,Lý Ngọc Hạnh,Nguyễn Đức Tuấn,Phan Dung Thanh,Lê Trần Văn Hoài,Trần Viết An","Huỳnh Thị Mỹ Duyên, Trần Viết An","Trần Viết An","Huỳnh Thị Mỹ Duyên,KhưuThanh Sơn,Lý Ngọc Hạnh","7","2","15(2):397-405","  https://doi.org/10.25258/ijddt.15.2.4 ","https://drive.google.com/open?id=1FO7XgS8QCDmqT0KEV4AeX-ogmMiLbv9L","https://drive.google.com/open?id=1Rcujd5x_LXKRK84S5HDoLF_Vu0EITui1","Huỳnh Thị Mỹ Duyên,KhưuThanh Sơn,Lý Ngọc Hạnh","","","","","",""
"25/09/2025 11:37:00","bmnoi@ctump.edu.vn","Nguyễn Ngọc Trúc Phương","0975749784","The Open Cardiovascular Medicine Journal","1874-1924","Khác","Khác","0","10/07/2025","Characteristics and Prognostic Value of the  RS2070744 Polymorphism in the NOS3 Gene in  Patients with Heart Failure with Reduced Ejection  Fraction","Phạm Ngọc Nga, 	Nguyễn Thị Thu Nguyệt,	Phan Minh Hoàng,	Nguyễn Thị Kim Oanh, 	Huỳnh Trung Cang,	Trần Viết An","Phạm Ngọc Nga,Trần Viết An","Nguyễn Thị Kim Oanh,Trần Viết An","","6","6","19, e18741924374806","DOI: 10.2174/0118741924374806250704064226, 2025, 19, e18741924374806","https://drive.google.com/open?id=1Q12jyw7M5xb4re7vw9J1VJm1qHUMZ5r9","https://drive.google.com/open?id=1z825BQjR4qVImSEoIq8BwT8ufRK8VySV","Phạm Ngọc Nga","","","","","",""
"25/09/2025 11:55:23","bmnoi@ctump.edu.vn","Nguyễn Ngọc Trúc Phương","0975749784","JMIR CARDIO","14388871, 14394456","ISI/Web of Science","Q1","1.99","02/05/2025","Lipid Profile and Apolipoprotein B Serum Levels in the Vietnamese Population With Newly Diagnosed Elevated Low-Density Lipoprotein Cholesterol and Association With the Single-Nucleotide Variant rs676210: Cross-Sectional Study","Nguyễn Thùy Quyên,	Trần Viết An,	Nguyễn Thế Bảo,	Nguyễn Thái Hòa,	Phan Hữu Hên, Thái Thị Hồng Nhung","Trần Viết An,	Nguyễn Thái Hòa, Thái Thị Hồng Nhung","Trần Viết An","","6","3","(9), e76850"," https://doi.org/10.2196/76850","https://drive.google.com/open?id=15XXkYMIMzVfsgldUfbAZZksD3VKFG9q-","https://drive.google.com/open?id=1gzYmbQf52CarVFd1UwkS4R7JsLBuu6tZ","Nguyễn Thùy Quyên,        Trần Viết An,        Nguyễn Thái Hòa, Thái Thị Hồng Nhung","","","","","",""
"25/09/2025 15:00:40","lmnhan@ctump.edu.vn","Lê Minh Nhân","0937102277","Science and Technology Indonesia","2580-4405","ISI/Web of Science, Scopus","Q3","0","01/07/2025","Performance of ZnS and ZnSe Doped on Cu2+for Photovoltaic Devices","Le Xuan Thuy, Ha Thanh Tung, Le Tien Dat, Le Minh Nhan","Lê Minh Nhân","Hà Thanh Tùng","","4","1","10 (3), 952-957","https://doi.org/10.26554/sti.2025.10.3.972-977","https://drive.google.com/open?id=1-NnvZgMv26hQXbC4W7Q9DJIkVjQGBK08","https://drive.google.com/open?id=1gfDSDSU4yRilDMWwteAGNfWykC4-DOzQ","Lê Xuân Thủy","","","","","",""
"26/09/2025 0:06:26","tghung@ctump.edu.vn","Trần Gia Hưng ","0916999528","Infectious Agents and Cancer","1750-9378","ISI/Web of Science, Scopus","Q2","2.8","18/08/2025","Prevalence and distribution of human papillomavirus in genital warts in Can Tho City, Vietnam: a cross-sectional study","Lac Thi Kim Ngan, Huynh Van Ba, Dao Hoang Thien Kim, Dang Tran Dang Khoa, Nguyen Tan Hung, Pham Thi Bao Tram, Nguyen Thi Thuy Trang, Nguyen Hoang Khiem, Pham Thanh Thao, Truong Dieu Hien, Le Van Dat, Hung Do Tran, Nguyen Van Lam, Hung Gia Tran","Lạc Thị Kim Ngân, Huỳnh Văn Bá, Nguyễn Tấn Hưng, Phạm Thị Bảo Trâm, Nguyễn Thị Thuỳ Trang, Nguyễn Hoàng Khiêm, Phạm Thanh Thảo, Trần Đỗ Hùng, Nguyễn Văn Lâm, Trần Gia Hưng","Trần Gia Hưng ","Huỳnh Văn Bá","14","10","20 (1), 56","https://doi.org/10.1186/s13027-025-00685-9","https://drive.google.com/open?id=11UjcdUhTX6yDMdc_HVA4zilIiXQlp7jY","https://drive.google.com/open?id=1kwlQa50Wh7l8rh1LU3fRqWx-MsgNrv_p","Lạc Thị Kim Ngân","","","","","",""
"27/09/2025 16:16:46","nnuyen@ctump.edu.vn","Ngô Ngọc Uyên","00514","Nanoscale advances","2516-0230","Scopus","Q1","4.6","18/09/2025","Plasmonic Au–TiO2 Nanowire/Nanotube Heterostructures for Multifunctional Photocatalysis: Dye and Pesticide Degradation, Water Splitting, and Antibacterial Activity	","Ngo Ngọc Uyen, Nguyen Chi Toan, Nguyen Truong, Ly Anh Tu, Le Huu Phuoc","Ngô Ngọc Uyên, Lê Hữu Phước","Lê Hữu Phước","","","","Không thể hiện trên link bài: https://pubs.rsc.org/en/content/articlelanding/2025/na/d5na00765h","https://doi.org/10.1039/D5NA00765H","https://drive.google.com/open?id=1YfaWi2V7PUZM0YgFZwUE1P2xZg1_E04x","https://drive.google.com/open?id=1t0HHIkC6WeqYeaDrwSty4e9g3eBuisDS","Ngô Ngọc Uyên","","","","","",""
"28/09/2025 12:50:02","bmnoi@ctump.edu.vn","Nguyễn Ngọc Trúc Phương","0975749784","Pulmonary Therapy","23641746, 23641754","ISI/Web of Science","Q2","0.","27/09/2025"," Self‑Administered Home Sleep Testing Model  in Screening of OSA in Healthcare Workers—Sohew  Study: A National Multicenter Study in Vietnam","Dương Quý Sỹ,Nguyễn Duy Thái,Trần Văn Học,Nguyễn Thị Hồng Liên,Tăng Thị Thảo Trâm,Bùi Diễm Khuê,Nguyễn Thị Hồng Diệp,Nguyễn Trọng Bằng,Nguyễn Tuấn Anh,Nguyễn Hữu Hoàng,Vũ Trần Thiên Quân,Nguyễn Văn Tới,	Mai Xuân Trung	,Nguyễn Bá Việt,Võ Phạm Minh Thư,	Phạm Văn Thức,Phạm Văn Lình,Vũ Văn Giáp,Lê Khắc Bảo,Nguyễn Thị Thu Dung,Lương Ngọc Khuê,Lưu Bích Ngọc,Trần Phan Chung Thủy,Lê Thị Minh Hương,	Nguyễn Như Vinh,	Nguyễn Việt Nhung,Timothy Craig,Franck Soyez,Francis Martin,Thomas Penzel.","Võ Phạm Minh Thư","Dương Quý Sỹ,Thomas Penzel","","30","1","10.6084,m9.figshare.30001333","https://doi.org/10.6084/m9.figshare.30001333","https://drive.google.com/open?id=1DYfQYe81KAvE4SqYzWr7QHgMpKNMCjd6","https://drive.google.com/open?id=1TOeOoldVh9Nm-8SxOaAqisyTZWJ2RUXh","Dương Quý Sỹ","","","","","",""
"30/09/2025 22:56:34","lttmy@ctump.edu.vn","Lý Thị Trà My","0977533286","Journal of Education and Practice","2222-288X","Khác","Khác","0","30/09/2025","Applying PERMA-based lessons for EMP speaking instruction to enhance students’ learning experience","Tra-My Thi Ly, Nguyen Huan Buu","Lý Thị Trà My","Lý Thị Trà My","","2","1","16(10)","https://doi.org/10.7176/JEP","https://drive.google.com/open?id=1EiuUisnyv2sOBoF6zihOJzYcdVH3JLoh","","Lý Thị Trà My","","","","","",""
"01/10/2025 9:20:01","lmnhan@ctump.edu.vn","Lê Minh Nhân","0937102277","Bulletin of Chemical Reaction Engineering & Catalysis,","1978-2993","ISI/Web of Science, Scopus","Q3","1.3","24/09/2025","Enhancement of Charge Transfer in Quantum Dot–sensitized Solar Cell Photoanodes by Supporting rGO Layers","Dang Huu Phuc, Ha Thanh Tung, Le Doan Duy, Le Minh Nhan","Lê Minh Nhân","Hà Thanh Tùng","","4","1","650-660","https://doi.org/10.9767/bcrec.20366","https://drive.google.com/open?id=1wcnHez95h6h5FVfctDMIAaCjtY05wqvk","https://drive.google.com/open?id=1AOVRSJWDstLqQnzP_s5qPpchsso3SHlY","Đặng Hữu Phúc","","","","","",""
"02/10/2025 12:19:17","ntttram@ctump.edu.vn","Nguyễn Thị Thu Trâm","0919886682","Indonesian Journal of Pharmacy"," 2338-9427","Scopus","Q3","Q3","22/09/2025","Antibacterial and Antioxidant Activities of Ludwigia Species: Potential Applications in Acne Treatment","An Binh Huynh, Minh Thi Le-Nguyen, Hoang Gia Huy Le, Huynh Nhat Anh Bui, Van Lam Nguyen, Thi Be Hai Nguyen, Thi Hai Yen Nguyen, Thi Thu Tram Nguyen","Van Lam Nguyen, Thi Be Hai Nguyen, Thi Hai Yen Nguyen, Thi Thu Tram Nguyen","Thi Thu Tram Nguyen","","8","4","VOL 36 (3) 2025: 533–544"," https://doi.org/10.22146/ijp.17296","https://drive.google.com/open?id=1ZXoKH1Bd7TAFtf-kljSaubHqmOEP6HJ9","","An Binh Huynh","","","","","",""
"21/11/2025 10:11:50","ttnam@ctump.edu.vn","Trương Thành Nam","0355058304","Diabetes mellitus","348-358","Scopus","Q3","1.33","15/10/2025","Diabetes Risk Screening Tools for Prediabetes: A Comprehensive Scoping Review of Evidence and Implementation","Paleeratana Wongrith, Suphika Dangkrajang, Truong Thanh Nam","Trương Thành Nam","Paleeratana Wongrith","","3","1","28(4), 348-358","https://doi.org/10.14341/DM13324","https://drive.google.com/open?id=1161v6bMA0Z8dNvQLOCVmztoJhjM4N2W4","","Paleeratana Wongrith","","","","","",""
"21/11/2025 10:16:52","ttnam@ctump.edu.vn","Trương Thành Nam","0355058304","Indian Journal of Community Medicine","1998-3581","Scopus","Q3","0.86","20/11/2025","Prevalence and Determinants of Mental Health Problems among Vietnamese Undergraduate Students across Academic Disciplines","Vo Hieu Nghia Huynh Ngoc Linh, Le Thanh Thao Trang, Nguyen Thi To Uyen, Pham Trung Tin, Truong Thanh Nam","Phạm Trung Tín, Trương Thành Nam","Huỳnh Ngọc Linh","","6","2","10.4103/ijcm.ijcm_810_24","10.4103/ijcm.ijcm_810_24","https://drive.google.com/open?id=1FmVTW86W8IR4lEj4VkHex8zmz4lUvjD4","","Huynh Ngoc Linh","","","","","",""
"21/11/2025 10:48:02","ndlinh@ctump.edu.vn","Nguyễn Duy Linh","0984169980","Revista Cubana de Medicina Militar","1561-3046","Scopus","Q3","28% 476/668 General Medicine","08/10/2025","Acute liver failure associated with severe dengue in a young adult with obesity","Nguyen Bui Thai Huy, Tran Quang Khai, Tran Hoang Phuong, Ho Nguyen Tra Uyen, Ma Thai Nguyen, Le Khanh Toan, Nguyen Duy Linh","Nguyễn Bùi Thái Huy, Trần Quang Khải, Trần Hoàng Phương, Hồ Nguyễn Trà Uyên, Mã Thái Nguyên, Nguyễn Duy Linh","Nguyễn Duy Linh","","7","6","2025;54(4):e025076837","https://revmedmilitar.sld.cu/index.php/mil/article/view/76837","https://drive.google.com/open?id=1MSKrMAiFddLbWxvFCt9ehPvrGm0Cojp8","https://drive.google.com/open?id=1XBOEO2v7EsSKpcpH8QED-8sAOf3jXRBM","Nguyễn Bùi Thái Huy","","","","","",""
"24/11/2025 15:27:02","ltthaoyen@ctump.edu.vn","Lê Thị Thảo Yên","0353854590","EYE","0950-222X","ISI/Web of Science","Q1","3.4","06/10/2025","Significance of serum biomarkers in preterm infants screened  for retinopathy of prematurity: a systematic review and meta-analysis"," Shu-Han Chuang, Yen Thi Thao Le, Yan-Han Li, Cheng-Hsien Chang, Yu Zhi Lian, Yi-Jie Kuo, Yu-Pin Chen","Lê Thị Thảo Yên","Yu-Pin Chen","Lê Thị Thảo Yên","7","1","39, 3167–3175 ","https://doi.org/10.1038/s41433-025-04051-2","https://drive.google.com/open?id=19KsN41JgmJAWddStwUeCzMr32FxdwzBk","https://drive.google.com/open?id=1SJVy23ea-zV5Xz2aSRnARLImjd9cFPxr"," Shu-Han Chuang","","","","","",""
"01/12/2025 9:04:41","chnghi@ctump.edu.vn","Chung Hữu Nghị","0986869707","Clinical Epidemiology and Global Health","2213-3984","ISI/Web of Science, Scopus","Q2","1.7","26/11/2025","Disrupted Gut Microbial Profiles in Vietnamese Children under 5 Years of Age with Community-Acquired Pneumonia","Nghi Huu Chung, Van Hung Pham, Thien-Phuc Nguyen Hoang, Trinh Thi Phuong Ha, Phuong Bich Thi Do, Chuyen Quoc Vo, Nguyen Thanh Nhu, Tuan Anh Nguyen","Chung Hữu Nghị, Nguyễn Thành Nhu","Nguyễn Thành Nhu","","8","2","37 (0), 102247","https://doi.org/10.1016/j.cegh.2025.102247","https://drive.google.com/open?id=1tLYbJNslBQvlFruE7uJ17Kg9QmIyRarZ","","Chung Hữu Nghị","","","","","",""
"04/12/2025 13:59:12","nltty@ctump.edu.vn","Nguyễn Lan Thùy Ty","0901279289","Gene Reports","Online ISSN: 2452-0144","ISI/Web of Science, Scopus","Q4","0.9","05/11/2025","A comparative review of DNA assembly strategies: From traditional to modern","Huynh Kim Khanh Ta,  L. Minh Dang,  Lan Thuy Ty Nguyen","Nguyễn Lan Thùy Ty","Nguyễn Lan Thùy Ty","","3","1","41 (2025) 102376","https://doi.org/10.1016/j.genrep.2025.102376","https://drive.google.com/open?id=1Nr1MJfdQQpqJaI0ZmqJMXMuQU1671jkp","","Tạ Huỳnh Kim Khánh","","","","","",""
"06/12/2025 10:01:17","mhntan@ctump.edu.vn","Mai Huỳnh Ngọc Tân","0974862424","Medicine","1536-5964","ISI/Web of Science, Scopus","Q3","1.4","05/12/2025","Post-quadri-vaccinal SARS-CoV-2 antibodies in Vietnamese patients with end-stage renal disease: A prospective cohort study","Nguyen, Nghia Nhu; Huynh, Giau Minh; Mai, Tan Huynh Ngoc","Nguyễn Như Nghĩa, Mai Huỳnh Ngọc Tân","Mai Huỳnh Ngọc Tân","","3","2","104(49):p e46311","DOI: 10.1097/MD.0000000000046311","https://drive.google.com/open?id=1uCzcYDsMiJKXYC5hsMFJs9mSzv2U4cZr","","Nguyễn Như Nghĩa","","","","","",""
"10/12/2025 8:31:56","hthiep@ctump.edu.vn","Phạm Văn Cư","0901244111","The 6th International Conference on Engineering, Physics, MEMs-Biosensor and Application (ICEBA 2025) November 6-7, 2025, National Central University, Taoyuan City, Taiwan","Kỷ yếu","Kỷ yếu hội nghị có phản biện","Kỷ yếu hội nghị có phản biện","0","06/12/2025","Three-dimensional numerical analysis of a road embankment on soft soil with SCPs improvement in Can Tho City, Vietnam","Hoang Le1, Hung-Thoi Do1,2, Thi-Anh-Hong Le1, Gia-Lam Le1, Tien-Lap Pham1, Nong Le3 and Van-Cu Pham4","Phạm Văn Cư","Hung-Thoi Do","","7","1","17","Kỷ yếu","https://drive.google.com/open?id=1NFBG9yoo0IuX2Sodd_nip6LVDeBQcoVS, https://drive.google.com/open?id=1-GH7u_CF7hhbPWvKGsXyB60dUZJFywCz, https://drive.google.com/open?id=11G_U9PxM9iaNJ2e1ZKJzTR7tpLW4XIQf","","Hoang Le","","","","","",""
"10/12/2025 8:36:28","hthiep@ctump.edu.vn","Phạm Văn Cư","0901244111","The 6th International Conference on Engineering, Physics, MEMSBiosensors and Applications (ICEBA 2025)","Kỷ yếu","Kỷ yếu hội nghị có phản biện","Kỷ yếu hội nghị có phản biện","0","06/12/2025","Numerical investigation for a road embankment on soft soil with Prefabricated Vertical Drains improvement in Can Tho City, Vietnam","Hung-Thoi Do1,*, Hoang Le1, Thi-Anh-Hong Le1, Gia-Lam Le1, Tien-Lap Pham1, Nong Le2, and Van-Cu Pham3","Phạm Văn Cư","Hoang Le","","7","1","1058","Kỷ yếu","https://drive.google.com/open?id=1-7VyfyzNyaf_kNVLwuCYutJ_FdoOmKwd, https://drive.google.com/open?id=1lnDqcgpN3gV2z7TrKF92jsve6it8fEZx","","Hung-Thoi Do","","","","","",""
"10/12/2025 9:23:43","lmkhoi@ctump.edu.vn","Lê Minh Khôi","0907246320","Vietnam Journal of Chemistry","Online ISSN:2572-8288 Print ISSN:2572-8288","ISI/Web of Science","Q3","1.4","01/11/2025","Fabrication and characterization of polycaprolactone/chitosan oligomer fibrous membrane by electrospinning technique for wound dressings applications","Khoi Minh Le, Khiem Van Nguyen, Vinh Thanh Luong, My-An Le Tran, Phan Thi Thanh Tam, Thi Thu Tram Nguyen, Thi-Hiep Nguyen, Phu Phong Vo, Hoan Ngoc Doan","Lê Minh Khôi, Nguyễn Thị Thu Trâm","Đoàn Ngọc Hoan","Nguyễn Văn Khiêm","","2","Online chưa có tập, trang số","https://doi.org/10.1002/vjch.70095","https://drive.google.com/open?id=19vIUHYYyWz-K9ti6IVy_wwsnSvH7TpWI","https://drive.google.com/open?id=1mQvZOM_dRiAVIOgt7Tx09lCqX7XXDA36","Lê Minh Khôi","","","","","",""
"13/12/2025 21:03:48","nhdtam@ctump.edu.vn","Nguyễn Huỳnh Dũng Tâm","0939883672","Global Transitions","2589-7918","ISI/Web of Science, Scopus","Q1","3.1","11/10/2025","Transforming health systems in Vietnam's demographic transition: sarcopenia screening thresholds","Hien Thi Nguyen, Charuai Suwanbamrung, Apichai Wattanapisit, Thang Nguyen, Warapone Satheannoppakao, Dung Tam Nguyen Huynh, Tam Thai Thanh Tran, Khanh Hoang Pham, Cua Ngoc Le","Nguyễn Thị Hiền, Nguyễn Thắng, Nguyễn Huỳnh Dũng Tâm, Trần Thái Thanh Tâm, Phạm Hoàng Khánh","Lê Ngọc Của","","9","5","8 (1), 120-128","https://doi.org/10.1016/j.glt.2025.10.003","https://drive.google.com/open?id=1g0glZOaoq8YomPsU6cTV5NIceim47Hi-","","Nguyễn Thị Hiền","","","","","",""
"16/12/2025 9:09:41","nplap@ctump.edu.vn","Nguyễn Phước Lập","0974656640","Cells "," 2073-4409","ISI/Web of Science","Q1","5.2","10/03/2025","Nuclear RhoA Activation Regulates Nucleus Size and DNA Content via Nuclear Activation of ROCK and pErk","Lap P. Nguyen, Julius Svensmark, Xin Jiang, Alexander Jordan and Cord Brakebusch ","Không","Cord Brakebusch ","Julius Svensmark","5","1","14(6), 404","https://doi.org/10.3390/cells14060404","https://drive.google.com/open?id=1YXuyEGQZl4niiRzFfuUhKcQg45_iVImT","https://drive.google.com/open?id=1_sP3SkQ6E4dv7CUptRZ1lKKIPXlxPP02","Nguyễn Phước Lập","","","","","",""
"17/12/2025 9:51:02","nhpdai@ctump.edu.vn","Nguyễn Hữu Phước Đại","0816379966","IEEE TRANSACTIONS ON BIG DATA","2332-7790","ISI/Web of Science, Scopus","Q1","5.7","12/01/2025","Big Data-Driven UAV Regulatory Compliance: Frameworks, Challenges, and Opportunities","Nguyen Huu Phuoc Dai, Department of Theoreti cal and Applied Science (DISTA), UniveNguyen Huu Phuoc Dai, Khaoula Hidawi, Barbara Carminati, Elena Ferrari","Nguyễn Hữu Phước Đại","Nguyễn Hữu Phước Đại","","4","1","11(6), 1-12","https://doi.org/10.1109/TBDATA.2025.3627501","https://drive.google.com/open?id=1t6Gew6XTCPzGptiz5Y58xGZPIIXNOC39","https://drive.google.com/open?id=1craPnUHwbz3g9AaDr84CIvnDDnEyQA14","Nguyễn Hữu Phước Đại","","","","","",""
"22/12/2025 20:27:46","txquynh@ctump.edu.vn","Trần Xuân Quỳnh","0942879581","Sleep Medicine","1389-9457","ISI/Web of Science","Q2","3.4","12/01/2025","Obstructive sleep apnea in lean Vietnamese patients with type 2 diabetes: Role of FTO and TNF genetic variants","Thu Pham Minh Vo ,  Bao The Nguyen ,  Duyen Huynh Thien Nguyen,  Thach Ngoc Truong ,  Nga Thi Ngoc Pham ,  Quynh Xuan Tran ,  Long Ngoc Thanh Nguyen ,  Trung Quoc Trat ,  Quyen Tran Xuan Phan ,  Phuong Minh Nguyen ,  Kien Trung Nguyen ,  Hung Viet Phan ,  Phu Nguyen Trong Tran","Võ Phạm Minh Thư, Phạm Thị Ngọc Nga, Trần Xuân Quỳnh, Nguyễn Minh Phương, Nguyễn Trung Kiên, Phan Việt Hưng, Trần Nguyễn Trọng Phú","Trần Nguyễn Trọng Phú","","13","7","Volume 136, December 2025, 106860","https://doi.org/10.1016/j.sleep.2025.106860","https://drive.google.com/open?id=1JIpsPfvxQH3WP8VmbJZLbDiI8oLNKCYD","https://drive.google.com/open?id=1IOqoU3ugAdk0mexsx3CDlw9EifNY3xZ_","Võ Phạm Minh Thư","","","","","",""
"24/12/2025 0:44:50","tmamai@ctump.edu.vn","Trương Minh Ánh Mai","0962692066","Archives of the Balkan Medical Union ","1584-9244","Scopus","Q4","128","03/06/2025","Diagnostic utility of bacterial pneumonia score in severe bacterial pneumonia with respiratory failure in children","Chi Quang NGO , Do Hung TRAN, Quang Nghia BUI, Minh Anh Mai TRUONG","Ngô Chí Quang, Trần Đỗ Hùng, Bùi Quang Nghĩa, Trương Minh Ánh Mai","Ngô Chí Quang","","4","4","60 (2), 186-193","https://doi.org/10.31688/ABMU.2025.60.2.02","https://drive.google.com/open?id=13aUhOiPRkuwLclzcj5R9WoergKadRKOZ","","Ngô Chí Quang","","","","","",""
"24/12/2025 7:54:11","ndlinh@ctump.edu.vn","Nguyễn Duy Linh","0984169980","European Journal of Case Reports in Internal Medicine","2284-2594","Scopus","Q3","Scopus Q3","23/12/2025","Unusual concurrent HBsAg and anti-HBs positivity in chronic hepatitis B with compensated cirrhosis","Bui Thai Huy Nguyen, Hoang Phuong Tran, Nguyen Tra Uyen Ho, Thai Nguyen Ma, Tin Nghia Tran, Thi Thao Linh Nguyen, Duy Linh Nguyen","Nguyễn Bùi Thái Huy, Trần Hoàng Phương, Hồ Nguyễn Trà Uyên, Mã Thái Nguyên, Trần Tín Nghĩa, Nguyễn Thị Thảo Linh, Nguyễn Duy Linh","Nguyễn Duy Linh","","7","7","Vol 12 (12), 1-4","https://doi.org/10.12890/2025_006007","https://drive.google.com/open?id=1wsefceAqglcpZzNQ27uGEeZ_IoZTWvpG","","Nguyễn Bùi Thái Huy","","","","","",""
"25/12/2025 11:20:27","vpthinh@ctump.edu.vn","Võ Phước Thịnh","0855577425","Cureus Journal of Medical Science","2168-8184","ISI/Web of Science","Q2","1.3","14/07/2025","Comparing the Effectiveness of 0.12% Chlorhexidine and Silver Nanoparticles Mouthwashes: A Double-Blind Randomized Controlled Trial Among Medical Students in Southern Vietnam","Do T Thao, Yen H Nguyen Thi, Duy H Le Nguyen, Anh T Dang The, Cuong P Tru Nguyen, Vy T Nguyen, Uyen N Quach, Loc T Truong ","Đỗ Thị Thảo, Nguyễn Thị Hải Yến","Đỗ Thị Thảo","","8","2","17(7):e87948","10.7759/cureus.87948","https://drive.google.com/open?id=1hsDbSV64Yu-519mQNle8FuWeM5K9QOD-","","Đỗ Thị Thảo","","","","","",""
"26/12/2025 6:06:06","nhthuy.gv@ctump.edu.vn","Nguyễn Hồng Thủy","0907723564","Journal of Palliative Care","ISSN: 0825-8597 - eISSN: 2369-5293","ISI/Web of Science, Scopus","Q2","Jounal of Palliative Care - Scopus/Scimago: Q2","09/12/2025","Undergraduate Nursing Students’ Knowledge, Attitudes, and Self-Efficacy Toward Palliative Care in Vietnam: A Cross-Sectional Study","Thuy Hong Nguyen, Ming-Hsin Hsieh, Tsai-Hsiu Chang","không","Tsai-Hsiu Chang","","3","1","0(0), 1-10 (First published online on Dec 9, 2025)","https://doi.org/10.1177/08258597251389268","https://drive.google.com/open?id=1D85T9id9g4xddeAEk_QFtmHWT4q1DfGV","https://drive.google.com/open?id=1LJ4Q6a_bdl0_mhUreM2gxvq00Ot4Yc_r","Nguyễn Hồng Thủy","","","","","",""
"27/12/2025 16:12:47","ntthu@ctump.edu.vn","Nguyễn Thị Thư","0974681718"," BMC Pregnancy and Childbirth","14712393","ISI/Web of Science","Q1","2.470","25/11/2025","Development and multicenter validation of a novel model for selective screening of gestational diabetes mellitus: the Vietnam gestational diabetes mellitus study","Nga K. Tran, Thanh N. Cao, Linh V. Pham, Lam Duc Tam, Trinh A. T. Vo, Thu T. Nguyen, Nghia N. Nguyen, Dang H. Chau, Bao The Nguyen","Trần Khánh Nga, Cao Ngọc Thành, Phạm Văn Lình, Lâm Đức Tâm, Võ Thị Ánh Trinh, Nguyễn Thị Thư, Nguyễn Như Nghĩa, Châu Hữu Đang, Nguyễn Thế Bảo","Trần Khánh Nga","Trần Khánh Nga","9","5","11",".","https://drive.google.com/open?id=18dw9FuQgqE_RMMgax_43uSGhKkk97nXv","https://drive.google.com/open?id=1LTLc115rL1tTExCHbSKq9GqPYu3IitA0","Trần Khánh Nga","","","","","",""
"27/12/2025 19:50:40","mvdoi@ctump.edu.vn","Mai Văn Đợi","0913167625","Journal of Surgical Case Reports","2042-8812","ISI/Web of Science","Q3","0.5","07/12/2024","Duplication cyst in adult cases: a journey from diagnosis to treatment","Phạm Văn Năng, Mai Văn Đợi, Dương Diệp Thiên Phú, Nguyễn Văn Luân, Lâm Hoàng Huấn, Lý Huỳnh Vĩnh Hưng","Mai Văn Đợi, Nguyễn Văn Luân","Dương Diệp Thiên Phú","","6","3","Volume 2024, Issue 7, July 2024, rjae460","https://doi.org/10.1093/jscr/rjae460","https://drive.google.com/open?id=1A74q6X0b-dxLkXJ0dya5h6dRz-9drRQk","","Phạm Văn Năng","","","","","",""
"27/12/2025 20:00:05","mvdoi@ctump.edu.vn","Mai Văn Đợi","0913167625","Korean J Gastroenterol"," 1598-9992 / 2233-6869","ISI/Web of Science","Q3","Q3","25/04/2025","Ileocecal Tuberculosis was Incidentally Diagnosed after Ingesting a Blister Pill Pack","Kiet Gia Le Nguyen 1, Nang Van Pham 2, Tuan Van Nguyen 2, Doi Van Mai 2, Hien Van Nguyen 2, Huan Hoang Lam 1, Tuan Thanh Tran 1, Phu Thien Diep Duong 1, Trinh Anh Thi Vo 2","Phạm Văn Năng, Mai Văn Đợi, Nguyễn Văn Tuấn, Võ Thị Ánh Trinh","Nguyễn Lê Gia Kiệt","","9","4","2025 Apr 25;85(2):201-206.","https://doi.org/10.4166/kjg.2024.121","https://drive.google.com/open?id=1VzVfEDhWQKT31ruFZf42BYKYCRKwuW1Z","","Nguyễn Lê Gia Kiệt","","","","","",""
"27/12/2025 20:03:40","nhtoan@ctump.edu.vn","Ngô Hoàng Toàn","0366592309","Plos One","1932-6203","ISI/Web of Science","Q1","0","27/12/2025","Genetic association of microRNA-146a polymorphisms with the severity of coronary artery lesions in acute myocardial infarction","Toan Hoang Ngo, Chuong Quoc Ho, Son Kim Tran","Ngô Hoàng Toàn, Trần Kim Sơn","Trần Kim Sơn","","3","2","20(12): e0339345","https://doi.org/10.1371/journal.pone.0339345","https://drive.google.com/open?id=1MzQn-heAGt6Aokb5CyComHcsreTSlhj2","","Ngô Hoàng Toàn","","","","","",""
"27/12/2025 20:06:42","mvdoi@ctump.edu.vn","Mai Văn Đợi","0913167625","Journal of Surgical Case Reports","2042-8812","ISI/Web of Science","Q3","0.5","06/09/2025","Reawakening of a dormant diaphragmatic hernia: a case of delayed post-traumatic presentation","Nang Van Pham , Tuan Van Nguyen , Doi Van Mai , Phu Diep Thien Duong , Kiet Gia Le Nguyen , Huan Hoang Lam , Jan Willem Greve","Phạm Văn Năng, Nguyễn Văn Tuấn, Mai Văn Đợi, Jan Willem Greve","Dương Diệp Thiên Phú","","7","3"," Volume 2025, Issue 9, September 2025, rjaf705","https://doi.org/10.1093/jscr/rjaf705","https://drive.google.com/open?id=11A0JBtCEi03uBZ7ysUoeFr7-Ajlt9ais","","Phạm Văn Năng","","","","","",""
"27/12/2025 21:36:09","dtkry@ctump.edu.vn","Dương Mỹ Linh","0918406374","Archives of the Balkan Medical Union","Kỷ yếu","Scopus","Q3","0","11/12/2025","EARLY PREGNANCY PRE-ECLAMPSIA SCREENING  USING FETAL MEDICINE FOUNDATION FORMULA:   A LONGITUDINAL STUDY","Linh My DUONG, Nghia Quang BUI  , Viet Hoang LE, Tien Thi Thuy LAM,  Thai Quoc DUONG,  Duc Long TRAN","Dương Mỹ Linh, Bùi Quang Nghĩa, Lê Việt Hoàng, Lâm Thị Thủy Tiên, Trần Đức Long","Bùi Quang Nghĩa","","6","5","vol. 60, no. 4, pp. 11-18","https://doi.org/10.31688/ABMU.2025.60.4.12","https://drive.google.com/open?id=1y9OD01Dbs5OKowRwU4RpwXGb4P1ZLYaF","","Dương Mỹ Linh","","","","","",""
"27/12/2025 21:43:56","ncquang@ctump.edu.vn","Ngô Chí Quang","0789565090","Archives of the Balkan Medical Union","1584-9244","Scopus","Q4",".","28/06/2025","Diagnostic utility of bacterial pneumonia score in severe bacterial pneumonia with respiratory failure in children","Chi Quang Ngo, Do Hung Tran, Quang Nghia Bui, Minh Anh Mai Truong","Ngô Chí Quang, Trần Đỗ Hùng, Bùi Quang Nghĩa, Trương Minh Ánh Mai","Ngô Chí Quang","","4","4","60 (2), 186-193","https://doi.org/10.31688/ABMU.2025.60.2.02","https://drive.google.com/open?id=1SsZKaYI5XpNatgo20ufbCf_5rtIvVapR","","Ngô Chí Quang","","","","","",""
"28/12/2025 9:54:44","vvklong@ctump.edu.vn","Vũ Văn Kim Long","0918830383","International Immunopharmacology - Elsevier","1567-5769","ISI/Web of Science, Scopus","Q1","4.7","11/10/2025","Engineered exosome-mediated delivery of MicroRNA let-7i-5p targets toll-like receptor 4 to modulate inflammation and alleviate acute liver injury in septic mice","Hong-Phuc Nguyen Vo, Chao-Yuan Chang, Van Long Le, Hung-Jen Shih, Bing-Hua Su, Van Kim Long Vu, Chun-Jen Huang","Võ Nguyên Hồng Phúc, Vũ Văn Kim Long","Vũ Văn Kim Long, Huang Chun-Jen","","7","2","Volume 168, Part 1, 1 January 2026, 115827","https://doi.org/10.1016/j.intimp.2025.115827","https://drive.google.com/open?id=15bq3TVVmpY7RNbbBfimGanF-Tzky6muk","https://drive.google.com/open?id=15IAJhMYZOLsFej3Rz1MESikuzukBbw_K, https://drive.google.com/open?id=1XYGwBRKO0GSo3fXACbW-TdZRyN-66b4d","Võ Nguyên Hồng Phúc","","","","","",""
"28/12/2025 15:06:13","nnuyen@ctump.edu.vn","Ngô Ngọc Uyên","0339300369","Journal of Alloys and Compounds","1873-4669","Scopus","Q1","6.3","26/12/2025","Microstructures, thermoelectric and nanomechanical properties of Bi2Se2Te thin films grown on SiO2/Si(100) substrates: Effects of helium pressure during pulsed laser deposition","Le Thi Cam Tuyen,  Phuoc Huu Le,  Ngo Ngoc Uyen,  Chih-Wei Luo,  Jenh-Yih Juang ,  Sheng-Rui Jian ","Lê Hữu Phước, Ngô Ngọc Uyên","Lê Hữu Phước","","","","Volume 1050","https://doi.org/10.1016/j.jallcom.2025.185795","https://drive.google.com/open?id=1B7Jr7MKNAa4zPmJAE2Umq8eDxoYGIvXM","https://drive.google.com/open?id=1Ti1C2_T3HvkxYAEFJTG1V0bnkhIMKj2V","Le Thi Cam Tuyen","","","","","",""
"05/01/2026 9:42:08","tltnhan@ctump.edu.vn","Trương Lê Thu Nhạn","0918905492","Journal of the Dental Association of Thailand","ISN 2730-4264","Scopus","Q4, Khác","0","01/01/2026","Determinants related to Disparities in Dental Care Utilization: Evidence from Thailand's Aging Society Prior to the National Oral Health Plan Implementation","Nhan Thu Le Truong, Tewarit Somkotra, Pagaporn Pantuwadee Pisarnturakit","Truong Le Thu Nhan","Pagaporn Pantuwadee Pisarnturakit","","3","1","J DENT ASSOC THAI VOL.76 NO.1 JANUARY - MARCH 2026","0045-9917 hoặc 2730-4280/ https://www.jdat.org/main/archive/9/2025/197/784/ISSUE","https://drive.google.com/open?id=1s8HX6IbZxHOQFUxijD07sACkN9o3PPHq","","Nhan Thu Le Truong ( Faculty of Dentistry, Chulalongkorn University; Faculty of Odonto-Stomatology, Can Tho University of Medicine and Pharmacy)","","","","","",""
"05/01/2026 20:43:58","lmnhan@ctump.edu.vn","Lê Minh Nhân","0937102277","Bulletin of Chemical Reaction Engineering & Catalysis","1978-2993","ISI/Web of Science, Scopus","Q3","1.3","01/12/2025","Charge Transport Kinetics in Fluorine-Doped Tin Oxide/Titanium Dioxide/Cadmium Sulfide/Cadmium Selenide Doped with Copper(II)/Zinc Sulfide Photoanode","Nguyen Van Minh, Nguyen Xuan Vinh, Le Minh Nhan, Bui Van Thang, Deepu Thomas","Lê Minh Nhân","Nguyễn Xuân Vinh","","5","1","20(4) 2025, 624-630","doi:10.9767/bcrec.20455","https://drive.google.com/open?id=1o80aQhPIQj_5Jype6IeE3tp-eSx7umP4","https://drive.google.com/open?id=1LUdr0uL96B5xSsaeZMm07ULuHvTkMVqp","Nguyễn Văn Minh","","","","","",""
"05/01/2026 20:47:04","lmnhan@ctump.edu.vn","Lê Minh Nhân","0937102277","Bulletin of Chemical Reaction Engineering & Catalysis","1978-2993","ISI/Web of Science","Q3","1.3","01/12/2025","Enhancement of Charge Transfer in Quantum Dot–sensitized Solar Cell Photoanodes by Supporting rGO Layers","Dang Huu Phuc, Ha Thanh Tung, Le Doan Duy, Le Minh Nhan","Lê Minh Nhân","Hà Thanh Tùng","","4","1","20(4) 2025, 650-660","doi: 10.9767/bcrec.20366","https://drive.google.com/open?id=1VMcwrrtPkiw-VHjmPqZU9BsFP_WmpBeP","https://drive.google.com/open?id=13ZWDNsHoU7Z_XxNQcIzYSxW2q_y72B1q","Dặng Hữu Phúc","","","","","",""
"07/01/2026 17:14:22","ntdkhanh@ctump.edu.vn","Trương Thị Tuyết Châu","0934143434"," European Journal of Physical Education and Sport Science","ISSN 2501 - 1235","ISI/Web of Science","Khác","0đ","01/11/2025","PHYSICAL FITNESS OF FEMALE STUDENTS AT CAN THO UNIVERSITY OF MEDICINE AND PHARMACY, VIETNAM","Trương Thi Tuyet Chau1, Nguyen Trung Kiên1, Chau Vinh Huy2i","Nguyễn Trung Kiên, Trương Thị Tuyết Châu","Trương Thị Tuyết Châu","","3","2","Tập 12, Số 11 (2025), 11-19","http://dx.doi.org/10.46827/ejpe.v12i11.6388","https://drive.google.com/open?id=1TgOT5VjmtOFOIvKkt7HhwKiy6S4107TR","","Trương Thị Tuyết Châu","","","","","",""
"07/01/2026 17:18:57","ntdkhanh@ctump.edu.vn","Trương Thị Tuyết Châu","0934143434","European Journal of Physical Education and Sport Science ","(ISSN 2501 - 1235)","ISI/Web of Science","Khác","ođ","01/11/2025","IDENTIFYING EVALUATION CRITERIA FOR THE PHYSICAL EDUCATION CURRICULUM FOR STUDENTS AT CAN THO UNIVERSITY OF MEDICINE AND PHARMACY, VIETNAM","Trương Thi Tuyet Chau1, Nguyen Trung Kiên1, Chau Vinh Huy2i","Nguyễn Trung Kiên, Trương Thị Tuyết Châu","Trương Thị Tuyết Châu","","3","2","Tập 12, Số 11 (2025), 39-48","http://dx.doi.org/10.46827/ejpe.v12i11.6405","https://drive.google.com/open?id=1zPWqMNX8Mm6Kbf_nSaw16tAUEW7RgF53","","Trương Thị Tuyết Châu","","","","","",""
"24/02/2026 9:19:32","nmlinh@ctump.edu.vn","Ngô Mỹ Linh","0865506961","European Journal of Human Resource Management Studies","2601-1972","Khác","Khác","0đ","17/02/2026","MANAGEMENT OF UNDERGRADUATE BRIDGING EDUCATION AT CAN THO UNIVERSITY OF MEDICINE AND PHARMACY","Ngo My Linh, Thai Cong Dan, Pham Kieu Anh Tho, Tran Binh Khiem, Nguyen Gia Thinh","Ngô Mỹ Linh, Phạm Kiều Anh Thơ, Trần Bình Khiêm, Nguyễn Gia Thịnh","Ngô Mỹ Linh","","5","4","10 (1), 77-101"," https://doi.org/10.46827/ejhrms.v10i1.2135","https://drive.google.com/open?id=1OUJQMrz9fUvdIaLyirgUr3CBPHdPAeOA, https://drive.google.com/open?id=1DMEybwds1j4V81pJys2rFqSKSNEzE4SN","","Ngô Mỹ Linh","","","","","",""
"24/02/2026 11:18:49","nnclan@ctump.edu.vn","Nguyễn Ngọc Chi Lan","0785039988","LE FRANCAIS EN ASIE-PACICIQUE","978-604-43-5442-3","Kỷ yếu hội nghị có phản biện","Kỷ yếu hội nghị có phản biện","0","25/10/2025","IMPACT DE CHATGPT SUR L'APPENTISSAGE AUTONOME DES ÉTUDIANTS DE FLE À L'UNIVERSITÉ DE CAN THO (VIETNAM)","Lữ Quốc Vinh, Nguyễn Ngọc Chi Lan","Nguyễn Ngọc Chi Lan","Nguyễn Ngọc Chi Lan","","2","1","trang 379 - 389","Kỷ yếu HN xuất bản thành sách","https://drive.google.com/open?id=1Ps3FUh0RqOgL_SZ5Emsc16iRXwYc2tTy","","Lữ Quốc Vinh","","","","","",""
"25/02/2026 15:19:50","ntkngan@ctump.edu.vn","Nguyễn Thị Kim Ngân","0898988293","Tropical Journal of Natural Product Research","ISSN 2616-0684 (Print) ISSN 2616-0692 (Electronic)","Scopus","Q3","0","10/01/2025","Prevalence, Antimicrobial Resistance, and Phylogenetic Characterization of Esbl- Producing Escherichia Coli Isolated from Clinical Specimens in Can Tho, Vietnam","Nga TN. Pham, Ngan TK. Nguyen, Minh Q. Huynh, Son T. Le","Phạm Thị Ngọc Nga, Nguyễn Thị Kim Ngân","Lê Trung Sơn","","4","2","9(9): 4418 - 4423","https://doi.org/10.26538/tjnpr/v9i9.41","https://drive.google.com/open?id=1qJeH9xDR4w1Xcz23fvMzjvYvTqBseI62","","Phạm Thị Ngọc Nga","","","","","",""
"13/03/2026 20:16:51","dthong@ctump.edu.vn","Đặng Thanh Hồng","0936465679","SCIENTIFIC CULTURE","(online) 2407-9529; (print) 2408-0071","Scopus","Q1","SJR: 2024 0.403; H-Index 11","17/12/2025","PRECLINICAL SKILL DEVELOPMENT IN MEDICAL TRAINING: A COMPREHENSIVE SYSTEMATIC REVIEW OF INFLUENCING FACTORS","Dang Thanh Hong, Nguyen Minh Phuong, Le Duc Ngoc, Tran Bich Ngoc","Dang Thanh Hong, Nguyen Minh Phuong,Tran Bich Ngoc","Nguyen Minh Phuong","Dang Thanh Hong, Nguyen Minh Phuong, Le Duc Ngoc, Tran Bich Ngoc","4","3","Vol. 11, No. 3.2, (2025), pp. 201-223","https://doi.org/10.5281/zenodo.11322517","https://drive.google.com/open?id=1V5PMkMtOFC6Inm6CnZtzbbzZ5zpD7fas","https://drive.google.com/open?id=1SllOlkLRvQTdxzQZH24qAPtfNiTLac1h","Dang Thanh Hong","","","","","",""
"15/03/2026 10:39:50","ttnam@ctump.edu.vn","Trương Thành Nam","0355058304","Scientific Reports","2045-2322","Scopus","Q1","3,9","10/03/2026","Lived experience and perceived barriers to self-care among patients with type 2 diabetes mellitus in South Ethiopia: a descriptive phenomenological study","Temesgen Anjulo Ageru, Cua Ngoc Le, Apichai Wattanapisit, Eskinder Wolka Woticha, Jiraporn Jaroenpool, Sang-arun Isaramalai, Shamarina Shohaimi, Nam Thanh Truong, Charuai Suwanbamrung","Trương Thành Nam","Charuai Suwanbamrung","","9","1","1-29","https://doi.org/10.1038/s41598-026-42142-6","https://drive.google.com/open?id=14gwvlwZ_kmup6PQXv9SE7iO0zf2mSdcV","","Temesgen Anjulo Ageru","","","","","",""
"18/03/2026 9:58:52","nntphuong@ctump.edu.vn","Nguyễn Ngọc Trúc Phương","0985749784","Médecine du Sommeil","1769-4493","Scopus","Q4","0.5","05/03/2026","Prévalence de l’insomnie chez les professionnels de santé au Vietnam: une première étude nationale multicentrique","Sy Duong-Quy, Tram Tang-Thi-Thao, Thai Nguyen-Duy, Lien Nguyen-Thi-Hong, Khue Bui-Diem, Quynh Tran-Xuan, Diep Nguyen-Thi-Hong, Toi Nguyen-Van, Thu Vo-Pham-Minh, Vinh Nguyen-Nhu, Franck Soyez, Francis Martin","Võ Phạm Minh Thư, Trần Xuân Quỳnh","Dương Quý Sỹ","","12","2","Vol 23 (Iss 1), pp. 59-60","https://doi.org/10.1016/j.msom.2025.12.088","https://drive.google.com/open?id=1N72Ml6TrqNgVp0GFTV8K46Ki5o72rAxg","","Dương Quý Sỹ","","","","","",""
"18/03/2026 10:24:20","nntphuong@ctump.edu.vn","Nguyễn Ngọc Trúc Phương","0975749784","	 Pulmonary Therapy","2364-1754","ISI/Web of Science, Scopus","Q2","3.1","20/01/2026","Management of Patients with Asthma, COPD, and OSA in Outpatient Unit: ACOSOU—Global Perspectives and Challenges","Sy Duong-Quy, Tuan Huynh-Anh, Thu Vo-Pham-Minh, Linh Tran-Thanh-Duy, Duyen Le-Thi-Hong, Trung Bui-Viet, Tien Nguyen-Quang, Tram Tang-Thi-Thao, Anh Nguyen-Tuan, Toi Nguyen-Van, Tran V. Hoc, Thu Nguyen-Ngoc-Phuong, Quan Vu-Tran-Thien, Khue Bui-Diem, Bang Nguyen-Trong, Thai Nguyen-Duy, Dung Nguyen-Thi-Thu, Thuy Tran-Phan-Chung, Huong Le-Thi-Minh, Linh Pham-Van, Giap Vu-Van, Vinh Nguyen-Nhu, Bao Le-Khac, Nhung Nguyen-Viet, Francis Martin, Thomas Penzel, Clete Kushida, Timothy Craig","Võ Phạm Minh Thư","Dương Sỹ Quý và Timothy Craig","","28","1","In press","	 https://doi.org/10.1007/s41030-026-00345-2","https://drive.google.com/open?id=1wE71E7ddA7FLjlUXxKMc8w7aPla67DxG","","Dương Sỹ Quý","","","","","",""
"18/03/2026 12:44:03","nntphuong@ctump.edu.vn","Nguyễn Ngọc Trúc Phương","0975749784","Open Heart (BMJ)","2053-3624","ISI/Web of Science, Scopus","Q1","2.8","02/03/2026","Depression may not be an independent risk factor for mortality in patients with cardiovascular disease: data from NHANES 2011–2018","Bao The Nguyen, Yi-Chang Li, Hoang Nhat Dang, Hoa Thai Nguyen, Nhung Thi Hong Thai, Dung Thanh Nguyen, Quyen Thuy Nguyen, Duy Tran Khanh Nguyen, Huyen Thi Ngoc Le, Vy Ngoc Bao Nguyen, An Viet Tran","Nguyễn Thái Hòa, Thái Thị Hồng Nhung,Trần Viết An","Trần Viết An","Nguyễn Thế Bảo và Yi Chang Li","11","3","Vol 13, e003754 ","10.1136/openhrt-2025-003754","https://drive.google.com/open?id=1995OtQWR-DL9WI2tLq2oJBQvx9UsF_9g","","Nguyễn Thế Bảo và Yi Chang Li","","","","","",""
"18/03/2026 12:52:20","nntphuong@ctump.edu.vn","Nguyễn  Ngọc Trúc Phương","0975749784","PeerJ ","2167-8359","ISI/Web of Science, Scopus","Q2","2.3","06/03/2026","Matrix metalloproteinase-2 (MMP2) rs243865 polymorphism and target end-organ damage in difficult-to-control hypertensive patients","Thuc Tri Nguyen, An Viet Tran, An Tuan Huynh, Quyen Thuy Nguyen, Linh Giao Ly Pham, Bao The Nguyen","Trần Viết An, Huỳnh Tuấn An","Nguyễn Thế Bảo","Nguyễn Trí Thức, Trần Viết An","6","2","Vol 14, 20489 ","10.7717/peerj.20489","https://drive.google.com/open?id=1YQUrAypnstc95otBewn-KXLrrbCq47UH","","Nguyễn Trí Thức, Trần Viết An","","","","","",""
"18/03/2026 13:00:50","nntphuong@ctump.edu.vn","Nguyễn Ngọc Trúc Phương","0975749784","Osteoporosis International","0937-941X","ISI/Web of Science, Scopus","Q1","4.0","08/01/2026","Muscle mass, not fat mass, predicts vertebral fracture risk: Vietnam osteoporosis study","Hoa T. Nguyen, Bao T. Nguyen, Quyen T. Nguyen, An V. Tran, Nhung H. T. Thai, Quyen X. T. Phan, Linh D. Mai, Thach S. Tran, Tuan V. Nguyen, Lan T. Ho-Pham.","Nguyễn Thái Hòa, Thái Thị Hồng Nhung, Trần Viết An","Nguyễn Thái Hòa, Hồ Phạm Thục Lan","Nguyễn Thái Hòa","10","3","Online First","10.1007/s00198-025-07831-4","https://drive.google.com/open?id=1U1AXuFUfo1tN81LXEUT7pRSi4hWzdjtK","","Nguyễn Thái Hòa","","","","","",""
"18/03/2026 13:09:35","nntphuong@ctump.edu.vn","Nguyễn Ngọc Trúc Phương","0975749784","Frontiers in Cardiovascular Medicine","2297-055X","ISI/Web of Science, Scopus","Q1","2.8","25/02/2026","implementation of robotic-assisted percutaneous coronary intervention","Thuong Dung Ho, Manh Cuong Nguyen, Tran Tran Nguyen, Long Tran, Huy Nguyen, Dil Mai, Tuong Mien Ngo, Duc Chinh Nguyen, Chi Cuong Tran, Loc Vu, An Viet Tran, Khiem Ngo, Thach Nguyen, Aravinda Nanjundappa","Trần Viết An, Nguyễn Trân Trân","Hồ Thương Dung","","14","2","Vol 13, 1731900","10.3389/fcvm.2026.1731900","https://drive.google.com/open?id=1u_Qh8-H4P3Ekr2SG4CE2Kn4aKi3Yc3ot","","Hồ Thương Dung","","","","","",""
"18/03/2026 19:55:36","ttchieu@ctump.edu.vn","Trương Thị Chiêu","0918125127","Journal of Cardiovascular Pharmacology and Therapeutics ","1074-2484","ISI/Web of Science, Scopus","Q1","2.8","02/06/2026","Preliminary Evidence for the Association of APOB rs1042034 With Short-Term Statin-Induced Lipid Lowering: An Exploratory Study in Vietnam ","Chau Thi Kim Doan, MD1, Anh Tan To Le,MD2, Chieu Thi Truong, MD3, LocDuc Ngo, MS, MD1 , Tran Tran Nguyen, MS, MD1, Duy Tran Khanh Nguyen, MS, MD1 , Phi Cong Pham, MD4, Tram Thi Bich Vo, MS, MD3 , Hao Minh Pham, MD1 , Dung Thanh Nguyen, MD1 , Tien Ngoc Thuy Pham1, and Bao The Nguyen, MS, MD5 ","Đoàn Thị Kim Châu, Trương Thị Chiêu, Ngô Đức Lộc, Nguyễn Trân Trânn","Nguyễn Thế Bảo","Lê Tân Tố Anh","12","4","31(0), 1-12","https://doi.org/10.1177/10742484261428536","https://drive.google.com/open?id=1PhkmaAFK03X0y4y4LQNIWn7MM2tQE83a","https://drive.google.com/open?id=1mxdYk61TcSKKeyWeBlW1L_yIxHjJ76Pf","Đoàn Thị Kim Châu","","","","","",""
"19/03/2026 22:09:13","nhtoan@ctump.edu.vn","Ngô Hoàng Toàn","0366592309","Plos one ","1932-6203","ISI/Web of Science, Scopus","Q1","2.6","26/12/2025","Genetic association of microRNA-146a polymorphisms with the severity of coronary artery lesions in acute myocardial infarction","Toan Hoang Ngo, Chuong Quoc Ho, Son Kim Tran","Ngô Hoàng Toàn, Trần Kim Sơn","Trần Kim Sơn","","3","2","20(12): e0339345","https://doi. org/10.1371/journal.pone.0339345","https://drive.google.com/open?id=1CiJMMYsQsYU0RpkbT8ySQN9onABgUEru","https://drive.google.com/open?id=186T0pjpc7GNID0WsoFRkKyC18xDKWhMM","Ngô Hoàng Toàn","","","","","",""
"19/03/2026 22:12:12","nhtoan@ctump.edu.vn","Ngô Hoàng Toàn","0366592309","Clinical Epidemiology and Global Health","2213-3984","ISI/Web of Science, Scopus","Q2","1.7","22/01/2026","May Measurement Month (MMM) program 2021–2024: Results of a community screening program in can Tho city, Vietnam","Son Kim Tran, Cuong Tan Vo, Phuong Minh Nguyen, Dung The Bui, Chau Minh Tran, Toan Hoang Ngo, Minh Van Huynh","Trần Kim Sơn, Nguyễn Minh Phương, Ngô Hoàng Toàn","Ngô Hoàng Toàn","","7","3","38 (2026) 102302","https://doi.org/10.1016/j.cegh.2026.102302","https://drive.google.com/open?id=1B_GYcz1oxkyrJyunEhPWfrEMJ7XRTPV_","https://drive.google.com/open?id=12aSOs2zSifPsKVvl7JBa8Gv6uCw8TUXy","Trần Kim Sơn","","","","","",""
"19/03/2026 22:21:53","ttchieu@ctump.edu.vn","Trương Thị Chiêu ","0918125127","Journal of Cardiovascular Pharmacology and Therapeutics ","1074-2484","ISI/Web of Science, Scopus","Q1","3.0","06/02/2026","Preliminary Evidence for the Association of APOB rs1042034 With Short-Term Statin-Induced Lipid Lowering: An Exploratory Study in Vietnam","Chau Thi Kim Doan, MD1, Anh Tan To Le,MD2, Chieu Thi Truong, MD3, LocDuc Ngo, MS, MD1 , Tran Tran Nguyen, MS, MD1, Duy Tran Khanh Nguyen, MS, MD1 , Phi Cong Pham, MD4, Tram Thi Bich Vo, MS, MD3 , Hao Minh Pham, MD1 , Dung Thanh Nguyen, MD1 , Tien Ngoc Thuy Pham1, and Bao The Nguyen, MS, MD5","Đoàn Thị Kim Châu, Trương Thị Chiêu, Ngô Đức Lộc, Nguyễn Trân Trân, Nguyễn Trần Khánh Duy, Phạm Minh Hào, Nguyễn Thanh Dung, Phạm Ngọc Thủy Tiên","Nguyễn Thế Bảo"," Không","12","7","Volume: 31; Pages: 1–12","https://doi.org/10.1177/10742484261428536","https://drive.google.com/open?id=1ploWxNDaLyq1PQDEmEtB6HKP3ythr9vj","https://drive.google.com/open?id=1CO1FmhCJn3aptAYqvkDdBHw9uw3xZj0m","Đoàn Thị Kim Châu","","","","","",""
"20/03/2026 18:55:11","tnkhue@ctump.edu.vn","Trương Nhựt Khuê","0983998339","Journal of Clinical Pediatric Dentistry (jocpd)","ISSN: 1557-5268","Scopus","Q2","2.3","01/03/2026","A comparative evaluation of Angle Class II Division 1 malocclusion treatment effects using an activator versus an EF Line® preformed appliance in the Vietnamese population: a randomized controlled trial","Nguyen Nu Khoi Le, Lam Nguyen Le, Binh Thi Cam Lu, Khue Nhut Truong, Khanh Phuong Vu Le","Lam Nguyen Le, Khue Nhut Truong","Lam Nguyen Le","","5","2","50(2), 171-180","DOI: 10.22514/jocpd.2026.046","https://drive.google.com/open?id=14mQrxvxHLl2vGRMWcMMxv-3mxJBWNTCU","https://drive.google.com/open?id=1m3fdOoYPyUfS10SHI6JGJEtJOrGD88A_","Lê Nữ Khôi NGuyên","","","","","",""
"21/03/2026 10:45:18","dhquan@ctump.edu.vn","Đặng Hồng Quân","0919063702","Journal of Emergencies, Trauma, and Shock","0974-2700","ISI/Web of Science, Scopus","Q2","0.7","20/03/2026","Prognostic Value of the Mannheim Peritonitis Index in Predicting Mortality Following Emergency Surgery for Hollow Viscus Perforation","Dang, Hong Quan; Nguyen, Van Bi; Cao, Quoc Viet; Duong, Hoai Thuong; Cao, Thuong Tri; La, Van Phu","Đặng Hồng Quân","Đặng Hồng Quân","","6","1","19(1):p 30-33, Jan–Mar 2026.","https://DOI: 10.4103/jets.jets_109_25","https://drive.google.com/open?id=13IYjfG7KKrBwMKbQPsyHzIXVulJ2S3Gu","","Đặng Hồng Quân","","","","","",""
"21/03/2026 11:19:39","pmquan@ctump.edu.vn","Phạm Minh Quân","0943275273","Brazillian Journal of Infectious Diseases","1413-8670","Scopus","Q2","2.8","30/12/2025","Comparison of Pediatric Risk of Mortality-III, Phoenix Sepsis, and pediatric Sequential Organ Failure Assessment scores for predicting septic shock in Vietnamese children with sepsis","Khai Quang Tran * , Ngan Tuong Thien Pham , Tri Duc Nguyen , Quan Minh Pham","Trần Quang Khải, Phạm Minh Quân","Phạm Minh Quân","","4","2","30 (1)","https://doi.org/10.1016/j.bjid.2026.104612","https://drive.google.com/open?id=1JGhXI8JwZbbFjPdflpE4woU8bamcRyYE","https://drive.google.com/open?id=1MfNR7xUpK74GeF5FZPxsBbNRT5tVRGdV","Trần Quang Khải","","","","","",""
"21/03/2026 11:25:48","pmquan@ctump.edu.vn","Phạm Minh Quân","0943275273","The Archives of Pediatric Infectious Diseases ","2322-1828","Scopus","Q3","0,4","30/06/2025","Detection of Non-typeable Haemophilus influenzae as a Causative Pathogen of Community-Acquired Pneumonia in Vietnamese Children","Khai Quang Tran, Trung Quoc Ly, Thu Thi Kim Le, Long Duy Phun, Tuyen Nguyen Kim Pham, Quan Minh Pham *","Khai Quang Tran, Long Duy Phun, Tuyen Nguyen Kim Pham, Quan Minh Pham","Phạm Minh Quân","","6","4","13 (4)","https://doi.org/10.5812/apid-159918","https://drive.google.com/open?id=1XuO2cpYhAwBR9-TW63-pZQKZ9OH-8Rev","https://drive.google.com/open?id=1s9VB9r22NjEjzjrPL-cbisXGxmyzaqgm","Trần Quang Khải","","","","","",""
"21/03/2026 23:22:15","tmamai@ctump.edu.vn","Trương Minh Ánh Mai","0962692066","Nephrology","ISSN:1440-1797","ISI/Web of Science, Scopus","Q2","1.9","08/02/2026","Nomogram-Based Admission Model to Predict Early Hypovolaemic Shock in Paediatric Nephrotic Syndrome: Derivation and Internal Validation","Ngo Chi Quang, Tran Do Hung, Nguyen Thi Bao Ngoc, Le Hoang My, Huynh Tien Trung, Duong Thi Kim Loan, Truong Minh Anh Mai, Tran Hoang Minh Duc","Ngô Chí Quang, Trần Đỗ Hùng, Lê Hoàng Mỷ, Trương Minh Ánh Mai","Ngô Chí Quang","Trần Đỗ Hùng","8","4","Volume 31, Issue 2, e70173","https://doi.org/10.1111/nep.70173Digital Object Identifier (DOI)","https://drive.google.com/open?id=1vxHBpyCYf-7P7yy7L7Lr4XsiRJ6BHJ-a","","Ngô Chí Quang","","","","","",""
"22/03/2026 13:39:51","ndhngan@ctump.edu.vn","Nguyễn Đặng Hiền Ngân","0943036397","Nutrition","Print ISSN: 0899-9007 Online ISSN: 1873-1244","ISI/Web of Science, Scopus","Q2","3.0","31/12/2025","Assessing food and nutrient security in Taiwan: Integrating sustainability and the planetary health diet","Dang Hien Ngan Nguyen , Chiao-Ming Chen , Shih-Ping Lin , Hong Nhung Lam , Chien-Tien Su , Kang Ernest Liu , Shu-Chen Lee , Sing-Chung Li ","Nguyễn Đặng Hiền Ngân","Sing Chung Li","","8","1","Volume 145, 113085","10.1016/j.nut.2025.113085","https://drive.google.com/open?id=1p1Iwzxx6UBrtNhZp20LM0_ZPoQB69kbl","https://drive.google.com/open?id=1pguij_jfNnAVM2mjqG_5WPn2wuBEHnGS","Nguyễn Đặng Hiền Ngân","","","","","",""
"23/03/2026 0:53:36","khnhan@ctump.edu.vn","Kha Hữu Nhân","0919630375","ORIGINAL PAPER MED ARCH","0350-199X, 1986-5961","Scopus","Q3","không","15/10/2025","2D Speckle-tracking Echocardiography Parameters and Prognostic Performance of the Progression Among Patients with Stroke","Diem Thi Nguyen, Nhan Huu Kha, Duy Huu Duong, Thuc Tri Nguyen, Cang Trung Huynh, Huy Gia Truong, Dung The Bui","Nguyễn Thị Diễm, Kha Hữu Nhân, Dương Hữu Duy","Bùi Thế Dũng","","7","3","79(5), 358-364","doi: 10.5455/medarh.2025.79.358-364","https://drive.google.com/open?id=1xTFHShMDUy5V5nLbAqdRUwStU4Uraasi","","Nguyễn Thị Diễm","","","","","",""
"23/03/2026 16:02:37","ntklan@ctump.edu.vn","Nguyễn Thị Kiều Lan","0364137926","International Journal of Environmental Research and Public Health","1660-4601","Scopus","Q1","3,3","09/11/2025","Determinants of Parental Adherence to Childhood Immunization Among Children Under Five in Marginalized Asian Populations","Uyen Thi To Nguyen and Cua Ngoc Le Nitima Nulong , Nirachon Chutipattana, Lan Thi Kieu Nguyen , An Dai Tran","Nguyễn Thị Kiều Lan","Lê Ngọc Của","","6","1","22 (11), 1692","10.3390/ijerph22111692","https://drive.google.com/open?id=1qQUcSp2vZs1ODWFX5bSAT22GUPuG-vBP","","Nitima Nulong","","","","","",""
"23/03/2026 21:53:13","ntdiem@ctump.edu.vn","Nguyễn Thị Diễm","0949256715","Medical Archives","1986-5961","Scopus","Q3","SJR ≈ 0.326 (Q3)","15/10/2025","2D Speckle-tracking  Echocardiography Parameters  and Prognostic Performance  of the Progression Among  Patients with Stroke","Diem Thi Nguyen¹, Nhan Huu Kha¹, Duy Huu Duong¹, Thuc Tri  Nguyen³, Cang Trung Huynh¹˒⁴, Huy Gia Truong⁵, Dung The Bui¹˒²","Nguyễn Thị Diễm, Kha Hữu Nhân, Dương Hữu Duy","Bùi Thế Dũng","","7","3"," 79(5): 358-364","10.5455/medarh.2025.79.358-364","https://drive.google.com/open?id=1VRYSURS2lrutjS2MuhxhNyjWOEddOjYk","","Nguyễn Thị Diễm","","","","","",""
"24/03/2026 16:11:51","nhthai@ctump.edu.vn","Nguyễn Hoàng Thái","0919455356","Proceedings of the International Conference on Sustainable Computing","Series ISSN: 1876-1100  Series E-ISSN: 1876-1119","Scopus, Kỷ yếu hội nghị có phản biện","Q4, Kỷ yếu hội nghị có phản biện","0đ","23/02/2026","Knee Osteoarthritis Detection and Severity Classification Based on X-ray Images Using ResNet and SEResNet Models","Thai Hoang Nguyen, Hai Thanh Nguyen & Nguyen Thai-Nghe","Nguyễn Hoàng Thái","Nguyễn Thái Nghe","","3","1","73-92","Kỷ yếu.  https://doi.org/10.1007/978-981-95-6063-9_6","https://drive.google.com/open?id=1pn1LAXWw-hW6VP-q0oqK0KmRH6dnemc3, https://drive.google.com/open?id=1ViDpOfX7IADLi32OhSLEje__Uo58LN0C, https://drive.google.com/open?id=1k04WhLWZikkDLReS4P5bAlQgQesszo57, https://drive.google.com/open?id=1uNT3Wo3gondb4-2qZxr6pnAcx3jPC203","","Nguyễn Hoàng Thái","","","","","",""
"25/03/2026 9:35:18","drnguyentrantran1987@gmail.com","NGUYỄN TRÂN TRÂN","0989195945","Journal of Cardiovascular Pharmacology and Therapeutics","1074-2484","Scopus","Q2","Q2","06/02/2026","Preliminary Evidence for the Association of APOB rs1042034 With Short-Term Statin-Induced Lipid Lowering: An Exploratory Study in Vietnam","Chau Thi Kim Doan, MD1, Anh Tan To Le, MD2, Chieu Thi Truong, MD3, Loc Duc Ngo, MS, MD1 , Tran Tran Nguyen, MS, MD1, Duy Tran Khanh Nguyen, MS, MD1 , Phi Cong Pham, MD4, Tram Thi Bich Vo, MS, MD3 , Hao Minh Pham, MD1 , Dung Thanh Nguyen, MD1 , Tien Ngoc Thuy Pham1, and Bao The Nguyen, MS, MD5","Đoàn Thị Kim Châu, Nguyễn Trân Trân, Ngô Đức Lộc, Trương Thị Chiêu, Nguyễn Thế Bảo","Nguyễn Thế Bảo","","12","5","Vol. 31: 1-12","https://doi.org/10.1177/10742484261428536","https://drive.google.com/open?id=1VNTa-QY9QcEEAYs7m2OsfpVHe6Y8jiIZ","","Đoàn Thị Kim Châu","","","","","",""
"25/03/2026 9:47:24","drnguyentrantran1987@gmail.com","NGUYỄN TRÂN TRÂN","0989195945","Frontiers in Cardiovascular Medicine"," 2297-055X","Scopus","Q1","2,9","25/02/2026","Safety and feasibility during early implementation of robotic-assisted percutaneous coronary intervention","Thuong Dung Ho1*, Manh Cuong Nguyen2, Tran Tran Nguyen3, Long Tran2, Huy Nguyen2, Dil Mai2, Tuong Mien Ngo2, Duc Chinh Nguyen2, Chi Cuong Tran2, Loc Vu4,5, An Viet Tran3, Khiem Ngo6, Thach Nguyen4,5 and Aravinda Nanjundappa","NGUYỄN TRÂN TRÂN, TRẦN VIẾT AN","HỒ THƯỢNG DŨNG","","14","2","Volume 13 - 2026","https://doi.org/10.3389/fcvm.2026.1731900","https://drive.google.com/open?id=1DO2fTfee50mV-rkPldEITJlSIu2cr74t","","HỒ THƯỢNG DŨNG","","","","","",""
"25/03/2026 11:12:03","nnuyen@ctump.edu.vn","Ngô Ngọc Uyên","0339300369","Science and Technology of Advanced Materials ","ISSN (e-ISSN) of 1878-5514 and a print ISSN (p-ISSN) of 1468-6996","Scopus","Q1","6.9","23/03/2026","Thermoelectric, magnetotransport, and ultrafast dynamics of bismuth telluride thin films grown using pulsed laser deposition: effects of substrate temperature and post-annealing","Le Thi Cam Tuyen, Bih-Show Lou, Jyh-Wei Lee, Ngo Ngoc Uyen, Phuoc Huu Le, Chien-Neng Liao, Chih-Wei Luo, Jiunn-Yuan Lin","Ngô Ngọc Uyên, Lê Hữu Phước","Lê Hữu Phước","","","","2026, VOL. 27, NO. 1, 2639789 ","https://doi.org/10.1080/14686996.2026.2639789","https://drive.google.com/open?id=1o0k9xBdDXfsYXtHQuVRYnlgVlUts9LgH","","Lê Thị Cẩm Tuyên","","","","","",""
"25/03/2026 21:58:39","ndloc@ctump.edu.vn","Ngô Đức Lộc","0901270255","Journal of Cardiovascular Pharmacology","0160-2446","ISI/Web of Science, Scopus","Q2","2.8","03/03/2026","Preliminary Evidence for the Association of APOB rs1042034 With Short-Term Statin-Induced Lipid Lowering: An Exploratory Study in Vietnam","Chau Thi Kim Doan, Anh Tan To Le, Chieu Thi Truong, Loc Duc Ngo, Tran Tran Nguyen, Duy Tran Khanh Nguyen, Phi Cong Pham, Tram Thi Bich Vo, Hao Minh Pham, Dung Thanh Nguyen, Tien Ngoc Thuy Pham, Bao The Nguyen","Đoàn Thị Kim Châu, Trương Thị Chiêu, Ngô Đức Lộc, Nguyễn Trân Trân","Nguyễn Thái Bảo","","12","4","16, 1-12","DOI: 10.1177/10742484261428536","https://drive.google.com/open?id=10vHhdwlLallkctUFBHSPzZNYnQTsv5yP","https://drive.google.com/open?id=1K_okp0iVZbOJGpu1c8PSZBATHQgb9sO5","Đoàn Thị Kim Châu","","","","","",""
"25/03/2026 23:10:18","phly@ctump.edu.vn","Phạm Hữu Lý","0907449456","International Maritime Health","1641-9251","ISI/Web of Science, Scopus","Q3","1.0","30/09/2025","Initial results of treating thermal burns by hyperbaric oxygen therapy at the Vietnam National Institute of Maritime Medicine","Ly Huu Pham, Nam Bao Nguyen, Son Truong Nguyen, Chi Quynh Tran Thi, Tam Van Nguyen, Long Hoang Ngo, Thanh Hoang Duong, Ai Kha To Tran","Phạm Hữu Lý, Dương Hoàng Thành, Ngô Hoàng Long","Phạm Hữu Lý","","8","3","76 (3), 224-228","10.5603/imh.101727","https://drive.google.com/open?id=16h4bXRXY4EGXgV82vRmDVUqIzy2t-gKz","https://drive.google.com/open?id=1_1fcacF0pY_BeynA-PCAH8cEDabrpooj","Phạm Hữu Lý","","","","","",""
"27/03/2026 7:11:22","pdlong@ctump.edu.vn","Phún Duy Long","0814000035","BMC Medical Education","1472-6920","ISI/Web of Science, Scopus","Q1"," ","15/01/2026","University adaptation among first-year medical students: development and psychometric validation of the medical student adaptation questionnaire in Vietnam","Ngoc Bich Tran, Ly Cong Tran, Quynh Thi Truc Nguyen, Dang Hai Le Vu, Duc Phu Nguyen, Loan Ngoc Mai, Thu Anh Hoang Nguyen, Thao Thanh Thi Nguyen, Long Duy Phun, My Hoang Le, Phuong Minh Nguyen ","Trần Bích Ngọc, Nguyễn Thị Thanh Thảo, Phún Duy Long, Lê Hoàng Mỷ, Trần Công Lý, Nguyễn Minh Phương","Trần Công Lý","","11","6","Volume 26, article number 243, (2026)","https://doi.org/10.1186/s12909-026-08592-2","https://drive.google.com/open?id=14zJsp5Jc0ovHDHMZvRvDjWBNQWexIYUn","","Trần Bích Ngọc","","","","","",""
"29/03/2026 14:04:34","nvthong@ctump.edu.vn","Nguyễn Văn Thống","0965050818","Annali di Igiene, Medicina Preventiva e di Comunità","ISSN (online): 3035-5559","Scopus","Khác","Q","30/01/2026","Anxiety, depression, and loneliness as key predictors of sleep disturbances in hypertensive elderly","Nguyễn Văn Thống, Nguyễn Thắng, Nguyễn Văn Tuấn, Lý Lan Chi, Nguyễn Thị Hồng Tuyến","Nguyễn Văn Thống, Nguyễn Thắng, Nguyễn Thị Hồng Tuyến, Nguyễn Tấn Đạt","Nguyễn Tấn Đạt","","6","4","Vol. 38 No. 1 (2026)","10.7416/ai.2026.17861","https://drive.google.com/open?id=1xVdHxy8kBX8xEc-1kOwboqSSikx__Jbb","","Nguyễn Văn Thống","","","","","",""
"30/03/2026 14:57:05","axsam@ctump.edu.vn","Âu Xuân Sâm","0988092229","Educational Process: International Journal","ISSN 2147-0901 (Print), 2564-8020 (Online)","Scopus","Q1","...","09/09/2025","EMI Lecturers' Beliefs on Teacher Collaboration between Content and Language Lecturers","Âu Xuân Sâm, Phương Hoàng Yến, Nguyễn Thị Hương Lan","Âu Xuân Sâm","Âu Xuân Sâm","","3","0","18","https://doi.org/10.22521/edupij.2025.18.467","https://drive.google.com/open?id=10a1hDX0CSDnwpFwMkCvJY1clbMukdMUS","","Âu Xuân Sâm","","","","","",""
"01/04/2026 10:50:59","lhlhuong@ctump.edu.vn","Lý Huỳnh Liên Hương","0789420698","Malaysian Journal of Science ","1394-3065","Scopus","Q4","1.0","31/03/2026","Utilizing Black Turtle Beans (Phaseolus vulgaris) for Enhanced Natto Production: A Promising Alternative to Soybeans","Huong Huynh-Lien Ly, Thanh Van Nguyen","Lý Huỳnh Liên Hương","Nguyễn Văn Thành","","2","1","45 (1), 9-16 ","https//doi.org/10.22452/mjs.vol45no1.2","https://drive.google.com/open?id=1gu5MTV3atuMeI2FcbdknJBl1a8fbtOX0","","Lý Huỳnh Liên Hương","","","","","",""
"02/04/2026 14:49:52","ndhngan@ctump.edu.vn","Nguyễn Đặng Hiền Ngân","0943036397","Nutrients","2072-6643","ISI/Web of Science","Q1","IF=5","22/11/2025","Bioactive Nutritional Components Within the Planetary Health Diet for Preventing Sarcopenic Obesity and Diabetic Sarcopenia: A Systematic Review","Lia Elvina , Chiao-Ming Chen , Dang Hien Ngan Nguyen, Chun-Che Wei, Chien-Tien Su, Te-Chao Fang , Fandi Sutanto, Sing-Chung Li ","Nguyễn Đặng Hiền Ngân","Sing-Chung Li","","8","1","Volume: 17 Issue: 23 Article number: 3656","10.3390/nu17233656","https://drive.google.com/open?id=1Zc7pvz5zIZ7e41Q-COghvBcM0n8kUPc9","https://drive.google.com/open?id=13KdrAQmvWgHViLLgO0IwjibK5g8Q97p8","Lia Elvina","","","","","",""
"24/04/2026 11:35:31","nptai@ctump.edu.vn","Nguyễn Phước Tài","0923251185","International Journal of Evaluation and Research in Education (IJERE)","2252-8822","Scopus","Q2","Q2","24/04/2026","International Journal of Evaluation and Research in Education (IJERE)","Phuoc Tai Nguyen, Thanh Hung Nguyen, Thuan Quy Nguyen","Nguyễn Phước Tài, Nguyễn Thanh Hùng","Nguyễn Thuận Quý","","","","Vol 15, No 2, page: 1469-1477 "," https://doi.org/10.11591/ijere.v15i2.37760","https://drive.google.com/open?id=1Mr3ee-Ex0ZanhxGXJ2NPKROjvwnd99Wt","https://drive.google.com/open?id=1jrb1GNXwi4X1sLw6i3m7kjm5LRN2i715","Nguyễn Phước Tài","","","","","",""
"28/04/2026 15:19:32","nptai@ctump.edu.vn","Nguyễn Phước Tài","0923251185","International Journal of Social Science and Human Research","2644-0695","Khác","Khác","0","25/04/2026","Flipped Classroom Integrated with Digital Technology in Teaching Marxist-Leninist Philosophy to International Medical Students: A Mixed-Methods Experimental Study","Phuoc Tai Nguyen, Thuan Quy Nguyen, Thi Kim Hoang Tran","Nguyễn Phước Tài","Nguyễn Phước Tài","","","","Volume 09 Issue 04, 3138-3145","https://doi.org/10.47191/ijsshr/v9-i4-67","https://drive.google.com/open?id=1I6KE2v22tdt1Zgwdvi04psqJoEe561Jd","","Nguyễn Phước Tài","","","","","",""
"28/04/2026 16:05:33","nthung@ctump.edu.vn","Nguyễn Thanh Hùng","0988447509","International Journal of Social Science and Human Research","2644-0679 (print), 2644-0695 (online)","Khác","Khác","Không","04/04/2026","“Why Does the Worst-Rated Dimension Matter Most?” Functional Belonging and Clinical Language Access as Determinants of International Medical Student Satisfaction in a Vietnamese EMI Programme","Hung Nguyen Thanh, Tien Lam Thi Thuy, Thanh Dương Quoc, Binh Cao Luong","Nguyễn Thanh Hùng, Lâm Thị Thủy Tiên, Dương Quốc Thanh, Cao Lương Bình","Nguyễn Thanh Hùng","","4","4","9(4), 2026","https://doi.org/10.47191/ijsshr/v9-i4-64","https://drive.google.com/open?id=1o4Uj31--tZ-nVwTLpuzCXnNcIhv80j2C","","Nguyễn Thanh Hùng","","","","","",""
"01/05/2026 14:49:01","ttnam@ctump.edu.vn","Trương Thành Nam","0355058304","Scripta Medica","2490-3329","Scopus","Q4","0","01/05/2026","Prevalence and Associated Factors of Depression in  Women in the Last Trimester of Pregnancy: A Cross-Sectional Study in a Southern Province of  Vietnam","Thi Gai Le Khai Quang Huynh, Le Minh Quan Dong, Tai Nang Tran, Quach Giang My Nguyen, Thanh Nam Truong, Phuc Lam Duong","Lê Thị Gái, Trương Thành Nam, Dương Phúc Lam","Lê Thị Gái","","7","3","57(2): 267-75","DOI:10.5937/scriptamed57-64810","https://drive.google.com/open?id=1E7J6byTHCPXMQV1o3fqEoC3ADrRIVi8g","","Huỳnh Khải Quang","","","","","",""
"05/05/2026 16:08:18","ltgai@ctump.edu.vn","Lê Thị Gái","0917697929","Scripta Medica","03508218, 23037954","Scopus","Q4","Q4","25/02/2026","Prevalence and Associated Factors of Depression in Women in the Last Trimester of Pregnancy: A Cross-Sectional Study in a Southern Province of Vietnam","Khai Quang Huynh, Le Minh Quan Dong, Tai Nang Tran, Quach Giang My Nguyen, Thanh Nam Truong, Phuc Lam Duong, Thi Gai Le","Lê Thị Gái (Liên hệ), Dương Phúc Lam, Trương Thành Nam","Lê Thị Gái","","7","3","vol 57(2):267-75.","DOI:10.5937/scriptamed57-64810","https://drive.google.com/open?id=13vbooEXo0quJ_04jglex02hbaRAJYDQa, https://drive.google.com/open?id=11Jz3qUwZwrbfNH1yMG52U3BWiLwgE6zM, https://drive.google.com/open?id=19Ub-cBqQg5zxzY33vyyVNiRaex732CKc, https://drive.google.com/open?id=1xuem6u3MoThrd8bxZb2jCEMRcGJMr-1k, https://drive.google.com/open?id=1qPAvjZ1JPjDII6wr6myXokyl7xr6zGJt","","Huỳnh Quang Khải","","","","","",""
"14/05/2026 14:23:19","tvhoang@ctump.edu.vn","Trần Việt Hoàng","0975745738","Asian Pacific Journal of Cancer Care","2588-3682","Scopus","Q4","Q4","03/04/2026","Prognostic determinants in children with Wilms’ tumor treated with neoadjuvant chemotherapy: a single-center prospective cohort study","Nhan Truong Vu, Hoang Viet Tran","Trần Việt Hoàng","Trần Việt Hoàng","","2","1","11 (3), 399-405","10.31557/APJCC.2026.11.3.399","https://drive.google.com/open?id=1DTN7d-DPt6afVX9djalf_JZ1fHSw2zVy","","Vũ Trường Nhân","","","","","",""
"06/06/2026 17:49:15","nptai@ctump.edu.vn","Nguyễn Phước Tài","0923251185","The International Journal of Special Education (IJSE)","0827-3383","ISI/Web of Science, Scopus","Q3","Q3","05/06/2026","Applying Ho Chi Minh’s Humanistic Educational Philosophy to Inclusive and Special Education: A Conceptual Framework","Thuan Quy Nguyen, Moc Giao Nguyen, ShiJian HONG, Phuoc Tai Nguyen","Nguyễn Phước Tài","ShiJian HONG","","","","2026,41(3s),761-768","https://internationalsped.com/index.php/ijse/article/view/2883/392","https://drive.google.com/open?id=1vXccwTnqn1-smiSEJwUxd9UAtoW79uHc","","Nguyễn Thuận Quý","","","","","",""
"15/06/2026 9:54:12","nphung@ctump.edu.vn","Nguyễn Phục Hưng","0909754664","Journal of Public Health and Development ","2651-1258","Scopus","Q4","0.46","08/05/2026","Assessing factors related to student entrepreneurial intentions: A quantitative study in Vietnam","Phat N.B., Ha L.T., An L.T., Tram T.N., Lien N.T.B., Hung N.P., Tho V.T., Huong V.T.M., Suol P.T., Minh N.T.T.","Nguyễn Phục Hưng, Vũ Tấn Thọ, Võ Thị Mỹ Hương, Phạm Thành Suôl, Nguyễn Thị Tuyết Minh","Nguyễn Phục Hưng","","10","5","24(2), 86-101","https://doi.org/10.55131/jphd/2026/240206","https://drive.google.com/open?id=1M_31sJ7J_Poq8TvK6ecRHC5iPP3fu68Y","","Nguyễn Bảo Phát","","","","","",""
"15/06/2026 12:21:10","nptai@ctump.edu.vn","Nguyễn Phước Tài","0923251185","Journal of Daoist Studies","1941-5524","Scopus","Q2","Q","15/06/2026","Daoist Currents in a Vietnamese New Religion: Caodaism and the Three Teachings of China","Lai Thi Thanh Binh, Phuoc Tai Nguyen, Van Thuy Dinh","Nguyễn Phước Tài","Nguyễn Phước Tạ","","","","19-3s (2026), 1-11","https://journalofdaoiststudies.org/index.php/journal/article/view/446/246","https://drive.google.com/open?id=1ZvF2hQHQ8YCCQEh8qZVxPteRdJVHaNt1","","Lại Thị Thanh Bình","","","","","",""
"15/06/2026 16:20:40","csvc@ctump.edu.vn","Phạm Văn Cư","0901244111","Conference Handbook: 2026 Taiwan International Symposium on Land Subsidence, Ground Deformation in a Changing World: Land Subsidence, Climate, and Resilience","Kỷ yếu","Kỷ yếu hội nghị có phản biện","Kỷ yếu hội nghị có phản biện","0","13/04/2026","Land subsidence mechanisms involved to concrete pile foundation insight from a Vietnam case study","Hung-Thoi Do, Chih- Chung Chung, Yong- Ming Tien, Duy- Khuong Tran, Hoang Le, Chau-Lan Nguyen, Thi-Anh-Hong Le, Thanh-Phat Nguyen and Van-Cu Pham","Phạm Văn Cư","Phạm Văn  Cư","","9","1","23/62","Kỷ yếu","https://drive.google.com/open?id=1aPjpwKrrmKow_bJRDJkBDBJNQ1Z3ojBx","","Hung-Thoi Do","","","","","",""
"18/06/2026 9:47:11","ctnh@ctump.edu.vn","Ngô Phương Thảo","0989007877","Hong Bang International University Journal of Science","2615 - 9686","Khác","Khác","0đ","01/06/2026","A study on the associaƟon between social media use and stress levels in students at Can Tho University of Medicine and Pharmacy in 2025","Tran Thi Nhu Phuong, Han Ngoc Tuyet Bang, Le Thi Ngoc Chau, To Kieu Linh, Nguyen Phuc Hung , Vo Thi My Huong, Ngo Phuong Thao, Nguyen Thi Bich, Nguyen Thi Hai Yen","Nguyen Phuc Hung , Vo Thi My Huong, Ngo Phuong Thao, Nguyen Thi Bich, Nguyen Thi Hai Yen","Ngo Phuong Thao","","9","5","Vol.10 - 6/2026: 1-12","hƩps://doi.org/10.59294/HIUJS20250XX","https://drive.google.com/open?id=1tmtxaEWv10_2uuZOvpXVfdcXxeYRlomn","","Nguyen Phuc Hung","","","","","",""
"18/06/2026 10:46:06","nthien@ctump.edu.vn","Nguyễn Thị Hiền","0944700636","Global Transition","Online ISSN: 2589-7918","ISI/Web of Science, Scopus","Q1","3.1","05/01/2026","Transforming health systems in Vietnam's demographic transition: sarcopenia screening thresholds","Hien Thi Nguyen, Charuai Suwanbamrung, Apichai Wattanapisit, Thang Nguyen, Warapone Satheannoppakao, Dung Tam Nguyen Huynh, Tam Thai Thanh Tran, Khanh Hoang Pham, Cua Ngoc Le","Hien Thi Nguyen, Thang Nguyen, Dung Tam Nguyen Huynh, Tam Thai Thanh Tran, Khanh Hoang Pham","Cua Ngoc Le","","8","5","Volume 8, Issue 1, May 2026, Pages 120-128","https://doi.org/10.1016/j.glt.2025.10.003","https://drive.google.com/open?id=1ZHfQGOzkILMuuyaNr7XfVkQzNPQEZvHx","","Nguyen Thi Hien","","","","","",""
"18/06/2026 10:55:06","lmnhan@ctump.edu.vn","Lê Minh Nhân","0937102277","Clinical Infection in Practice","2590-1702","Scopus","Q3","Q3","18/06/2026","Mixed microbial detection by sputum multiplex PCR in severe community-acquired pneumonia in Vietnam","Long Hoang Do, Vy Hong Thao Phan, Thang Nguyen, Tu Thi Cam Le, Nhan Minh Le, Cua Thi Hong Trinh, Truc Thi Huong Dinh, Dung Ngoc Tran","Đỗ Hoàng Long, Nguyễn Thắng, Lê Thị Cẩm Tú, Lê Minh Nhân, Trịnh Thị Hồng Của, Đinh Thị Hương Trúc, Trần Ngọc Dung","Đỗ Hoàng Long","","8","7","31 (2026), 100705","https://doi.org/10.1016/j.clinpr.2026.100705","https://drive.google.com/open?id=1a38Dfa1BSuXQ1lP3LXXhSfAiZCnymNrm","","Đỗ Hoàng Long","","","","","",""
"18/06/2026 10:57:47","nthien@ctump.edu.vn","Nguyễn Thị Hiền","0944700636","Journal of Human Earth and Future","ISSN: 2785-2997","Scopus","Q1","0","01/03/2026","Development and Validation of ViSarco: A Pragmatic Screening Tool for Sarcopenia in Primary Care","Hien Thi Nguyen, Charuai Suwanbamrung, Apichai Wattanapisit,Warapone Satheannoppakao, Thang Nguyen, Trung Tin Pham, Cua Ngoc Le","Nguyễn Thị Hiền, Nguyễn Thắng, Phạm Trung Tín","Lê Ngọc Của","","7","3","Vol. 7 No. 1 (2026) March, 148-167","https://doi.org/10.28991/HEF-2026-07-01-09","https://drive.google.com/open?id=1nbSDXOJKZd0UWv2kH2wVQF3hbDD22kUj","","Nguyễn Thị Hiền","","","","","",""
"18/06/2026 16:55:31","tndu@ctump.edu.vn","Trần Nguyễn Du","0907285035","Vaccine","0264-410X","ISI/Web of Science, Scopus","Q1","3,5","18/06/2026","Willingness to pay for influenza vaccination among the elderly in Vietnam: A triple-bounded dichotomous choice analysis of economic and behavioral determinants","Minh Huu Le,  Nhu Duong Tran,  Thi Thi Tho Nguyen,  Thi Trung Ngoc Phan,  Thi Tam Pham,  Nguyen Du Tran","Lê Minh Hữu, Trần Nguyễn Du, Phan Thị Trung Ngọc, Phạm Thị Tâm","Trần Nguyễn Du","","6","3"," 88(2026), 128852","https://doi.org/10.1016/j.vaccine.2026.128852","https://drive.google.com/open?id=1IIlUSH2Ysaau4NZTq6QunFLrfgX3K3SM","https://drive.google.com/open?id=1zCI__msELZcPoUbfK9HW-IBkjI64-TRm","Lê Minh Hữu","","","","","",""
"18/06/2026 22:44:55","ptuyen@ctump.edu.vn","Trương Nhựt Khuê","0983998339","Journal of Clinical Pediatric Dentistry","1557-5268","ISI/Web of Science, Scopus","Q2","2.2","03/03/2026","A comparative evaluation of Angle Class II Division 1 malocclusion treatment effects using an activator versus an EF Line® preformed appliance in the Vietnamese population: a randomized controlled trial","Nguyen Nu Khoi Le, Lam Nguyen Le, Binh Thi Cam Lu, Khue Nhut Truong, Khanh Phuong Vu Le","Trương Nhựt Khuê, Lê Nguyên Lâm","Lê Nguyên Lâm","","5","2","50 (2), 171-180","DOI: 10.22514/jocpd.2026.046","https://drive.google.com/open?id=1wzLGLIA-RCYtL4G6dlidCcHED4ZbRzxE","","Lê Nữ Khôi Nguyên","","","","","",""
"18/06/2026 22:50:22","ptuyen@ctump.edu.vn","Trương Nhựt Khuê","0983998339","Journal of Clinical Pediatric Dentistry","1557-5268","ISI/Web of Science, Scopus","Q2","2.2","03/01/2026","Does tongue volume correlate with the upper airway and craniofacial structure of the skeletal Class III malocclusion pattern? A cross-sectional descriptive study in Vietnamese children","Lam Nguyen Le, Trinh Thi Ngoc Nguyen, Loc Truong Tan, Duc Tuan Tran, Khanh Vu Phuong Le, Thao Thi Do, Khue Nhut Truong","Lê Nguyên Lâm, Đỗ Thị Thảo, Trương Nhựt Khuê","Lê Nguyên Lâm","","7","3","50(1), 131 - 138","DOI: 10.22514/jocpd.2026.016","https://drive.google.com/open?id=1oBa4O9PYLN4i7_f_QNXeJyBAgqlw8BjA","","Lê Nguyên Lâm","","","","","",""
"19/06/2026 20:34:25","lvphuc@ctump.edu.vn","La Vĩnh Phúc","0944076666","Clinical Endoscopy","pISSN: 2234-2400, eISSN: 2234-2443","Scopus","Q2","3.4","22/04/2026","Impact of real-time artificial intelligence integration on detection of gastric lesions: an exploratory single-center before-and-after study using low-definition routine endoscopy","Hwijun Lee, Huynh Cong Bang, Seokho Cho, Jungmin Ha, Tran Thien Khiem, Le Viet Tung, La Vinh Phuc, Duong Trong Si, Tran The Du, Diem Thi Ngoc Vo, Vo Nguyen Trung","La Vinh Phuc","Huỳnh Công Bằng","","11","1","59(3):408-416","https://doi.org/10.5946/ce.2025.272","https://drive.google.com/open?id=1gCP5P9oEatQUqa1dC6lEUsfYTuyCiZ-S","","Hwijun Lee","","","","","",""
"20/06/2026 13:55:28","ntdkhanh@ctump.edu.vn","Đàm Anh Tuấn","0973430925","International Journal of Physical Education, Sports and Holistic Development","3051-3480","ISI/Web of Science","Khác","8.56","10/03/2026","Assessment of Physical Activity and Morphological–Functional Characteristics Following Enhanced Physical Activity Among Employees of Tan Hung General Hospital","Tran Le Nhat Quang, Dam Anh Tuan","Dam Anh Tuan","Dam Anh Tuan","","2","1","2 (1), 21-26","https://www.physicalresearchjournal.com/article/2993/assessment-of-physical-activity-and-morphological-functional-characteristics-following-enhanced","https://drive.google.com/open?id=1_KH10oIND5HqcT2elbOP1mIVEjcDlF6_, https://drive.google.com/open?id=1EH6aVtwZ7w1VPL0O7CQUCB1vMr0O9toQ","https://drive.google.com/open?id=1q9KoUfhK8GHWn1bIH3mtCQLdL8-BkPEu","Tran Le Nhat Quang","","","","","",""
"20/06/2026 15:47:40","nhmen@ctump.edu.vn","Nguyễn Hoàng Mến","0965880009","Journal of Alloys and Compounds","0925-8388","ISI/Web of Science, Scopus","Q1","6.3","04/12/2026","Engineering g-C3N4/zeolite Y heterostructures for enhanced photocatalytic water splitting","Dang Nguyen Nhat Huy, Diep Anh Tho, Nguyen Hoang Men, Nguyen Thai Hai Nhan, Bien Cong Trung, Nguyen Ngoc Yen, T.B. Ngoc Huynh, Oh Joong Kwon, Doan Van Hong Thien","Nguyễn Hoàng Mến","Doan Van Hong Thien","","","","1063 (2026) 187722","https://doi.org/10.1016/j.jallcom.2026.187722","https://drive.google.com/open?id=1We3AY-JaQFFfjUDqVeCih3oTRiqBmJe-","","Dang Nguyen Nhat Huy","","","","","",""
"20/06/2026 22:39:31","tknguyen@ctump.edu.vn","Trần Khôi Nguyên","0939986389","Microbes and Infectious Diseases","2682-4132","Scopus","Q4","0.49","02/06/2026","Fungal identification in chronic rhinosinusitis patients with  suspected fungal infection based on scan findings","Viet Trieu Nguyen, Nguyen Khoi Tran, Linh Thi Thao Nguyen, Tuan Anh Nguyen, Lien Thi Ngoc Nguyen","Nguyễn Triều Việt, Trần Khôi Nguyên","Nguyễn Thị Ngọc Liên","Trần Khôi Nguyên","5","2","Microbes and Infectious Diseases 2026; 7(1): 776-783","DOI: 10.21608/MID.2025.364659.2599","https://drive.google.com/open?id=15kOG470roMr8dvz-_qSbuiJ5n8_bI5cQ","","Nguyễn Triều Việt","","","","","",""
"21/06/2026 13:10:00","nhtoan@ctump.edu.vn","Trần Kim Sơn","0983344407","BMC Cardiovascular Disorders","1471-2261","ISI/Web of Science, Scopus","Q2","Không","03/06/2026","Assessment of left ventricular global longitudinal strain and echocardiographic changes before and after PCI in Vietnamese patients with stable angina – a single center study","Son Kim Tran, Quy Phuoc Danh, Cuong Tan Vo & Thien Tan Tri Tai Truyen","Trần Kim Sơn","Trần Kim Sơn","","4","1","26, 471 (2026)","https://doi.org/10.1186/s12872-026-05890-x","https://drive.google.com/open?id=19nUMhU6b49cayrZKyBCunK-gXa6fRkwp","","Trần Kim Sơn","","","","","",""
"21/06/2026 13:12:46","nhtoan@ctump.edu.vn","Trần Kim Sơn","0983344407","Biomedicines","2227-9059","ISI/Web of Science, Scopus","Q1","Không","10/06/2026","Prognostic Value of Serum MicroRNA-423-5p Levels for Cardiovascular Events in Patients with Heart Failure","Tuong Trong Le Huynh, Son Kim Tran","Trần Kim Sơn","Trần Kim Sơn","","2","1","14(6), 1319","https://doi.org/10.3390/biomedicines14061319","https://drive.google.com/open?id=1z95XzK_P3n4a3E9cZLaU4PuLF1UsVBgJ","","Huỳnh Lê Trọng Tường","","","","","",""
"21/06/2026 21:20:06","drnguyentrantran1987@gmail.com","NGUYỄN TRÂN TRÂN","0989195945","ournal of International Medical Research","1473-2300","Scopus","Q3","1.8","10/06/2026","Tandem occlusions after emergent stenting in acute ischemic stroke: A retrospective cohort study from a comprehensive stroke center’s experience (TOESIS study)","Thang Minh Le, Cuong Chi Tran, Giang Luu Nguyen, Nam Hoai Nguyen, Tran Tran Nguyen and Luan Bao Minh Tran","Nguyễn Trân Trân","Lê Minh Thắng","","6","1","Vol. 54(6) 1–15","https://journals.sagepub.com/doi/10.1177/03000605261454076","https://drive.google.com/open?id=1_F0PrLHi6KWw1OoMV1EcvAKPUS3EPqfN","","Lê Minh Thắng","","","","","",""
"22/06/2026 22:32:20","mr.inew929@gmail.com","Nguyễn Lâm Minh Tân","0703062929","European Spine Journal","1432-0932","ISI/Web of Science","Q1","3.2","18/06/2026","Role of paraspinal muscle fatty infiltration in predicting adjacent segment disease after lumbar spinal fusion: a systematic review and meta-analysis","Tan Lam Minh Nguyen, Hsuan-Tung Lee, Yu-Chi Hsu, Tan Thanh Nguyen, Duy Nguyen Anh Tran, Serena Hu, Jason Pui-Yin Cheung, Klaus John Schnake, Wongthawat Liawrungrueang, Takaki Yoshimizu, Daisuke Sakai, Jason C Hsu, Hsin-Lun Lee, Sung Huang Laurent Tsai, Khanh Nguyen Quoc Le & Meng-Huang Wu","Nguyễn Lâm Minh Tân, Nguyễn Thành Tấn, Trần Nguyễn Anh Duy","Meng-Huang Wu","Tan Lam Minh Nguyen, Hsuan-Tung Lee, Yu-Chi Hsu","16","3","European Spine Journal. 2026 Jun 18. Online ahead of print","https://doi.org/10.1007/s00586-026-10044-w","https://drive.google.com/open?id=1fBwVCdDx-fZjMJrpalVBlI8u6VnLw_lU","https://drive.google.com/open?id=1CfyJp-BwBZXRVerdU-Qwr_I8F0lKpB0B","Nguyễn Lâm Minh Tân","","","","","",""
"23/06/2026 20:18:14","davu@ctump.edu.vn","Đoàn Anh Vũ","0986484098","Acta Biomedica","0392-4203","Scopus","Q2","505","20/04/2026","Safety, mid-term outcomes and quality   of life after eTEP repair for ventral hernia:  A prospective study of 100 consecutive  patients","Van–Phu La, Anh–Vu Doan, Vinh-Phuc La","Đoàn Anh Vũ, La Vĩnh Phúc","Đoàn Anh Vũ","","3","2","97 (2)","https://doi.org/10.23750/abm.2026.18876","https://drive.google.com/open?id=1ONb1j9RNuybPY9gHMdClriERcG7oDa3z, https://drive.google.com/open?id=16HdZM-af2l5d8h714ovDIib7q2z_T3Fn","","La Văn Phú","","","","","",""
"24/06/2026 9:56:22","ntklan@ctump.edu.vn","Nguyễn Thị Kiều Lan","0364137926","Journal of Pharmacy & Pharmacognosy Research (JPPRes)","0719- 4250","Scopus","Q3","2.5","13/01/2026","Psychometric evaluation of a study-abroad intention scale for Vietnamese pharmacy students","Tuyet T. Nguyen¹, Hoan K.N. Duong², Hao T. Duong³, Thai T. Nguyen⁴, Lan T.K. Nguyen⁵, Rebecca S. Dewey⁶, Khai Q. Huynh⁷, De V. Tran⁵ *","Trần Văn Đệ, Nguyễn Thị Kiều Lan","Trần Văn Đệ","","8","2","14 (3)","https://doi.org/10.56499/jppres_14.3.2841","https://drive.google.com/open?id=1MYwTqghxVDJxuiOqzyqcZneMHYnykXpQ","https://drive.google.com/open?id=1BBsMSfi44EnuTkN3q3XkNFk8X6O3NPn8","Nguyễn Thị Tuyết","","","","","",""
"24/06/2026 13:19:20","ltde@ctump.edu.vn","LÊ TIỀN ĐỀ","0949182128","INTERNATIONAL TOPKAPI CONGRESS -VII June 08 - 09,2026/ Istanbul, Turkiye (THE PROCEEDINGS BOOK)","ISBN: 979-8-89695-460-6","Kỷ yếu hội nghị có phản biện","Kỷ yếu hội nghị có phản biện","0 đ","23/06/2026","THE ROLE OF PHYSICAL EDUCATION LEARNING MOTIVATION IN PREDICTING MENTAL HEALTH AMONG STUDENTS AT THE CAN THO UNIVERSITY OF MEDICINE AND PHARMACY, VIETNAM","Ph.D. Le Tien De, MA Nguyen Van Thang","Lê Tiền Đề, Nguyễn Văn Thắng","Nguyễn Văn Thắng","","2","1","Trang 350 -357","https://www.izdas.org/topkapi ","https://drive.google.com/open?id=1KGluIWdKg8reGexDQKHYE6-Vs5FlWMtx, https://drive.google.com/open?id=1pmiFC0COPpSl0DumzJF0mz8xNSozMugE, https://drive.google.com/open?id=1B1LccqziLj-X1hEDu-BYuABGAC-BGma0, https://drive.google.com/open?id=1KdKs_y8taEWyQCWF8m3-_ohTSnyCNuRM, https://drive.google.com/open?id=13fi6ezkho-imOtmEcfDydf1HyUdB6WVi","","Lê Tiền Đề","","","","","",""
"26/06/2026 22:16:32","nttnhan@ctump.edu.vn","Nguyễn Thị Thanh Nhàn","0987939095","The Journal of Current Pediatrics","1304-9054","ISI/Web of Science, Scopus","Q4","0.4","10/04/2026","Improving Early Identification of Microbial Etiology in Severe Pediatric Pneumonia by Using Inflammatory Profiles: A Cross-sectional Study","*Quang Chi Ngo (0009-0007-8800-4725), **Hung Do Tran (0000-0003-4420-1966), *Nhan Thanh Thi Nguyen (0009-0007-9877-5101), *My Le Hoang (0009-0007-7493-0656), *Loan Kim Thi Duong (0009-0001-0435-4688)","Ngô Chí Quang, Trần Đỗ Hùng, Nguyễn Thị Thanh Nhàn, Lê Hoàng Mỷ","Ngô Chí Quang","","5","4","J Curr Pediatr 2026;24(1):1-9","DOI:10.4274/jcp.2025.55632","https://drive.google.com/open?id=1qHOyFo-vp3EivJ6tFDI-rXSq0pYcSZsO","","Ngô Chí Quang","","","","","",""
"29/06/2026 10:16:05","tltnhan@ctump.edu.vn","Trương Lê Thu Nhạn","0918905492","BMC Oral Health","1472-6831","ISI/Web of Science, Scopus","Q1","3.35","26/06/2026","Socioeconomic and geographic inequalities in  dental care utilization among Thai older adults:  trends and determinants, 2009–2021","Tewarit Somkotra, Nhan Thu Le Truong, Kausar Sadia Fakhruddin & Pagaporn  Pantuwadee Pisarnturakit","Nhan Thu Le Truong","Pantuwadee Pisarnturakit","","4","1","https://doi.org/10.1186/s12903-026-09024-9","https://doi.org/10.1186/s12903-026-09024-9","https://drive.google.com/open?id=1gt8bVPyNowTMGOT1SJ3WFNCDs2g7zjdj","https://drive.google.com/open?id=1ek9gTiDc8gwG814jKgNuMioIfWzQOKea","Tewarit Somkotra","","","","","",""
"30/06/2026 22:18:15","cttnguyen2025@ctump.edu.vn","Cao Thị Tài Nguyên","0909272708","Archives of the Balkan Medical Union","1584-9244","Scopus","Q4","ko biết","30/06/2026","PROGRESSION OF INTRACRANIAL ATHEROSCLEROTIC STENOSIS AND RISK OF RECURRENT ISCHEMIC STROKE: A 9-MONTH VIETNAMESE COHORT STUDY","Truong Minh NGO, Cuong Chi TRAN, Nguyen Thi Tai CAO","Cao Thị Tài Nguyên","Cao Thị Tài Nguyên","","3","1","61(2),215-222","https://doi.org/10.31688/ABMU.2026.61.2.08","https://drive.google.com/open?id=1l1schBwoAORrWdN2eS5gln49ievfULLh","","Ngô Minh Trường","","","","","",""
"01/07/2026 20:40:38","nhgiang@ctump.edu.vn","Nguyễn Hoàng Giang","0916547964","Scripta Medica","2303-7954","Scopus","Q4","0","07/06/2026","Oral Health-Related Quality of Life and Satisfaction  Following Implant Restoration After Sinus Floor Augmentation: A Prospective Evaluation","Hoang Giang Nguyen, Ly Dien Truc Nguyen, Lam Nguyen Le, Van Nhan Vo","Nguyễn Hoàng Giang, Lê Nguyên Lâm","Lê Nguyên Lâm","","4","2","57 (3), 577-85","https://doi.org/10.5937/scriptamed57-64854","https://drive.google.com/open?id=1V-rAVhLKzG2kQEvu2LrVS7ZjscuFMqLj","","Nguyễn Hoàng Giang","","","","","",""
"01/07/2026 21:10:39","nhha82@ctump.edu.vn","Nguyễn Hồng Hà","0918029534","Journal of International Medical Research","0300-0605","Scopus","Q3","1.8","04/12/2026","Association between serum uric acid levels and adverse pregnancy outcomes: A prospective cohort study","Hang Thi Thu Ho1,2, Dung My Tran3 , Le Thi Nguyen4 , Sam Phan Hai Nguyen5 and Ha Hong Nguyen5","Sam Phan Hai Nguyen5 , Ha Hong Nguyen5","Nguyễn Hồng Hà","","5","2","Vol. 54(4) 1–13","https://doi.org/10.1177/03000605261438920","https://drive.google.com/open?id=1vb01ffiqVottVIIHnrZ99V0vqXms1TFz","https://drive.google.com/open?id=1_xPOh1citRemy1gZt9lHa_tXYNEHuQ6w","Hồ Thị Thu Hằng","","","","","",""
"27/08/2026 15:39:49","tthongnhung@ctump.edu.vn","Thái Thị Hồng Nhung","0988627222","JMIR CARDIO","2561-1011 ","Scopus","Q2","2.4","29/07/2026","Development and Internal Validation of the Soluble ST2, Age, and Estimated Glomerular Filtration Rate–Heart Failure Score for Predicting 30-Day Major Adverse Cardiovascular Events After Heart Failure Hospitalization in a Two-Center Vietnamese Cohort: Prospective Cohort Study","An Viet Tran1*, MD, PhD; Nguyen Khoi Quoc La1*, MD; Van Anh Thi Phan1,2, MD; Bao The Nguyen3 , MSc, MD; Hoa Thai Nguyen1 , MD, PhD; Nhung Hong Thi Thai1 , MD, PhD; Tho Anh Kieu Pham1 , MD, PhD","An Viet Tran1*; Hoa Thai Nguyen1 , MD, PhD; Nhung Hong Thi Thai, Tho Anh Kieu Pham","Phạm Kiều Anh Thơ","","7","4","JMIR Cardio 2026 | vol. 10 | e97879 | p. 2"," 10.2196/97879","https://drive.google.com/open?id=1FknLzo6p4LqjHGzG1O2QluupGxKjQjAP","","Trần Viết An","","","","","",""
"27/08/2026 15:54:28","tthongnhung@ctump.edu.vn","Thái Thị Hồng Nhung","0988627222","Open Heart ","2053-3624","Scopus","Q1","3.1","18/02/2026","Depression may not be an independentrisk factor for mortality in patients withcardiovascular disease: data fromNHANES 2011–2018","Bao The Nguyen ,1,2 Yi-Chang Li,2  Hoang Nhat Dang,3  Hoa Thai Nguyen,3 Nhung Thi Hong Thai,3  Dung Thanh Nguyen,3  Quyen Thuy Nguyen,3 Duy Tran Khanh Nguyen,3  Huyen Thi Ngoc Le,3  Vy Ngoc Bao Nguyen,3 An Viet Tran3","Bao The Nguyen ,1,2 Yi-Chang Li,2  HoanHoa Thai Nguyen, Nhung Thi Hong Thai,  An Viet Tran","Trần Viết An","","11","3","Nguyen BT, et al. Open Heart 2026;13:e003754","doi:10.1136/openhrt-2025-003754 ","https://drive.google.com/open?id=1BJ_Ecy5H3ceOzFRYYhUhbwEJPzD74PgR","","Nguyễn Thế Bảo","","","","","",""
"27/08/2026 20:36:08","nptai@ctump.edu.vn","Nguyễn Phước Tài","0923251185","The International Journal of Research and Innovation in Social Science (IJRISS)"," 2454-6186","Khác","Khác","0","08/07/2026","Development and Evaluation of an AI-Powered Intelligent Reminder  System to Support Academic Time Management: A Mixed-Methods  Study of Cohort 50 and Cohort 51 Students at Can Tho University of  Medicine and Pharmacy","Thi Thuy Duy LU, Phuoc Hung NGUYEN, Phuoc Tai NGUYEN","Nguyễn Phước Tài, (Lư Thị Thúy Duy, Nguyễn Phước Hưng - Sinh viên))","Nguyễn Phước Tài","","","","Volume/Issue: 10/6 | Page No: 12766-12777","https://doi.org/10.47772/IJRISS.2026.100600899","https://drive.google.com/open?id=1fmAcuAV03xu7lPRNCWwyMGVqVB8NE46U","","Lư Thị Thúy Duy","","","","","",""
"27/08/2026 21:30:33","nptai@ctump.edu.vn","Nguyễn Phước Tài","0923251185","Journal for Multicultural Education","2053-5368","ISI/Web of Science, Scopus","Q1","Q1","16/06/2026","Flipped classroom technology as a multicultural inclusion strategy for international medical students in Vietnamese political theory education","Nguyen Phuoc Tai, Nguyen Thanh Hung, Nguyen Thuan Quy","Nguyễn Phước Tài, Nguyễn Thanh Hùng","Nguyễn Phước Tài","","","","6, 1-15","https://doi.org/10.1108/JME-03-2026-0055","https://drive.google.com/open?id=1xt0siupDFoQIQcC-Z-zynoJqUc9t--gE","","Nguyễn Phước Tài","","","","","",""
"29/08/2026 22:36:58","ndlinh@ctump.edu.vn","Nguyễn Duy Linh","0984169980","Journal of Neurosurgery: Case Lessons","2694-1902","ISI/Web of Science, Scopus","Q3","0.7","27/07/2026","Delayed coil migration after endovascular treatment of a ruptured intracranial aneurysm managed by open microsurgical surgery: illustrative case","Chi Cuong Tran, Duy Vu Tran, Thi Ngoc Tuyen Nguyen, Quang Hung Nguyen, Thi Chi Lan Le, Duy Linh Nguyen","Nguyễn Duy Linh","Nguyễn Duy Linh","","6","1","12(4), CASE26239","https://doi.org/10.3171/CASE26239","https://drive.google.com/open?id=1HmN36fRE6X7hWEdvi00BtHXV0PvfTurJ","","Trần Chí Cường","","","","","",""
"30/08/2026 15:12:00","dcthien@ctump.edu.vn","Đinh Chí Thiện","0343482056","Expert Review of Hematology ","1747-4094","ISI/Web of Science, Scopus","Q2","2.1","13/03/2026","Assessing the impact of air pollution on anemia: a comprehensive review and meta-analysis","Chi-Thien Dinh,Yueh-Lun Lee,Li-Te Chang,Ta-Yuan Chang,Kian Fan Chung,Kang-Yun Lee,Jer-Hwa Chang &Hsiao-Chi Chuang","Đinh Chí Thiện","Jer-Hwa Chang &Hsiao-Chi Chuang","Yueh-Lun Lee","8","1","19(5), 529–538","https://doi.org/10.1080/17474086.2026.2643325","https://drive.google.com/open?id=13JQ5jKMouVg2MfbV6XmPOhcxq-L9Yrmr","","Đinh Chí Thiện","","","","","",""
"01/09/2026 13:55:19","dcthien@ctump.edu.vn","Đinh Chí Thiện","0343482056","International Journal of Chronic Obstructive Pulmonary Disease","1178-2005","ISI/Web of Science, Scopus","Q1","4.1","31/08/2026","Air Pollution-Associated Intracellular Metals, Immune Gene Expression, and Erythrocyte Indices in COPD with Anemia","Chi-Thien Dinh, Jer-Hwa Chang, Tzu-Tao Chen, Ching-Huang Lai, Kuan-Yuan Chen, Po-Hao Feng, Kang-Yun Lee, Chien-Hua Tseng, Huan Minh Tran, Tzu-Hsuen Yuan, Shu-Chuan Ho, Sheng-Ming Wu, Hsiao-Chi Chuang","Đinh Chí Thiện","Hsiao-Chi Chuang","","13","1","21:626348","https://doi.org/10.2147/COPD.S626348","https://drive.google.com/open?id=1LIb6xx-h5r_3VsqyhZhzsLE2dxkTG59_","https://drive.google.com/open?id=1fmZnlsf1PTBppnmKJU1rAi51vKd4aoep","Đinh Chí Thiện","","","","","",""
"01/09/2026 14:03:53","dcthien@ctump.edu.vn","Đinh Chí Thiện","0343482056","Aerosol and Air Quality Research","2071-1409","ISI/Web of Science, Scopus","Q2","2.9","17/07/2026","Short-term effects of PM2.5 exposure on hematological and biochemical blood indices in the middle-aged and elderly","Chi-Thien Dinh, Hsiao-Chi Chuang, Huan Minh Tran, Yuan-Hung Wang, Yuan-Chien Lin, Thu Vo-Pham-Minh, Chien-Hua Tseng, Chien-Ling Su, Kang-Yun Lee, Tzu-Tao Chen, Kian Fan Chung, Kin-Fai Ho, Kai-Jen Chuang & Jer-Hwa Chang","Đinh Chí Thiện, Võ Phạm Minh Thư","Jer-Hwa Chang","","14","2","Article in Press","https://doi.org/10.1007/ s44408-026-00131-4","https://drive.google.com/open?id=1lxeTndgQ0RWREDRKw3OwhdUCk3M2wAoV","","Đinh Chí Thiện","","","","","",""
"02/09/2026 14:26:15","nhaiha@ctump.edu.vn","Nguyễn Hải Hà","0939609648","Foods","2304-8158","ISI/Web of Science, Scopus","Q1","6.0","11/07/2026","A Pilot Randomized, Double-Blind, Placebo-Controlled Parallel Group Trial Evaluating the Effect of 8 Week-Consumption of Guava Jelly Drink in Improving Cognition and Mental Well-Being in Working-Age Adults","Hai-Ha Nguyen, Jintanaporn Wattanathorn, Wipawee Thukham-Mee, Supaporn Muchimapura, Pongsatorn Paholpak","Nguyễn Hải Hà","Jintanaporn Wattanathorn","","5","1","15(14), 2461","https://doi.org/10.3390/foods15142461","https://drive.google.com/open?id=1inE0MJvqCoOdo5HEVbcLVNTqoC6DaWPg","https://drive.google.com/open?id=11JXMJYy1QrosR5BBVFQ1OtF0ee4jwoaG","Nguyễn Hải Hà","","","","","",""
"02/09/2026 18:35:52","chnghi@ctump.edu.vn","Chung Hữu Nghị","0986869707","Medicine","1536-5964","ISI/Web of Science, Scopus","Q2","2.0","28/08/2026","Characterization of gut microbiota in Vietnamese children under 5 years of age with acute and persistent diarrhea: A cross-sectional study","Nghi Huu Chung, Tuan Anh Nguyen, Van Hung Pham, Luan Thanh Nguyen, Nhan Trong Phan, Chuyen Quoc Vo, Nguyen Thanh Nhu","Chung Hữu Nghị, Nguyễn Thành Nhu","Nguyễn Thành Nhu","","7","2","105 (35), e50433.","https://doi.org/10.1097/MD.0000000000050433","https://drive.google.com/open?id=1q5wexN7N9kFZGsPLTTGA5l-mlJutHyyX","","Chung Hữu Nghị","","","","","",""
"08/09/2026 10:59:53","ltgai.gv@ctump.edu.vn","Lê Thị Gái","0917697929","https://journal of daoist studies","19415516, 19415524","Khác","Khác","không có","04/08/2026","Educating and training cadres and Party members in revolutionary ethics according to Ho Chi Minh's ideology in the new era - the era of Vietnam's striving for development","Bui Thi Can, Le Thi Thanh Hieu, Phan Huy Chinh, Pham Thi Binh, Le Thi Gai, Pham Thi Minh","Phạm Thị Minh*, Lê Thị Gái","Phạm Thị Minh","Không","","2","vol 19 (No), S10 (2026) , 1156-1166","https://journalofdaoiststudies.org/index.php/journal/article/view/1960","https://drive.google.com/open?id=1-dqAxV05wezznP8wi6L443DcJ17jSiaT","","Bùi Thị Cần","","","","","",""
"08/09/2026 21:42:11","dcthien@ctump.edu.vn","Đinh Chí Thiện","0343482056","Frontiers in Medicine","2296-858X","ISI/Web of Science, Scopus","Q1","3.6","08/09/2026","Association of air pollution with chronic obstructive pulmonary disease: anemia-related outcomes and exploratory genetic susceptibility analyses","Chi-Thien Dinh, Yueh-Lun Lee, Xuan Ngoc Tran, Kang-Yun Lee, Kian Fan Chung, Jer-Hwa Chang and Hsiao-Chi Chuang","Đinh Chí Thiện","Jer-Hwa Chang and Hsiao-Chi Chuang","","7","1","13, 1925502","https://doi: 10.3389/fmed.2026.1925502","https://drive.google.com/open?id=1Rh9O34J5-wtep6j8avVEprJqD7pKsrUi","https://drive.google.com/open?id=1yzvdodFqDvCksgejfggwAvz5AH3vEgHs","Đinh Chí Thiện","","","","","",""
"09/09/2026 16:32:52","nptai@ctump.edu.vn","Nguyễn Phước Tài","0923251185","Journal for Multicultural Education","2053-5368","ISI/Web of Science","Q1","Q1","16/06/2026","Flipped classroom technology as a multicultural inclusion strategy for international medical students in Vietnamese political theory education","Nguyen Phuoc Tai, Nguyen Thanh Hung, Nguyen Thuan Quy","Nguyễn Phước Tài, Nguyễn Thanh Hùng","Nguyễn Thanh Hùng","","","","6, 1-15","https://doi.org/10.1108/JME-03-2026-0055","https://drive.google.com/open?id=1sKWXEUcoeA7Kra7L1uvCDfuq0nexHPFU","","Nguyễn Phước Tài","","","","","",""
"10/09/2026 18:46:50","ntttram@ctump.edu.vn","Nguyễn Thị Thu Trâm","0919886682","Advanced Synthesis & Catalysis","1615-4169","ISI/Web of Science, Scopus","Q1","3.7","25/03/2016","Base-Promoted Multicomponent Reaction of Phthalaldehyde With Amines and Sulfur: Access to 3-Iminoisoindoline-1-Thiones","Le Anh Nguyen, Quoc Anh Ngo, Dinh Hung Mac, Thi Thu Tram Nguyen, Pascal Retailleau, Thanh Binh Nguyen","Thi Thu Tram Nguyen","Thanh Binh Nguyen","","6","1","2026; 368:e70435","https://doi.org/10.1002/adsc.70435","https://drive.google.com/open?id=1ICzX1VX19E_HDJf0toZRolWyx1v1wACt","","Le Anh Nguyen","","","","","",""
"13/09/2026 1:39:33","nbthuy@ctump.edu.vn","Nguyễn Bùi Thái Huy","0979678244","ID Cases ","2214-2509","Scopus","Q3","1","11/09/2026","Identification of Occult hepatitis B infection despite high anti-HBs in a hemodialysis patient during pretransplant evaluation","Nguyễn Bùi Thái Huy, Trần Hoàng Phương,  Hồ Nguyễn Trà Uyên, Mã Thái Nguyên, Trần Tín Nghĩa, Trần Quang Khải, Nguyễn Duy Linh","Nguyễn Bùi Thái Huy, Trần Hoàng Phương,  Hồ Nguyễn Trà Uyên, Mã Thái Nguyên, Trần Tín Nghĩa, Trần Quang Khải, Nguyễn Duy Linh","Nguyễn Duy Linh","","7","7","IDCR2768","https://doi.org/10.1016/j.idcr.2026.e02768","https://drive.google.com/open?id=1NFj47UqvSgpuKS7MtnSwucdj_Tkx8Tqj","","Nguyễn Bùi Thái Huy","","","","","",""
"14/09/2026 14:57:20","nthoa@ctump.edu.vn","Nguyễn Thái Hòa","0908414060","JMIR CARDIO","2561-1011","Scopus","Q2","IF = 2.4","29/07/2026","Development and Internal Validation of the Soluble ST2, Age, and Estimated Glomerular Filtration Rate–Heart Failure Score for Predicting 30-Day Major Adverse Cardiovascular Events After Heart Failure Hospitalization in a Two-Center Vietnamese Cohort: Prospective Cohort Study","An Viet Tran1*, MD, PhD; Nguyen Khoi Quoc La1*, MD; Van Anh Thi Phan1,2, MD; Bao The Nguyen3, MSc, MD; Hoa Thai Nguyen1, MD, PhD; Nhung Hong Thi Thai1, MD, PhD; Tho Anh Kieu Pham","An Viet Tran1*, Hoa Thai Nguyen, Nhung Hong Thi Thai, Tho Anh Kieu Pham","Phạm kiều Anh Thơ","","7","4","JMIR Cardio 2026 | vol. 10 | e97879 ","10.2196/97879","https://drive.google.com/open?id=19oD9PtNRyK5G4HFk26J9QRm8i7oQL09Y","","Trần Viết An","","","","","",""
"15/09/2026 8:09:07","nbthuy@ctump.edu.vn","Nguyễn Bùi Thái Huy","0979678244","ID CASES","2214-2509","Scopus","Q3","1.0","11/09/2026","Identification of occult hepatitis B infection despite high anti-HBs in a hemodialysis patient during pretransplant evaluation","Nguyen Bui Thai Huy, Tran Hoang Phuong, Ho Nguyen Tra Uyen, Ma Thai Nguyen, Tran Tin Nghia, Tran Quang Khai, Nguyen Duy Linh","Nguyễn Bùi Thái Huy, Trần Hoàng Phương, Hồ Nguyễn Trà Uyên, Mã Thái Nguyên, Trần Tín Nghĩa, Trần Quang Khải, Nguyễn Duy Linh","Nguyễn Duy Linh","","7","7","46, e02768","10.1016/j.idcr.2026.e02768","https://drive.google.com/open?id=1sk6domgL18QlW6MtSs2AYN3Mj9Z25wz3","","Nguyễn Bùi Thái Huy","","","","","",""
"15/09/2026 10:20:29","nplap@ctump.edu.vn","Nguyễn Phước Lập","0974656640","The Journal of Clinical Investigation","1558-8238","ISI/Web of Science, Scopus","Q1","14.3","25/08/2026","RhoA wild-type allele loss unleashes the cancer driver function of RhoA E40Q","Justine Noujarède, Qiuyue Wang, Eleftherios Panagiotis Kokkinogenis, Yuewan Luo, Ivona Cudina, Simon Willaume, Clémence Mooser, Lap Phuoc Nguyen, Mads Frederik Poulsen, Simon Heijmerikx, Thu Han Le Phan, Xiubin He, Jesper Bøje Andersen, Claus Storgaard Sørensen, Cord Brakebusch","Nguyễn Phước Lập","Cord Brakebusch","","15","1","2026 Aug 25:e201975. In-Press, Online ahead of print.","https://doi.org/10.1172/JCI201975","https://drive.google.com/open?id=1KRSsKCqyDAwyPMjnHtGNIsJt--8cfYvo","https://drive.google.com/open?id=1bBgRlv5WuDmFH_XB6oEjY-pDf-_wZO56","Justine Noujarède","","","","","",""
"16/09/2026 19:36:15","nthoa@ctump.edu.vn","Nguyễn Thái Hòa","0908414060","Open Heart","2053-3624","Scopus","Q1","4","18/02/2026","Depression may not be an independent risk factor for mortality in patients with cardiovascular disease: data from NHANES 2011-2018.","Bao The Nguyen, Yi-Chang Li, Hoang Nhat Dang, Hoa Thai Nguyen, Nhung Thi Hong Thai, Dung Thanh Nguyen, Quyen Thuy Nguyen, Duy Tran Khanh Nguyen, Huyen Thi Ngoc Le, Vy Ngoc Bao Nguyen, An Viet Tran","Hoa Thai Nguyen, Nhung Thi Hong Thai, An Tran Viet","Trần Viết An","","11","3","Open Heart. 2026 Mar 2;13(1):e003754","10.1136/openhrt-2025-003754","https://drive.google.com/open?id=1evlYSHfTZy8z42JrvUtmwKz-CM7qty0J","","Nguyễn Thế Bảo","","","","","",""
"16/09/2026 19:46:33","nthoa@ctump.edu.vn","Nguyễn Thái Hòa","0908414060","Osteoporosis International","1433-2965","Scopus","Q1","5.4","08/01/2026","Muscle mass, not fat mass, predicts vertebral fracture risk: Vietnam osteoporosis study","Hoa T. Nguyen1  · Bao T. Nguyen2  · Quyen T. Nguyen1  · An V. Tran1  · Nhung H. T. Thai1  · Quyen X. T. Phan3 ·  Linh D. Mai4,5 · Thach S. Tran4,6 · Tuan V. Nguyen6,7,8 · Lan T. Ho‐Pham","Nguyễn Thái Hòa, Trần viết An, Thái Thị Hồng Nhung","Hồ Phạm Thục Lan","","10","3","37(2):385-396","https://doi.org/10.1007/s00198-025-07831-4","https://drive.google.com/open?id=1ehXOooHYzJumztHWXoY9FNwSLJ_rEUE3","","Nguyễn Thái Hòa","","","","","",""
"16/09/2026 19:50:20","tthongnhung@ctump.edu.vn","Thái Thị Hồng Nhung","0988627222","Osteoporosis International","1433-2965","ISI/Web of Science, Scopus","Q1","5.4","08/01/2026","Muscle mass, not fat mass, predicts vertebral fracture risk: Vietnam osteoporosis study","Hoa T. Nguyen1  · Bao T. Nguyen2  · Quyen T. Nguyen1  · An V. Tran1  · Nhung H. T. Thai1  · Quyen X. T. Phan3 ·  Linh D. Mai4,5 · Thach S. Tran4,6 · Tuan V. Nguyen6,7,8 · Lan T. Ho‐Pham","Nguyễn Thái Hòa, Thái Thị Hồng Nhung, Trần Viết An","Hồ Phạm Thục Lan","","10","3","37(2):385-396","https://doi.org/10.1007/s00198-025-07831-4","https://drive.google.com/open?id=1i5OgxSkAWhBrtKmN9WquPhRv4JlnsMGc","","Nguyễn Thái Hòa","","","","","",""
"17/09/2026 18:53:36","nthieu@ctump.edu.vn","Nguyễn Trung Hiếu","0901002244","Andrologia","0303-4569","ISI/Web of Science, Scopus","Q2","1.3","17/09/2026","Treatment Outcomes of Microsurgical Inguinal Varicocelectomy Versus Testosterone Replacement Therapy in Male Hypogonadism by Varicocele Status","Hieu Trung Nguyen, Ai Le Kha Nguyen, Cuong Quoc Tran, Cuong Van Dam, Tin Hoang Nguyen, Kien Trung Nguyen","Nguyễn Trung Hiếu, Nguyễn Hoàng Tín, Nguyễn Trung Kiên","Nguyễn Hoàng Tín, Nguyễn Trung Kiên","","6","3","8818332","https://doi.org/10.1155/and/8818332","https://drive.google.com/open?id=1RXtcQYMZ-D3MShH7uLnn8ctXwBEIZZSf","","Nguyễn Trung Hiếu","","","","","",""
"18/09/2026 10:03:32","bhqquyen@ctump.edu.vn","Bùi Hương Quỳnh Quyên","0907038110","Nursing Scholarship","1547-5069","ISI/Web of Science","Q1","3.9","30/06/2026","Association Between Frailty and Cognitive Impairmentin Chronic Kidney Disease: A Systematic Review andMeta-Analysis","Hien Thi Bui, Renny Wulan Apriliyasari, Quyen Huong Quynh Bui, Pei-Shan Tsai","Bui Huong Quynh Quyen","Pei-shan Tsai","","4","1","Volume 58, issue 4","https://doi.org/10.1111/jnu.70110","https://drive.google.com/open?id=1aC1vDSkFj0zovFneb-kW_YpuXH8XZg5z","","Bui Thi Hien","","","","","",""
"19/09/2026 9:12:40","nhtoan@ctump.edu.vn","Ngô Hoàng Toàn","0366592309","British Journal of Clinical Pharmacology","0306-5251","ISI/Web of Science, Scopus","Q1","3","25/06/2026","Comparative effectiveness of dapagliflozin vs. empagliflozin on major adverse cardiovascular events in patients with heart failure with reduced ejection fraction: A real‐world prospective cohort study","Tuong Le Trong Huynh 1 | Hien Dieu Tran 1 | Phong Thanh Pham 1 | Nhan Dinh Tran 1 | Nhan Thanh Nguyen 1 | Huyen Doan Thi Bich Cao 1 | Son Ngoc Nguyen 1 | Anh Phuoc Lan Nguyen 1 | Thoai Anh Nguyen 1 | Sang Phu Bui 1 | Trung Quang Le 2 | Toan Hoang Ngo 2 | Son Kim Tran","Ngô Hoàng Toàn, Trần Kim Sơn","Ngô Hoàng Toàn","","13","2","2026;1–13","10.1002/bcp.70654","https://drive.google.com/open?id=1vOOxPD6fM7-rUUCGl_jOedrf0ZLrsW88","https://drive.google.com/open?id=1tj9u7DWyYBDj9BG8v3PWw_QTi3h0zegE","Huỳnh Lê Trọng Tường","","","","","",""
"19/09/2026 17:06:27","mvdoi@ctump.edu.vn","Mai Văn Đợi","0913167625","Journal of Surgical Case Reports","2042-8812","ISI/Web of Science, Scopus","Q3"," IF: 0.5","18/09/2026","Total laparoscopic R0 resection of a large retroperitoneal leiomyosarcoma HARBORING a rare TP53 mutation: a case report","Doi Van Mai1,2, Phu Diep Thien Duong1,*, Tuan Van Nguyen1,2, Kiet Gia Le Nguyen1","Mai Văn Đợi, Nguyễn Văn Tuấn","Phu Diep Thien Duong","","4","2","2026, 2026(9), rjag829","https://doi.org/10.1093/jscr/rjag829","https://drive.google.com/open?id=1tymz_N-AhEHJthTk4XVWaBbGg1Lu4QO7","https://drive.google.com/open?id=1jJH3cbyfg6s46Ckm1zPS7zQEheRxOX1l","Mai Văn Đợi","","","","","",""
"20/09/2026 14:25:10","nhtoan@ctump.edu.vn","Ngô Hoàng Toàn","0366592309","Medicine","1536-5964","Scopus","Q2","Không","01/09/2026","Empagliflozin improves serum uric acid and early cardiometabolic outcomes in asymptomatic hyperuricemia among patients with type 2 diabetes: A 6-month observational study","Minh Quan Duc Nguyen, Khoa Dang Dang Tran,  Son Kim Tran","Trần Kim Sơn, Trần Đặng Đăng Khoa","Trần Kim Sơn","","3","2"," (2026) 105:37 ","http://dx.doi.org/10.1097/MD.0000000000050589","https://drive.google.com/open?id=19X8_ZvxjBeVBXt74u_9okQKlw8qMZmq-","","Nguyễn Quan Đức Minh","","","","","",""
"20/09/2026 14:28:16","nhtoan@ctump.edu.vn","Ngô Hoàng Toàn","0366592309","Diagnostics","2075-4418","Scopus","Q2","3.8","31/07/2026","Prevalence of Asymptomatic Hyperuricemia and Associated Factors in Patients with Type 2 Diabetes Mellitus: A Cross-Sectional Study in Southern Vietnam","Kim Son Tran , Minh Phuong Vo and Minh Quan Duc Nguyen","Trần Kim Sơn, Võ Minh Phương","Nguyễn Quan Đức Minh","","3","2","16(15), 2413","https://doi.org/10.3390/diagnostics16152413","https://drive.google.com/open?id=1pewhg9mez5AYea3SZjHiBo_ejira1QY4","","Trần Kim Sơn","","","","","",""
"20/09/2026 14:32:14","nhtoan@ctump.edu.vn","Ngô Hoàng Toàn","0366592309","European Heart Journal Supplement","1520-765X","ISI/Web of Science, Scopus","Q2","Không","18/08/2026","May Measurement Month 2023: results of an opportunistic blood pressure screening campaign in Vietnam ","Minh Huynh Van1, Viet Nguyen Lan2, Son Tran Kim3, Binh Duong Thanh4, Nguyen Minh 4 Tam1, Hung Ngo Van5, Sinh Cao Truong6, Thai Pham Viet7, Hung Phan Nam8, Thanh Pham Vu9, To 5 Anh Tuan10, Dong Nguyen Ta11, Yen Hoang Thi Bach1, Thang Doan Chi11, Nguyen Tran Tu11, Thomas 6 Beaney12, Gabriele Kerr13, Tien Hoang Anh","Trần Kim Sơn","Hoàng Anh Tiến","","18","1","Volume 28, Issue Supplement_9, September 2026","https://doi.org/10.1093/eurheartjsupp/suag116","https://drive.google.com/open?id=1rlQvxcNk-lS2e8yGSdHu6MfsTrAtY7zY","","Huỳnh Văn Minh","","","","","",""
"21/09/2026 10:59:04","htmduyen@ctump.edu.vn","Huỳnh Thị Mỹ Duyên","0909183298","Research J. Pharm. and Tech","0974-3618 (Print) 0974-360X (Online)","Scopus","Q3","Không","12/08/2026","Dry Granulation approach for Formulation Development, Scale-up and Process Optimization of Bilayer film-coated Tablets containing Amlodipine 5mg and Losartan Potassium 100mg","Duyen Thi My Huynh, Phuong-Thuy Tran, Tran Viet Hung, Truc-Ly Thi Duong, Van-Ha Nguyen, Dang-Khoa Nguyen","2","Dang-Khoa Nguyen","","6","2","19(8): 3513-3522","DOI: 10.52711/0974-360X.2026.00498","https://drive.google.com/open?id=1-rjfPTFlVDRItX2Ji37rSGYPNlT4OLKt","","Duyen Thi My Huy","","","","","",""
"21/09/2026 11:03:46","htmduyen@ctump.edu.vn","Huỳnh Thị Mỹ Duyên","0909183298","Research Journal of Pharmacognosy ","Print ISSN 2345-4458 Online ISSN 2345-5977","Scopus","Q3","Không","28/07/2026","Immunomodulatory Potential of Vietnamese Ganoderma Species: A Comparative Study in a Cyclophosphamide-Induced Immunosuppressed Model","Duyen Thi My Huynh1*, Tran Viet Hung2, Phan Nguyen Truong Thang2, Do Thi Hong Tuoi3, Do Thi Ha4, Bui Hoang Van5, Son Thanh Khuu1, Ngoc Hanh Ly1","2","Duyen Thi My Huynh","","8","2","13(4), 2026: 47–56","DOI: 10.22127/rjp.2026.579709.3161","https://drive.google.com/open?id=1TbxYlugmWeNh35hF3SJltTXA0FcZO_NQ","","Tran Viet Hung","","","","","",""
"21/09/2026 16:26:24","mhntan@ctump.edu.vn","MAI HUỲNH NGỌC TÂN","0974862424","Kidney and Dialysis ","2673-8236","ISI/Web of Science, Scopus","Q2","1.3","15/09/2026","Plasma Endothelin-1 as an Independent Predictor of Mortality in Vietnamese Hemodialysis Patients: A Prospective Cohort Study","Tan Huynh Ngoc Mai, Linh Thi Thao Nguyen, Dat Hoang Phan and Tam Vo ","Mai Huỳnh Ngọc Tân, Nguyễn Thị Thảo Linh, Phan Hoàng Đạt","Mai Huỳnh Ngọc Tân","","4","3","6(3), 61","https://doi.org/10.3390/kidneydial6030061","https://drive.google.com/open?id=11lkT27WY0suJlpcp8MlgrR_TzvRPCfRT","https://drive.google.com/open?id=17R_xcFZIUn5P3Gf1KOQAwSjY2rNIoG_Z","Mai Huỳnh Ngọc Tân","","","","","",""
"21/09/2026 20:48:02","ptuyen@ctump.edu.vn","Lê Nguyên Lâm","0918130809","Journal of Osseointegration","2036-413X","Scopus","Q3","0,8","22/06/2026","The impact of regional bone dimensions on the selection of pterygoid implant directions: a radiographic study Authors"," Tu Lam Doan,  Cam Le Ngoc Hong, Lam Nguyen Le, Thuy Anh Vu Pham","Lam Nguyen Le","Thuy Anh Vu Pham","","4","1","Vol. 18 No. 2 (2026)"," https://doi.org/10.23805/JO.2026.757","https://drive.google.com/open?id=177sHw1wAiyo0Ea05N3qwP5AZx4EpzHrV","","Tu Lam Doan","","","","","",""
"21/09/2026 21:01:55","ptuyen@ctump.edu.vn","Lê Nguyên Lâm","0918130809","JADA Foundational Science","2772-414X","Scopus","Khác","0","01/01/2026","Cone-beam computed tomographic evaluation of bone engagement in 2 orientations of pterygoid implant placement A cross-sectional study","Tu Lam Doan, DDS, MSca ; Cam Le Ngoc Hong, DDS, MSca ; Thao Ngoc Phuong Tran, DDS, PhDb ; Lam Nguyen Le, DDS, PhDc ; Thuy Anh Vu Pham, DDS, PhD","Lam Nguyen Le","Thuy Anh Vu Pham ","","5","1"," 5(C) 100071","10.1016/j.jfscie.2026.100071","https://drive.google.com/open?id=1IyK_1mPehnNVONOxZqmKTDJTW-pIg6xx","","Tu Lam Doan","","","","","",""
"21/09/2026 21:07:19","tthongnhung@ctump.edu.vn","Thái Thị Hồng Nhung","0988627222","Science Progress","2047-7163","Scopus","Q1","2.6","07/09/2026","Galectin-3–enhanced prognostic models for major adverse cardiovascular events in Vietnamese patients with acute coronary syndrome: A prospective cohort study","Bao The Nguyen1 , Pham Van Do2, Hoa Thai Nguyen3, Nhung Hong Thi Thai3, Trung Ich Ly4, and An Viet Tran","Thái Thị Hồng Nhung, Nguyễn Thái Hòa, Trần Viết An","Trần Viết An","","6","3","Vol. 109(3): 1–12","DOI: 10.1177/00368504261490436","https://drive.google.com/open?id=1e791ThLZBca0OjOEVa6oF6QxnVpaeVRo","","Nguyễn Thế Bảo","","","","","",""
"21/09/2026 21:12:05","nthoa@ctump.edu.vn","Nguyễn Thái Hòa","0908414060","Science Progress","2047-7163","ISI/Web of Science, Scopus","Q1","2.6","07/09/2026","Galectin-3–enhanced prognostic models for major adverse cardiovascular events in Vietnamese patients with acute coronary syndrome: A prospective cohort study","Bao The Nguyen1 , Pham Van Do2, Hoa Thai Nguyen3, Nhung Hong Thi Thai3, Trung Ich Ly4, and An Viet Tran","Hoa Thai Nguyen, Nhung Hong Thi Thai, and An Viet Tran","An Viet Tran","","6","3","Vol. 109(3): 1–12","DOI: 10.1177/00368504261490436","https://drive.google.com/open?id=1xUtmCorGh43STfZKZGK1GlNISxusRa5m","","Bao The Nguyen","","","","","",""
"22/09/2026 8:01:51","tmamai@ctump.edu.vn","Trương Minh Ánh Mai","0962692066","Academic Pediatrics","1876-2859","Scopus","Q1","4.6","30/06/2026","One-Minute Preceptor Improves Clinical Competence in Pediatric Clerkships: A Cluster Randomized Trial","Ngo C.Quang, Truong M.A. Mai, Tran D. Hung, Duong T.K. Loan, Tran H.M. Duc, Mai T. Trang","Ngô Chí Quang, Trương Minh Ánh Mai, Trần Đỗ Hùng","Ngô Chí Quang","Trương Minh Ánh Mai","6","3","26 (7), 103397","https://doi.org/10.1016/j.acap.2026.103397","https://drive.google.com/open?id=1Eae8qsnAjERjnkiHtA84qG6DM99V6RNM","","Ngô Chí Quang","","","","","",""
"22/09/2026 9:52:37","tmamai@ctump.edu.vn","Trương Minh Ánh Mai","0962692066","Sage Open Pediatrics","3050-2225","Scopus","Q2","1.3","18/07/2026","Determinants of Under-five Mortality in Vietnam: Evidence From a Nationwide Survey","Ly Cong Tran, Phuong Minh Nguyen, Mai Anh Minh Truong, Duy-Truong Khac Le, Nguyen Thi Nguyen Thao, Long Duy Phun, My Hoang Le, Nhu Thi Huynh Tran, Chuong Nguyen-Dinh-Nguyen, Nghia Quang Bui ","Trần Công Lý, Nguyễn Minh Phương, Trương Minh Ánh Mai, Nguyễn Thị Nguyên Thảo, Phún Duy Long, Lê Hoàng Mỷ, Trần Thị Huỳnh Như, Nguyễn Đình Nguyên Chương, Bùi Quang Nghĩa","Trần Công Lý","","10","9","13, 30502225261474470","doi: 10.1177/30502225261474470","https://drive.google.com/open?id=1b3I8-850iSbqy_BuREhix6n9BYgSbGDN","","Trần Công Lý","","","","","",""
"22/09/2026 14:46:23","ndhngan@ctump.edu.vn","Nguyễn Đặng Hiền Ngân","0943036397","MDPI Nutrients","2072-6643","ISI/Web of Science","Q1","5.8","18/09/2026","Plant-Derived Whole Foods and Food-Based Supplements on Post-Exercise Recovery in Physically Active Individuals: A Systematic Review of Human Intervention Trials ","Dang Hien Ngan Nguyen, Tsung-Wei Yu, Quan Buu Quach, Abinaya Raja, Chiao-Ming Chen, Margaret Jip Kuo, Thanh Nam Truong, and Sing-Chung Li*","Nguyễn Đặng Hiền Ngân; Trương Thành Nam","Sing Chung Li","Tsung-Wei Yu, Quan Buu Quach, Abinaya Raja, Chiao-Ming Chen, Margaret Jip Kuo","8","2","18 (18), 3049","https://doi.org/10.3390/nu18183049","https://drive.google.com/open?id=1J3r_otRgoS9a7aij_3bSAr4OpA8w05pN","https://drive.google.com/open?id=1kZU30Ww4D9Cmoj74Uaaw0TDFNqgJvPsE","Nguyễn Đặng Hiền Ngân","","","","","",""
"22/09/2026 15:13:27","vvau@ctump.edu.vn","Võ Văn Âu","0939451980","Journal of Fixed Point Theory and Applications","1661-7738","ISI/Web of Science","Q2","1.1","08/08/2026","Global existence versus finite-time blowup dichotomy for a general class of nonlinear fourth-order reaction-diffusion equations in higher dimensions","Vo Van Au, Bruno de Andrade","Võ Văn Âu","Bruno de Andeade","","2","1","28 (3), Art. 68  (2026)","https://doi.org/10.1007/s11784-026-01326-3","https://drive.google.com/open?id=19_GYLxZWMvfPsbdUTwusnLe5Hdvp-cOJ","","Võ Văn Âu","","","","","",""
"22/09/2026 17:02:04","tddkhoa@ctump.edu.vn","Trần Đặng Đăng Khoa","0913617176","Medicine","eISSN (Online ISSN): 1536-5964","ISI/Web of Science","Q2","2.1","11/09/2026","Empagliflozin improves serum uric acid and early cardiometabolic outcomes in asymptomatic hyperuricemia among patients with type 2 diabetes A 6-month observational study","Nguyễn Quan Đức Minh, Trần Đặng Đăng Khoa, Trần Kim Sơn","Trần Đặng Đăng Khoa, Trần Kim Sơn","Trần Kim Sơn","","3","2","105(37), 1-8","http://dx.doi.org/10.1097/MD.0000000000050589","https://drive.google.com/open?id=116GrR-lKv9rv6joRo9BALpNrwtsiBki_","","Nguyễn Quan Đức Minh","","","","","",""
"22/09/2026 17:10:49","ltnduyen@ctump.edu.vn","Lê Thị Nhân Duyên","0987056703","Journal of Research in Pharmacy Practice","eISSN (Online): 2279-042X","ISI/Web of Science","Q4","0","04/09/2026","Prescription Completeness and Selected Prescribing Indicators in Rural Vietnamese Primary Care: An Uncontrolled Before‑and‑After Study of a Multifaceted E‑prescribing Quality Improvement Intervention","Hieu Tri Bui, Tu Thi Cam Le, Duyen Thi Nhan Le, Thang Nguyen","Nguyễn Thắng, Lê Thị Cẩm Tú, Lê Thị Nhân Duyên","Nguyễn Thắng","Lê Thị Nhân Duyên, Lê Thị Cẩm Tú","4","3","15 (1), 1.","DOI: 10.4103/jrpp.jrpp_48_26","https://drive.google.com/open?id=1IHu_sfxtt5wx6UnU7tKdQ3T5A5aC6mqf","","Hieu Tri Bui","","","","","",""
"22/09/2026 18:44:58","ntgha@ctump.edu.vn","Nguyễn Thị Giao Hạ","0986695163","Natural Resources for Human Health","2583-1194","Scopus","Q3","1.41","01/09/2026","Research the Anthropometric Measures and Indexes of Kinh and Khmer Ethnic Pupils from 6 to 17 Years Old at the Mekong River Delta in 2019: A Cross-Sectional Study","Thi Giao Ha Nguyen, Trang Huynh Vo, My Viet Pham, Tu Minh Hoang, Tho Tan Vu, Huong Duc Tran","Nguyễn Thị Giao Hạ, Võ Huỳnh Trang, Phạm Việt Mỹ, Hoàng Minh Tú, Vũ Tấn Thọ, Trần Đức Hưởng","Võ Huỳnh Trang","","6","6","6 (6s), 272–282","10.53365/nrfhh.880","https://drive.google.com/open?id=1EPEkH_tFMPaBl2PP8_iwhstimJTOgRbb","","Nguyễn Thị Giao Hạ","","","","","",""
"23/09/2026 13:56:36","dhquan@ctump.edu.vn","Đặng Hồng Quân","0919063702","Acta Biomedica (ActaBiomed) ","0392-4203","Scopus","Q2","2.8","07/08/2026","Early outcomes of laparoscopic totally extraperitoneal repair with protack mesh fixation for bilateral inguinal hernia","Tuan Tu Duong, Hong Quan Dang, Van Phu La","Đặng Hồng Quân","La Văn Phú","","3","1","Vol. 97 No. 4 (2026), 19280","10.23750/abm.2026.19280","https://drive.google.com/open?id=1CrlglygSZy_0uhfRhxHD0c31vskmLwPW","","Dương Tuấn Tú","","","","","",""
"23/09/2026 14:53:21","ltnduyen@ctump.edu.vn","Lê Thị Nhân Duyên","0987056703","International Journal of Innovation Scientific Research and Review (IJISRR)","ISSN : 2582-6131 ","Khác","Khác","0","31/07/2026","DISTRIBUTION OF BACTERIAL ISOLATES AND ESBL PRODUCTION AMONG SELECTED ENTEROBACTERALES FROM LOWER RESPIRATORY TRACT SPECIMENS AT A TERTIARY HOSPITAL IN VIETNAM","1Nguyen Minh Dat, 1Nguyen Ngoc Hien, 2Tran Quang Khai, 2Nguyen Huu Chuong, 2Le Thi Nhan Duyen, 2,*Pham Thi Ngoc Nga","Trần Quang Khải, Nguyễn Hữu Chường, Lê Thị Nhân Duyên, PHạm Thị Ngọc Nga","PHạm Thị Ngọc Nga","","6","4","Vol. 08, Issue, 07, pp.10207-10211, July 2026","SJIF Impact Factor 2025: 7.913","https://drive.google.com/open?id=1Z_DgiojQOE2x1f-64Z8h_Z3crWz8SV0m","","PHạm Thị Ngọc Nga","","","","","",""
"23/09/2026 15:00:49","ltnduyen@ctump.edu.vn","Lê Thị Nhân Duyên","0987056703","International Journal of Innovation Scientific Research and Review (IJISRR)","ISSN : 2582-6131 ","Khác","Khác","0","16/09/2026","NT-PROBNP LEVELS AND ASSOCIATED CLINICAL AND PARACLINICAL FACTORS IN PATIENTS WITH HEART FAILURE","1,2La Quoc Khoi Nguyen, ²Ho Huyen Linh, ²Le Thi Nhan Duyen, 2,* Nguyen Huu Chuong","Nguyễn Hữu Chường, Lê Thị Nhân Duyên","Nguyễn Hữu Chường","","4","2","Vol. 08, Issue, 09, pp.10411-10415, September 2026","SJIF Impact Factor 2025: 7.913","https://drive.google.com/open?id=15io0TOltm0Kori7I-zuZJp64uIVDuo_h","","La Quoc Khoi Nguyen","","","","","",""
"23/09/2026 16:43:54","nthoaitrang@ctump.edu.vn","Nguyễn Thị Hoài Trang","0394561846","Brain sciences","2076-3425","ISI/Web of Science, Scopus","Q2","3.4","27/08/2026","Molecular Mechanisms of Electroacupuncture-Induced Spinal  Microglial Reprogramming in Neuropathic Pain: A Systematic  Search–Narrative Review","Boon Khai Teoh, Trang Thi Hoai Nguyen, Kotha Peddanna, Tran Van Bao Quach, Jaung-Geng Lin, and  Yi-Hung Chen ","Nguyễn Thị Hoài Trang, Quách Văn Bảo Trân","Quách Văn Bảo Trân, Yi-Hung Chen, Jaung-Geng Lin","","6","2","16(9), 914","https://doi.org/10.3390/brainsci16090914","https://drive.google.com/open?id=12jmXmpz4v-vg6iRai0IPIfiCoPs9hwql","https://drive.google.com/open?id=1aX8UKe7TU_drlkPCwqDqJNWn1ZvkWBNg","Boon Khai Teoh","","","","","",""
"23/09/2026 20:10:05","ttrongnhan@ctump.edu.vn","Dương Mỹ Linh ","0918406374","International Journal of Environmental Research and Public Health","1660-4601","Scopus","Q1","Không","23/07/2026","Optimal Cut-Offs for Digital Addiction Scales as Preliminary Screening Proxies for Psychological Distress Symptoms Among Vietnamese Medical Students: A Single-Centre ROC Curve Analysis","Linh My Duong, Nghia Quang Bui, Lam Phuc Duong,  Ry Thi Khao Duong ","Dương Mỹ Linh, Bùi Quang Nghĩa, Dương Phúc Lam, Dương Thị Khao Ry","Dương Mỹ Linh","","4","4","23 (8), 950","https://doi.org/10.3390/ijerph23080950","https://drive.google.com/open?id=1qC1j_08R00nVsHml5zH-r9oda_oLTuuF","","Dương Mỹ Linh","","","","","",""
"23/09/2026 20:25:27","ttrongnhan@ctump.edu.vn","Dương Mỹ Linh","0918406374","Siriraj Medical Journal","2228-8082","Scopus","Q3","Không","01/09/2026","Exploratory Fetal Doppler Thresholds for Predicting Composite Fetal Compromise in Preeclampsia: A Single-Centre Prospective Diagnostic Accuracy Study ","Linh My Duong, Nghia Quang Bui, Dan Thanh Nguyen Hong, Hien Thi Nguyen","Dương Mỹ Linh, Bùi Quang Nghĩa, Nguyễn Hồng Đan Thanh, Nguyễn Thị Hiền","Nguyễn Thị Hiền","","4","3","78 (9), 683 - 694","https://doi.org/10.33192/smj.v78i9.281716","https://drive.google.com/open?id=1oI-cTuygsbdeuQ02UEB1geufG1FYHyk4","","Dương Mỹ Linh","","","","","",""
"24/09/2026 13:45:52","pvmy@ctump.edu.vn","PHAM VIỆT MỸ","0974741414","International Journal of Innovation Scientific Research and Review","ISSN: 2582-6131","ISI/Web of Science","Khác","1","30/06/2026","SURGICAL OUTCOMES OF FRONTALIS SUSPENSION USING AUTOGENOUS FASCIA LATA FOR CONGENITAL PTOSIS AT HUE ODONTO-MAXILLOFACIAL HOSPITAL","1Nguyen Xuan Vu, 2Le Thua Trung Hau, 2Tran Dinh Thang, 3Pham Viet My, 3,*Hoang Minh Tu","Phạm Việt Mỹ, Hoàng Minh Tú","*Hoang Minh Tu","","5","2","Vol. 08, Issue, 06, pp.10015-10018, June 2026","http://www.journalijisr.com","https://drive.google.com/open?id=1AOyLcs07UWNbU5kU423U32Gg2s-l6mXh","https://drive.google.com/open?id=1H-8JnuBNGXwTTVjj7ciZwIaJDh082NK2","3Pham Viet My, 3,*Hoang Minh Tu","","","","","",""
"24/09/2026 20:09:36","tcly@ctump.edu.vn","Trần Công Lý","0397938208","Diseases","2079-9721","ISI/Web of Science, Scopus","Q1","3.7","04/07/2026","The Economic and Clinical Burden of Pediatric Obesity Within a Universal Health Coverage System in Thailand: A 9-Year Nationwide Analysis of 14.5 Million Hospitalizations"," Tran Cong Ly, Suchaorn Saengnipanthkul, Phanthila Sitthikarnkha, Leelawadee Techasatian, Kaewjai Thepsuthammarat, Pope Kosalaraksa, Rattapon Uppala","Trần Công Lý","Suchaorn Saengnipanthkul","","7","1","14(7), 242.","https://doi.org/10.3390/diseases14070242","https://drive.google.com/open?id=1R1EBuBkeLVmSv6c_G0xU7F7OfObna8M6","","Trần Công Lý","","","","","",""
"25/09/2026 0:48:15","nthien@ctump.edu.vn","Nguyễn Thị Hiền","0944700636","Journal of the International AIDS Society","1758-2652","ISI/Web of Science, Scopus","Q1","5.2","07/07/2026","Integrated Care Models for HIV, Diabetes and Hypertension in Sub-Saharan Africa: A Systematic Review of Effectiveness, Implementation and Real-World Applicability","Charuai Suwanbamrung, Esayas Aydiko Amele, Dereje Haile, Hien Thi Nguyen, Temesgen Anjulo Ageru","Nguyễn Thị Hiền","Temesgen Anjulo Ageru","","51","1","29 (7)","http://dx.doi.org/10.1002/jia2.70159","https://drive.google.com/open?id=1nbw3Prbdca4kBDAuVPIFNqmXq3MafuOc","https://drive.google.com/open?id=1rS5FfcO_rIqc1y7KXDmmx7c17iNFerNi","Charuai Suwanbamrung","","","","","",""
"25/09/2026 8:23:02","pttin@ctump.edu.vn","Phạm Trung Tín","0974899320","Journal of Human, Earth, and Future","2785-2997","Scopus","Q1","Không","01/03/2026","Development and Validation of ViSarco: A Pragmatic Screening Tool for Sarcopenia in Primary Care","Hien Thi Nguyen, Charuai Suwanbamrung, Apichai Wattanapisit, Warapone Satheannoppakao, Thang Nguyen, Trung Tin Pham, Cua Ngoc Le","Nguyễn Thị Hiền, Nguyễn Thắng, Phạm Trung Tín","Nguyễn Thắng","","7","3","7 (1), 148–167","https://doi.org/10.28991/HEF-2026-07-01-09","https://drive.google.com/open?id=1K5NYFLXgNv_yChb635OZsuMxJBHw19Ni","","Nguyễn Thị Hiền","","","","","",""
"25/09/2026 8:26:58","pttin@ctump.edu.vn","Phạm Trung Tín","0974899320","Journal of Human, Earth, and Future","2785-2997","Scopus","Q1","Không","01/06/2026","Exploring Student Preferences for Unguided Preventive Interventions for Depression: A Q-Methodology Study -","Trung Tin Pham, Charuai Suwanbamrung, Saifon Aekwarangkoon, Luu Trong Tuan, Thanh Nam Truong, Van De Tran, Thi Hien Nguyen, Doan Hoang Phu, Cua Ngoc Le","Phạm Trung Tín, Trương Thành Nam, Trần Văn Đệ, Nguyễn Thị Hiền","Lê Ngọc Của","","9","4","Phạm Trung Tín, Trương Nam Thanh, Trần Đệ Văn, Nguyễn Thị Hiền","10.28991/HEF-2026-07-02-014","https://drive.google.com/open?id=1BdNXaCfGoFenau6hIeZNbBei7RcTBC9i","","Phạm Trung Tín","","","","","",""
"25/09/2026 8:38:03","pttin@ctump.edu.vn","Phạm Trung Tín","0974899320","Vaccine","1873-2518","ISI/Web of Science, Scopus","Q1","không","11/04/2026","Determinants of COVID-19 vaccine hesitancy across 186 countries: a multifaceted analysis using structural equation modeling","Le Van Truong, Thanh Van Nguyen, Vu Thi Thu Trang, Thi Thu Thao Le, Chern Choong Thum, Dang Nguyen, Yen Jun Wong, Nityanand Jain, Minh Nguyen Le Thi Binh, Dao Huynh Anh, Sammer Marzouk, Cameron Sabet, Fatima Ezzahraa El Idrissi, Le Thi Thuy, Khoa Le Anh Huynh, Abdelrahman M Makram, Hiep-Hung Pham, Elvira Lesmana, Daniel Martin Simadibrata, Ahmed Mohamed Abbas, Pham Trung Tin, [và các đồng tác giả khác; tổng cộng 69 tác giả cá nhân, cùng TMGH Online Research Club Global Team]","Phạm Trung Tín","Nguyễn Tiến Huy","","70","1","78, 128196","10.1016/j.vaccine.2026.128196","https://drive.google.com/open?id=1kPruzudefOXlY23dsTg2so-nb8fddSNC","","Le Văn Trương","","","","","",""
"25/09/2026 8:44:08","pttin@ctump.edu.vn","Phạm Trung Tín","0974899320","Personality and Individual Differences","1873-3549","Scopus","Q1","Không","01/07/2026","Cross-linguistic validation of the Levenson self-report psychopathy scale: A multinational study across 186 countries and 33 languages","Vu Thi Thu Trang, Le Van Truong, Nguyen Thanh Tung, Nguyen Thi Minh Anh, Thi Thu Thao Le, Chern Choong Thum, Yen Jun Wong, Nityanand Jain, Dao Huynh Anh, Sammer Marzouk, Cameron Sabet, Fatima Ezzahraa El Idrissi, Le Thi Thuy, Khoa Le Anh Huynh, Abdelrahman M Makram, Hiep-Hung Pham, Elvira Lesmana, Daniel Martin Simadibrata, Ahmed Mohamed Abbas, Nguyen Hoang Long, … Pham Trung Tin","Phạm Trung Tín","Jennifer Bouey Nguyen Tien Huy Le Van Truong","","71","1","257, 113762","10.1016/j.paid.2026.113762","https://drive.google.com/open?id=1zRVMxGrvippsEvZUH_DRjcHPWatwYe9l","","Vu Thi Thu Trang","","","","","",""
"25/09/2026 8:57:41","pttin@ctump.edu.vn","Phạm Trung Tín","0974899320","Journal of Human, Earth, and Future","2785-2997","Scopus","Q1","Không","01/09/2026","Preferences for Unguided Depression Prevention Among Health Professional Students: A Discrete Choice Experiment","Trung Tin Pham, Charuai Suwanbamrung, Saifon Aekwarangkoon, Luu Trong Tuan, Thanh Nam Truong, Van De Tran, Thi Hien Nguyen, Cua Ngoc Le","Phạm Trung Tín, Trương Thành Nam, Trần Văn Đệ, Nguyễn Thị Hiền","Lê Ngọc Của","","8","4","7 (2)","10.28991/HEF-2026-07-03-04","https://drive.google.com/open?id=1rIcx82wASRbA06daLPvdBGTDamvBeJXz","","Phạm Trung Tín","","","","","",""
"25/09/2026 9:07:10","nptai@ctump.edu.vn","Nguyễn Phước Tài","0923251185","INTERNATIONAL JOURNAL OF RESEARCH AND INNOVATION IN SOCIAL SCIENCE (IJRISS)","2454-6186","Khác","Khác","0","24/09/2026","Language Challenges in Medical Education: How Indian Students  Adapt to the Vietnamese Clinical Environment at Can Tho  University of Medicine and Pharmacy","Arulgandhi Srikayathri, Beer Mohamed Afrin Robina, Vaibhavanjali Goud, Chinthala Trisha Goud,  Rajasekaran Varun Kanna, Nguyen Phuoc Tai and Nguyen Thanh Hung","Nguyễn Phước Tài, Nguyễn Thanh Hùng","Arulgandhi Srikayathri","Nguyễn Phước Tài, Nguyễn Thanh Hùng","","","Volume X Issue VIII August 2026, 15311-15317","https://doi.org/10.47772/IJRISS.2026.100801052","https://drive.google.com/open?id=1sUIzIJb4_-5utjM8AeNcEZtFsU7lpZ9u","","Arulgandhi Srikayathri","","","","","",""
"25/09/2026 21:09:29","ntbhai@ctump.edu.vn","Nguyễn Thị Bé Hai","0988461128","Acta Microbiologica et Immunologica Hungarica","ISSN: 1588-2640","Scopus","Q3","1.5","24/09/2016","Distribution of ceftazidime-avibactam and colistin MIC values in carbapenem-resistant Klebsiella pneumoniae and its association with carbapenemase genotypes in Can Tho, Vietnam","Nguyen Thi Be Hai, Tran Dinh Binh, Nguyen Thi Hai Yen, Le Thanh Phong, Duong Phuoc Trung, Ngo Viet Quynh Tram","Nguyễn Thị Bé Hai, Nguyễn Thị Hải Yến","Ngô Viết Quỳnh Trâm","","6","2","online","https://doi.org/10.1556/030.2026.03111","https://drive.google.com/open?id=1V2cHeC_mVa10mVOhAI0WPXz7WGmAOhqi, https://drive.google.com/open?id=1lSD6OJscxZ4m-8uC9HDhWRWqQMdiy76O, https://drive.google.com/open?id=1R9ekSLkAyXBeYhEdcmsHHZNXR38gVYIC, https://drive.google.com/open?id=1D3q4jfXJCPSe8ldPwUax4verySaZI8uc","","Nguyễn Thị Bé Hai","","","","","",""
"25/09/2026 22:24:24","nhtoan@ctump.edu.vn","Ngô Hoàng Toàn","0366592309","Science Progress","2047-7163","ISI/Web of Science, Scopus","Q1","Không","01/09/2026","Galectin-3–enhanced prognostic models for major adverse cardiovascular events in Vietnamese patients with acute coronary syndrome: A prospective cohort study","Bao The Nguyen, Pham Van Do, Hoa Thai Nguyen, Nhung Hong Thi Thai, Trung Ich Ly and An Viet Tran","Trần Viết An, Nguyễn Thái Hòa, Thái Thị Hồng Nhung","Trần Viết An","","6","3","Vol. 109(3): 1–12","DOI: 10.1177/00368504261490436","https://drive.google.com/open?id=1FDz9gzPdslMsl22h-TKzDwR_2U1RBlI-","","Nguyễn Thế Bảo","","","","","",""
"25/09/2026 22:28:19","nhtoan@ctump.edu.vn","Ngô Hoàng Toàn","0366592309","JMIR Cardio","2561-1011","ISI/Web of Science, Scopus","Q2","Không","14/07/2026","Development and Internal Validation of the Soluble ST2, Age, and Estimated Glomerular Filtration Rate–Heart Failure Score for Predicting 30-Day Major Adverse Cardiovascular Events After Heart Failure Hospitalization in a Two-Center Vietnamese Cohort: Prospective Cohort Study","An Viet Tran1*, MD, PhD; Nguyen Khoi Quoc La1*, MD; Van Anh Thi Phan1,2, MD; Bao The Nguyen3, MSc, MD; Hoa Thai Nguyen1, MD, PhD; Nhung Hong Thi Thai1, MD, PhD; Tho Anh Kieu Pham1, MD, PhD","Trần Viết An, Phạm Kiều Anh Thơ, Nguyễn Thái Hòa, Thái Thị Hồng Nhung","Phạm Kiều Anh Thơ","","7","","2026;10:e97879","https://cardio.jmir.org/2026/1/e97879","https://drive.google.com/open?id=1OIUDWLHESqovWNfyjinIA9YptOJ4m8bQ","","Trần Viết An","","","","","",""
"28/09/2026 12:16:34","nptai@ctump.edu.vn","Nguyễn Phước Tài","0923251185","International Journal of Evaluation and Research in Education (IJERE)","2252-8822","Scopus","Q2","Q2","28/09/2026","User Username	 Password	  Remember me Citation Analysis  Google Scholar Scholar Metrics Scinapse Scopus ERIC Scilit Quick Links  Author Guideline Article Processing Charge Editorial Boards Online Submissions Abstracting and Indexing Publication Ethics Visitor Statistics Contact Us Register as a paper reviewer Generative AI Policies Journal Content Search Search Scope  All  Browse By Issue By Author By Title Information For Readers For Authors For Librarians Home About Login Register Search Current Archives Announcements Home > Vol 15, No 5 > Nguyen Bringing the flipped classroom to Marxist-Leninist philosophy: evidence from teaching Indian medical students in Vietnam","Phuoc Tai Nguyen, Thanh Hung Nguyen, Thuan Quy Nguyen","Nguyễn Phước Tài, Nguyễn Thanh Hùng","Nguyễn Thanh Hùng","","","","Vol 15, No 5, 4245-4255","DOI: 10.11591/ijere.v15i5.39649","https://drive.google.com/open?id=1prRWh94DS-t0hHBiDlcQSQDvNIZ5dPTb","","Nguyễn Phước Tài","","","","","",""
"28/09/2026 12:21:01","nptai@ctump.edu.vn","Nguyễn Phước Tài","0923251185","International Journal of Evaluation and Research in Education (IJERE)","2252-8822","Scopus","Q2","Q2","28/09/2026","Bringing the flipped classroom to Marxist-Leninist philosophy: evidence from teaching Indian medical students in Vietnam","Phuoc Tai Nguyen, Thanh Hung Nguyen, Thuan Quy Nguyen","Nguyễn Phước Tài, Nguyễn Thanh Hùng","Nguyễn Thanh Hùng","","","","Vol 15, No 5, 4245-4255","DOI: 10.11591/ijere.v15i5.39649","https://drive.google.com/open?id=1brxYKhAEuGxLLzyYqH8Qm4jzL11co2NP","","Nguyễn Phước Tài","","","","","",""
"29/09/2026 5:27:27","nhgiang@ctump.edu.vn","Nguyễn Hoàng Giang","0916547964","Journal of Oral Biology and Craniofacial Research","2212-4276","Scopus","Q1, Q2","Không","31/07/2026","Five-year skeletal and dental stability following bilateral sagittal split  osteotomy for mandibular advancement in Class 2 malocclusion","Tan Hung Le, Duc Lanh Le, Ai Khiem Tran, My Huyen Nguyen, Tran Thuy Vy Le,  Hoang Giang Nguyen, Thi Hong Tuyen Nguyen","Nguyễn Hoàng Giang, Nguyễn Thị Hồng Tuyến","Nguyễn Thị Hồng Tuyến","","7","2","16(5), 101509","https://doi.org/10.1016/j.jobcr.2026.101509","https://drive.google.com/open?id=1C5dnzonoiqj1YNY4SfnJf-95wLfWNSsC","","Lê Tấn Hưng","","","","","",""
"29/09/2026 16:48:02","ttnghia@ctump.edu.vn","Trần Tín Nghĩa","0949387986","Molecular Nutrition and Food Research","1613-4133","ISI/Web of Science, Scopus","Q1","1.0","28/09/2026","Sweetened Beverages and Pancreatic Cancer: Insights From Recent Epidemiological Data and Oncogenic Mechanisms","Ha Thi Thao Mai, Nilufar Mirzaeva, Do Tung Dac, Tran Tin Nghia, Mai Anh Thi Nguyen, J. Luis Espinoza","Hà Thị Thảo Mai, Trần Tín Nghĩa","J. Luis Espinoza","","6","2","Volume70, Issue19"," https://doi.org/10.1002/mnfr.70617","https://drive.google.com/open?id=1yfr7mrfDDusn87U2ezfdmzhUxfEcYBeX","","Hà Thị Thảo Mai","","","","","",""
"29/09/2026 17:10:15","bnniem@ctump.edu.vn","Bùi Ngọc Niệm","0388700820","Biomedical Journal","2319-4170","ISI/Web of Science","Q1","6.3","05/08/2026","Gastric microbiota composition and its association with rescue eradication outcomes in refractory Helicobacter pylori infection","Chia-Jung Kuo, Ngoc-Niem Bui, Yuan-Ming Yeh, Cheng-Yu Lin, Shih-Yu Wu, Wey-Ran Lin, Ming-Ling Chang, Cheng-Tang Chiu, Cheng-Hsun Chiu, Chih-Ho Lai","Bùi Ngọc Niệm","Chih-Ho Lai","","10","1","Online ahead of print.","10.1016/j.bj.2026.101023","https://drive.google.com/open?id=1LDSrZ17BNM2X4pEgKyzHoIV0AijVJLCe","https://drive.google.com/open?id=1DJbBvH7hkgv_ewMy2vdiXscZvETI9CI5","Chia-Jung Kuo","","","","","",""
"30/09/2026 18:41:33","cttnguyen26@ctump.edu.vn","Cao Thị Tài Nguyên","0909272708","Medical journal of Indonesia ","2252-8083","Scopus","Q3","Ko","30/09/2026","Prevalence of rs5186 (AGTR1 A1166C) and its association with risk factors in primary hypertension","Nguyen Thi Tai Cao, Phat Tan Tran, Thiet Minh Trinh, Khuong Thi Thanh Tran","Nguyen Thi Tai Cao, Thiet Minh Trinh","Nguyen Thi Tai Cao","","4","2","35(3)","https://doi.org/10.13181/mji.oa.268251","https://drive.google.com/open?id=1U5hwlt6hfj5yOPU1-8Up9xnoZtMplIna","","Nguyen Thi Tai Cao","","","","","",""
"01/10/2026 8:50:06","ntdkhanh@ctump.edu.vn","Nguyễn Lâm Minh Đăng","0949036848","International Journal of Multi Research"," ISSN: 3107 - 7676","Khác","Khác","ođ","18/03/2026","The physical condition of students at Phan Ngoc Hien High School, Can Tho City, Vietnam","Nguyen Lam Minh Dang, Nguyen Huu Tin, Tran Nam Giao","Nguyen Lam Minh Dang","Nguyen Lam Minh Dang","","3","1","2(2): 45-50","kỷ yếu","https://drive.google.com/open?id=1_CqO1aVIY99JIt7XIpuQI90SWxuw4WLL","","Nguyen Lam Minh Dang","","","","","",""
"01/10/2026 15:45:17","nnuyen@ctump.edu.vn","Ngô Ngọc Uyên","00514","Journal of the Taiwan Institute of Chemical Engineers","Online ISSN: 1876-1089. Print ISSN: 1876-1070","Scopus","Q1","6.9","30/09/2026","Multifunctional mesoporous aluminosilicate synthesized from LCD waste  for heavy-metal adsorption, pollutant photodegradation,  photoelectrochemical water splitting, and antibacterial applications","Nguyen Chi Toan, Le Thi Cam Tuyen, Ngo Ngoc Uyen, Phuoc Huu Le","Ngo Ngọc Uyen","Le Huu Phuoc","","","","Volume 190, January 2027, 107015","https://doi.org/10.1016/j.jtice.2026.107015","https://drive.google.com/open?id=1Y_2Qql3MEYM3zhWcRvIlqVZwvhOZXZ0X","https://drive.google.com/open?id=1W8_U_h00iEZO99A7gYC02YboTAru6Ndw","Nguyen Chi Toan","","","","","",""
"02/10/2026 11:22:53","ptnnga@ctump.edu.vn","Phạm Thị Ngọc Nga","0988988459","JOURNAL OF TROPICAL LIFE SCIENCE ","2527-4376","Scopus","Q4","0.19","20/01/2026","Evaluation of the Biological Activity of Three Green Algae Collected from Hon Son Island, Kien Giang Province, Viet Nam ","Tran Thanh Men , Huynh Nhu  , Truong Thi Phuong Thao, Pham Thi Ngoc Nga, Tran Ngoc Quy","Phạm Thị Ngọc Nga","Trần Ngọc Quý","","5","1","Vol. 15, No. 3, 429 – 436","http://dx.doi.org/10.11594/jtls.15.03.01 ","https://drive.google.com/open?id=1O_xvKl0zY5rW-9lqxyv3zN_5lDxGqAzh, https://drive.google.com/open?id=1BQHGQWIIZh2iS6r5gO7EIXZP9profFH9","","Trần Thanh Mến","","","","","",""