"Dấu thời gian","Địa chỉ email","Tên Tạp chí của bài báo đã đăng (được Hội đồng Giáo sư nhà nước công nhận). (Ví dụ: Tạp chí Y học Việt Nam)
Lưu ý: Không nhập Bài báo đã đăng Tạp chí Y Dược học Cần Thơ. Kỷ yếu có phản biện thì nhập tên Kỷ yếu.","ISSN của Tạp chí. (Ví dụ: Tạp chí Y học Việt Nam có mã số ISSN: 1859-1868)
Lưu ý: Kỷ yếu có phản biện thì nhập ""Kỷ yếu""","Số điểm của Tạp chí 
(Ví dụ: Tạp chí Y học Việt Nam được HĐ GS nhà nước công nhận 1 điểm)","Ngày, tháng, năm bài báo được xuất bản","Tên bài báo đã xuất bản","Nhóm tác giả (Lưu ý nhập dùng dấu phẩy "","" cách giữa các tên tác giả)
Ví dụ: Nguyễn Văn A, Nguyễn Văn B, Nguyễn Văn C","Tác giả liên hệ (Ví dụ: Nguyễn Văn A)","Tổng số tác giả trong bài báo
(Ví dụ: 8)","Tập, số, trang
(Ví dụ: Tập 1, số 3, trang 7-15)","Tải file minh chứng: bài báo/phản biện kỷ yếu
Lưu ý: Kỷ yếu có phản biện thì phải gửi kèm minh chứng phản biện mới được tính.","Ghi chú (nếu có)","Bài báo được đăng bằng ngôn ngữ nào? ","","","","","",""
"25/03/2024 9:52:29","plhieu@ctump.edu.vn","Tạp chí Y học Việt Nam","1859-1868","1 điểm","30/01/2024","Nghiên cứu đặc điểm gãy xương đốt sống và một số yếu tố liên quan đến loãng xương ở người trên 50 tuổi tại Bệnh viện Trường Đại học Y Dược Cần Thơ năm 2021-2023","Phan Trần Xuân Quyên, Nguyễn Thái Hòa, Huỳnh Kim Tiền, Phan Lý Hiếu, Dương Thị Mỹ Linh","Phan Trần Xuân Quyên","5","Tập 534, Số 1B, Trang 129 - 133","https://drive.google.com/open?id=1WY4PZ0e5385p6W6o73r6KHAirWcdjwYH","","","","","","","",""
"25/03/2024 9:55:24","ltmngoc@ctump.edu.vn","Tạp chí Khoa học Trường Đại học Quốc tế Hồng Bàng","ISSN: 2615 - 9686","0.25 điểm","01/01/2024","Kiến thức sử dụng kháng sinh và yếu tố liên quan của người dân thành phố Cần Thơ năm 2023","Mã Huỳnh Tố Trinh, Nguyễn Bùi Hồng Thi, Đặng Huỳnh Thư, Hà Vũ Ngọc Trâm, Lưu Đỗ Thanh Xuân, Nguyễn Phục Hưng, Lê Thị Minh Ngọc","Lê Thị Minh Ngọc","7","Số 27, trang 1-8","https://drive.google.com/open?id=1pts8OMRnPaIziWSyaTRGrVH07q7UM4tU","","","","","","","",""
"25/03/2024 9:55:32","tbngoc@ctump.edu.vn","Tạp chí y học Việt Nam","1859-1868","1 điểm","04/03/2024","ỨNG DỤNG KỸ THUẬT GAP-PCR TRONG PHÁT HIỆN ĐỘT BIẾN Ở TRẺ NGHI NGỜ MẮC α-THALASSEMIA TẠI CẦN THƠ","Trần Bích Ngọc , Phạm Thị Ngọc Nga, Đỗ Hoàng Long, Trịnh Thị Hồng Của , Bùi Quang Nghĩa , Tạ Văn Trầm , Võ Thành Trí","Bùi Quang Nghĩa","7","Tập 536, Số 1 (2024) trang 77-80","https://drive.google.com/open?id=1y3BmCkyXa4LuP_kIh68FkoXCFEtAVNOv","","","","","","","",""
"25/03/2024 9:55:34","tthcua@ctump.edu.vn","Tạp chí Y học Việt Nam","1859-1868","1 điểm","05/03/2024","Ứng dụng kỹ thuật Gap-PCR trong phát hiện đột biến ở trẻ nghi ngờ mắc alpha-thalassaemia tại Cần Thơ","Trần Bích Ngọc, Phạm Thị Ngọc Nga, Đỗ Hoàng Long, Trịnh Thị Hồng Của, Bùi Quang Nghĩa, Tạ Văn Trầm, Võ Thành Trí","Bùi Quang Nghĩa","7","Tập 538, số 1, trang 77-80","https://drive.google.com/open?id=1CF-7WEY8nnmonN44Oa4pa7hhONbwcwIs","","","","","","","",""
"25/03/2024 9:59:38","qkphung@ctump.edu.vn","Tạp chí Phụ sản","Tạp chí Phụ sản","0.5 điểm","01/06/2023","Nghiên cứu kết quả sàng lọc phân nhóm nguy cơ cao bệnh lý tiền sản giật tại Bệnh viện Phụ sản thành phố Cần Thơ năm 2019 - 2021","Lâm Đức Tâm, LÊ Thị Ngọc Xuyên, Quan Kim Phụng, Võ Thị Ánh Trinh, Đoàn Thanh Điền, Nguyễn Tấn Hưng, Ngô Thị Thúy Hằng, Lê Thị Gái, NGuyễn Hữu Dự","Lâm Đức Tâm","9","tập 21, số 2, trang 55","https://drive.google.com/open?id=1yqRUb0rcC8KXYFqSiiSkVNuVzD9EyUpQ","","","","","","","",""
"25/03/2024 10:05:33","ntnhan@ctump.edu.vn","Tạp chí Nghiên cứu Y học","2354-080X","1 điểm","22/08/2023","TỰ ĐÁNH GIÁ NĂNG LỰC THỰC HÀNH CHĂM SÓC                 CỦA SINH VIÊN ĐIỀU DƯỠNG VÀ CÁC YẾU TỐ LIÊN QUAN","Nguyễn Thị Ngọc Hân, Ngô Thị Dun g, Dương Thị Thù y Trang, Nguyễn Thị Thanh Trúc, Lư Trí Diến, Nguyễn Thái Thông","Nguyễn Thị Ngọc Hân","6","168(7), trang 206-214","https://drive.google.com/open?id=1cXC9pAYFR4H5lLOiBpB68xGkLacFgKDu","","","","","","","",""
"25/03/2024 10:09:08","hdtrinh@ctump.edu.vn","Can Tho Journal of Medicine and pharmacy","Can Tho Journal of Medicine and pharmacy","1 điểm","29/05/2024","Research on the detection of helicobcter Pylori in saliva of gastritis and duodenitis patients by real-time PCR technique","Đỗ Hoàng Long, Nguyễn Thành Nam, Hoàng Đức Trình, Trịnh Thị Hồng Của, Đinh Thị Hương Trúc, Lê Chí Dũng","Đỗ Hoàng Long","6","9(6) (2023)","https://drive.google.com/open?id=1vwE7h1FJVOJaJmUWbFCwrX7u1cHCYY95","","","","","","","",""
"25/03/2024 10:14:46","nvphuong@ctump.edu.vn","Tạp chí Khoa học Điều dưỡng","2615-9589","0.25 điểm","15/08/2023","Mức độ hài lòng của sinh viên điều dưỡng Trường Đại học Y dược Cần Thơ về môi trường thực hành lâm sàng","Nguyễn Việt Phương, Nguyễn Thị Thùy Trang, Nguyễn Thanh Quân, Phạm Thị Bé Kiều, Nguyễn Văn Tuấn","Nguyễn Việt Phương","5","Tập 6, số 4, trang 118-129 ","https://drive.google.com/open?id=1w_UlbMfJ3_Rf6mDHwydI83OWeviJsmrR","","","","","","","",""
"25/03/2024 10:15:36","kmnmtam@ctump.edu.vn","Tạp chí ý dược học","1859-1868","0.75 điểm","10/04/2023","NGHIÊN CỨU THỬ NGHIỆM TÍNH ĐỒNG NHẤT CỦA BỘ MẪU  ĐÔNG LẠNH BẰNG PHƯƠNG PHÁP ĐIỀU CHỈNH GIÁ TRỊ PT  (PROTHROMBINE TIME) TRONG MẪU HUYẾT TƯƠNG   ỨNG DỤNG CHO CHƯƠNG TRÌNH NGOẠI KIỂM ĐÔNG MÁU","VŨ QUANG HUY 1, NGUYỄN THỊ BÍCH THẢO 1,   NGUYỄN THỊ HỒNG  , KIỀU MỸ NGỌC MINH TÂM2","Kiều Mỹ Ngọc Minh Tâm","4","Tập 69, trang 133-136","https://drive.google.com/open?id=1s-1LdmzYJDXYJ-HByfj5WTnr7bgkDZpy","","","","","","","",""
"25/03/2024 10:21:24","ndhanh@ctump.edu.vn","Tạp chí Y học Việt Nam","1859-1868","1 điểm","04/03/2024","ĐÁNH GIÁ KẾT QUẢ ĐIỀU TRỊ THOÁI HÓA CỘT SỐNG CỔ BẰNG KÉO MÁY KÉO DÃN CỘT SỐNG TẠI BỆNH VIỆN CHỈNH HÌNH VÀ PHỤC HỒI CHỨC NĂNG CẦN THƠ 2023","Nguyễn Dương Hanh, Trầm Văn Nhiều, Nguyễn Thị Mỹ Liên","Nguyễn Dương Hanh","3","Tập 536, số 1, trang 62-66","https://drive.google.com/open?id=1JY4-V-XAPNIUT-NTjWSMDY2zoyEBFapb","","","","","","","",""
"25/03/2024 10:40:57","ntliem@ctump.edu.vn","Pharmacia","	2603-557X","3","21/03/2024","Effects of the EM CYP2C19 type and MDR1 3435CC gene on Helicobacter pylori eradication rate in patients with duodenal ulcer by the four-drug regimen of rabeprazole, bismuth, tetracycline, and tinidazole","Nguyễn Thanh Liêm, Nguyễn Bá Vượng, Trần Việt Tú, Lê Thị Thúy Loan, Mai H. T. Phuong, Nguyễn Thắng","Lê Thị Thúy Loan, Nguyễn Thắng","6","71, 1–9","https://drive.google.com/open?id=1Iu5ERAR3P17zkqOAjibCU0KmxHLR3CfL","","","","","","","",""
"25/03/2024 11:29:37","lmhoang@ctump.edu.vn","Tạp chí Y học Việt Nam","Tạp chí Y học Việt Nam có mã số ISSN: 1859-1868","1 điểm","15/01/2024","TỔNG QUAN TÌNH HÌNH BỆNH TẬT CỦA BỆNH NHÂN ĐIỀU TRỊ NỘI TRÚ TẠI BỆNH VIỆN Y HỌC CỔ TRUYỀN CẦN THƠ NĂM 2022-2023","Võ Tuyết Ngân, Lê Minh Hoàng , Nguyễn Ngọc Chi Lan , Trần Chúc Linh","Lê Minh Hoàng","4","Tập 534 số 1, trang 368-372","https://drive.google.com/open?id=15W7VRH6I7hDQuaBJ_q0PPI9JXJPuKF4a","","","","","","","",""
"25/03/2024 11:33:02","lmhoang@ctump.edu.vn","Tạp chí Y học Việt Nam","Tạp chí Y học Việt Nam có mã số ISSN: 1859-1868","1 điểm","15/01/2024","Một số đặc điểm lâm sàng và kết quả điều trị đau dây thần kinh tọa do thoát vị đĩa đệm cột sống thắt lưng bằng thuốc thang kết hợp điện châm, kéo giãn cột sống","Vũ Đình Quỳnh , Lê Minh Hoàng, Nguyễn Thanh Duy , Đậu Thị Hồng , Nguyễn Thị Bích Tiên","Lê Minh Hoàng","5","Tập 534, số 1, trang 346-350","https://drive.google.com/open?id=1Hx6q6NWE22eRXwvEAruRzAerubxeIl8C","","","","","","","",""
"25/03/2024 11:37:45","lmhoang@ctump.edu.vn","Tạp chí Y học Việt Nam","1859-1868","1 điểm","15/02/2024","Tổng quan về Vô sinh nam theo YHCT và tình hình nghien cứu điều trị Vô sinh nam bẳng YHCT tại Việt Nam","Lê Minh Hoàng, Phan Anh Tuấn, Đào Trần Nhất Phong","Đào Trần Nhất Phong","3","Tập 535, số 1B, tr 353-358","https://drive.google.com/open?id=1pHbVRBhTmGp2C1NYQDAcRMpFyTX2rPrH","","","","","","","",""
"25/03/2024 11:40:17","lmhoang@ctump.edu.vn","Tạp chí Y học Việt Nam","1859-1868","1 điểm","15/02/2024","Nhân một trường hợp điều trị xơ cứng bì bằng Y học cổ truyền: Báo cáo lâm sàng và nhìn lại Y văn","Nguyễn Trí, Lê Minh Hoàng, Nguyễn Thị Thanh Trúc, Trương Phương Thảo","Lê Minh Hoàng","","Tập 535, số 1B, trang 345- 348","https://drive.google.com/open?id=11Ca9M8Z4KaTbF2eK_7ltdmtWpGbylL8B","","","","","","","",""
"25/03/2024 12:09:47","lththanh@ctump.edu.vn","Tạp chí Quản lý Nhà nước","2815-5831","0.75 điểm","05/02/2024","Đảng bộ thành phố Cần Thơ vận dụng tư tưởng, đạo đức cách mạng của Hồ Chí Minh trong giáo dục, rèn luyện đảng viên hiện nay","Lương Thị Hoài Thanh","Lương Thị Hoài Thanh","1","Tạp chí online ngày 5/2/2024, 9 trang","https://drive.google.com/open?id=1WG1cj4FaI394caK56uTFWRpdBJ07CK6u","","","","","","","",""
"25/03/2024 12:12:12","dtgiang@ctump.edu.vn","Tập chí y học việt nam ","1868","1 điểm","01/01/0068","Y học việt nam ","Nguyễn văn B","Nguyễn văn B","","15","https://drive.google.com/open?id=1W20lDyeQlwi_37tmsU1T2juViFsYloIx","","","","","","","",""
"25/03/2024 13:36:48","ntmngoc@ctump.edu.vn","Tạp chí Y học Việt Nam","1859-1868","1 điểm","13/03/2024","Tỷ lệ và đặc điểm ung thư phổi ở nhóm đối tượng nguy cơ cao đánh giá thông qua chụp cắt lớp vi tính lồng ngực liều thấp","Trần Hoàng Duy, Nguyễn Văn Thọ, Lê Thị Tuyết Lan, Lương Thị Mỹ Linh, Phan Minh Hoàng, Tô Tố Tố, Bùi Thị Cẩm Thuỳ, Nguyễn Thị Minh Ngọc, Nguyễn Minh Phương","Trần Hoàng Duy ","9","Tập 537, số 1, trang 378-381","https://drive.google.com/open?id=1jTJMxTNpUq2O1fiD_aIrNuICUmBaY3le","","","","","","","",""
"25/03/2024 14:18:15","lmnhan@ctump.edu.vn","Tạp chí Y học Việt Nam","1859-1868","1 điểm","10/12/2023","Thực hành về việc tiêm chủng vaccine Covid-19 của viên chức, người lao động Trường Đại học Y dược Cần Thơ","Trần Trương Ngọc Bích, Đỗ Thị Cẩm Hồng, Nguyễn Xuân Vinh, Đỗ Hồng Diễm, Phạm Thị Ngọc Nga, Nguyễn Hữu Chường, Phan Thị Tuyết Nhung","Phan Thị Tuyết Nhung","7","Tập 533, số 1, trang 90-93","https://drive.google.com/open?id=1Qsh_FWXYOKOczwshhMteQeUmqCDo4GPr","","","","","","","",""
"25/03/2024 14:56:23","ttlnguyen@ctump.edu.vn","KHẢO SÁT MỐI TƯƠNG QUAN GIỮA CÁC CÔNG THỨC ƯỚC ĐOÁN ĐỘ LỌC CẦU THẬN VỚI ĐỘ THANH THẢI CREATININE 24 GIỜ CỦA SINH VIÊN Y KHOA TRƯỜNG ĐẠI HỌC Y DƯỢC CẦN THƠ","Số 61 Tạp chí Y Dược Cần Thơ","0.5 điểm","07/07/2023","Nghiên cứu đặc điểm lâm sàng và mức độ tổn thương tế bào gan trên bệnh nhân số xuất Dengue người lớn tại Bệnh viện Đa Khoa Hoàn Mỹ Cửu Long tháng 11/2023","Ngô Văn Út, Nguyễn Thị Thu Thảo, Thạch Trần Hiếu, Huỳnh Anh Tuấn, Trương Thái Lam Nguyên","Trương Thái Lam Nguyên","5","Tháng 11/2023 trang 50","https://drive.google.com/open?id=1DQcbhY_DCFKvStHdNh7PiATvg8wfFhAx","","","","","","","",""
"25/03/2024 15:55:17","tvnhieu@ctump.edu.vn","Tạp chí Y học Việt Nam","ISSN: 1859-1868","1 điểm","04/03/2024","Đánh giá kết quả điều trị thoái hoá cột sống cổ bằng kéo máy kéo dãn cột sống tại bệnh viện Chỉnh hình và Phục hồi chức năng Cần Thơ 2023","Nguyễn Dương Hanh, Trầm Văn Nhiều, Nguyễn Thị Mỹ Liên","Nguyễn Dương Hanh","3","Tập 536, số 1, trang 62-66","https://drive.google.com/open?id=1pdRqKLaPbIZ1QAmfRqXTgg7IxVNwYMj9","","","","","","","",""
"25/03/2024 16:21:35","tvnhieu@ctump.edu.vn","Tạp chí Y học Việt Nam","ISSN: 1859-1868","1 điểm","27/04/2023","MỘT SỐ YẾU TỐ ẢNH HƯỞNG ĐẾN TÌNH TRẠNG QUÊN Ở BỆNH NHÂN SAU CHẤN THƯƠNG SỌ NÃO","Lê Mỹ Tiên, Nguyễn Dương Hanh, Trầm Văn Nhiều, Nguyễn Diệu Thúy, Nguyễn Thị Kim Liên","Nguyễn Thị Kim Liên","5","Tập 525, số 2, trang 321-324","https://drive.google.com/open?id=1pbbJBjJebxLGGeercGiVxa_StXCFy-j6","","","","","","","",""
"25/03/2024 17:10:02","ntlngoc@ctump.edu.vn","Medicina ","1648-9144","https://doi.org/10.3390/medicina60030485","14/03/2024","The Association between Red Blood Cell Distribution Width and Mortality Risk after Hip Fracture: A Meta-Analysis","Bao Tu Thai Nguyen, Duy Nguyen Anh Tran, Tan Thanh Nguyen, Yi-Jie Kuo,Yu-Pin Chen","Bao Tu Thai Nguyen","5","Volume 60  Issue 3 ","https://drive.google.com/open?id=1U1mRwzamlouBUcoRdGIr4-iETMHPTNjs","","","","","","","",""
"25/03/2024 17:10:30","ttnghia@ctump.edu.vn","Tạp chí Y học Việt Nam","1859-1868","1 điểm","11/01/2024","ĐÁNH GIÁ KẾT QUẢ SÀNG LỌC SƠ SINH BỆNH THIẾU ENZYM G6PD TẠI BỆNH VIỆN SẢN NHI TỈNH QUẢNG NINH","Nguyễn Văn Thưởng, Trần Tín Nghĩa, Lê Thị Thùy Trang, Đặng Thị Ngọc Dung","Nguyễn Văn Thưởng","4","533(2),80-84","https://drive.google.com/open?id=1pxo3sBXda7WEz3dgVm_ufugUxQE3PS_x","","","","","","","",""
"25/03/2024 17:14:17","ttnghia@ctump.edu.vn","Tạp chí Y học Việt Nam","1859-1868","1 điểm","11/01/2024","BIẾN THỂ MICA-129 VAL/MET ẢNH HƯỞNG ĐẾN LƯỢNG VIRUS EPSTEIN-BARR (EBV) TÍCH LŨY TRONG TẾ BÀO U VÒM HỌNG","Lê Hạ Long Hải, Lê Văn Hưng, Nguyễn Thị Hà Vinh, Vũ Huy Lượng, Lê Ngọc Anh, Nguyễn Thị Thúy Mậu, Vũ Thị Thu Trang, Vũ Thị Hà, Trần Tín Nghĩa, Tạ Thành Đạt, Nguyễn Hoàng Việt","Nguyễn Hoàng Việt","11","533(2),219-223","https://drive.google.com/open?id=1wRkkHOsM4sEoq97hpS8lpeeJFi_UshJ8","","","","","","","",""
"25/03/2024 17:14:47","cttnguyen@ctump.edu.vn","Tạp chí Y học Việt Nam"," Tạp chí Y học Việt Nam có mã số ISSN: 1859-1868","1 điểm","08/11/2023","Đặc điểm hình thái và hoạt tính hạ đường huyết in vivo của lá cây mật gấu nam thu hái tại Cần Thơ","Nguyễn Thị Mỹ Hạnh, Cao Thị Tài Nguyên, Thái Thị Cẩm, Phạm Đức Toàn, Nguyễn Thanh Bình, Mai Huỳnh Như","Mai Huỳnh Như","6","Tập 532, số 1B, trang 126-131","https://drive.google.com/open?id=15BxaIITCM2Kvyd4SNWXhtZiwKNqRPEbN","","","","","","","",""
"25/03/2024 17:51:23","nthieu@ctump.edu.vn","Trends in Medical Sciences","2783-2090","0.25 điểm","21/08/2023","Outcomes of Transrectal Ultrasound-Guided Prostate Biopsy by the 12-Core Method at Can Tho University Hospital","Hieu Trung Nguyen, Kien Trung Nguyen, Cuong Quoc Tran, Huynh Van Duong, Binh Thanh Le, Yen Tieu Luong,Tu-Minh Hoang","Yen Tieu Luong","7","Tập 3, số 1, Trang 1-6","https://drive.google.com/open?id=197Qd2-4YViBrbs-fRPNEFu-gIxxFCwvO","","","","","","","",""
"25/03/2024 18:24:12","ndhanh@ctump.edu.vn","Tạp chí Y học Việt Nam","1859-1868","1 điểm","04/03/2024","ĐÁNH GIÁ KẾT QUẢ ĐIỀU TRỊ THOÁI HÓA CỘT SỐNG CỔ BẰNG KÉO MÁY KÉO DÃN CỘT SỐNG TẠI BỆNH VIỆN CHỈNH HÌNH VÀ PHỤC HỒI CHỨC NĂNG CẦN THƠ 2023","Nguyễn Dương Hanh, Trầm Văn Nhiều, Nguyễn Thị Mỹ Liên","Nguyễn Dương Hanh","3","Tập 536, số 1, trang 62-66","https://drive.google.com/open?id=1kKnYYAJPFelyQJtXh0MMa7AissoXeNae","","","","","","","",""
"25/03/2024 19:23:38","mhntan@ctump.edu.vn","Tạp chí Y học cộng đồng","2354-0613","1 điểm","08/03/2024","KẾT QUẢ CAN THIỆP TRUYỀN THÔNG TRONG KIỂM SOÁT TĂNG ACID URIC MÁU Ở BỆNH NHÂN BỆNH THẬN MẠN GIAI ĐOẠN CUỐI LỌC MÁU CHU KỲ TẠI BỆNH VIỆN ĐA KHOA CÀ MAU","Nguyễn Như Nghĩa, Trần Thị Tố Quyên, Mai Huỳnh Ngọc Tân","Mai Huỳnh Ngọc Tân","3","tập 65, số  2, trang 119-126","https://drive.google.com/open?id=1Wt-oIj2gfzWD_fVgTSp9tcDy5kG3AEKG","","","","","","","",""
"25/03/2024 20:32:24","nthoa@ctump.edu.vn","tạp chí y dược huế","1859-3836","0.75 điểm","01/12/2023","Nghiên cứu một số đặc điểm gãy xương đốt sống không triệu chứng  mới mắc và các yếu tố liên quan ở người Việt Nam trên 50 tuổi","Nguyễn Thái Hoà, Phù Trí Nghĩa , Thái Thị Hồng Nhung , Nguyễn Thuý Quyên , Nguyễn Thế Bảo , Hồ Phạm Thục Lan , Võ Tam","Võ Tam","7","Tập 13, số 7, trang 155-160","https://drive.google.com/open?id=1pj86dFTzZeoSBbsJUyi_9tTwS8AUdtYc","","","","","","","",""
"25/03/2024 20:33:24","bmduocly@ctump.edu.vn","Tạp chí Y học Việt Nam","1859-1868","1 điểm","05/01/2024","Khảo sát sự phát triển của tình trạng mất ngủ ở sinh viên ngành dược bị nhiễm covid-19 tại Trường Đại Học Y Dược Cần Thơ","Nguyễn Minh Tiến, Huỳnh Thiện Khoa, Nguyễn Anh Khoa, Lại Hà Phương, Lý Đăng Khoa, Trần Yên Hảo, Đặng Duy Khánh","Đặng Duy Khánh","7","Tập 533, số 1B, trang 91-95","https://drive.google.com/open?id=1dmX29XBKufXMx-3GIsTGX9HxSLJU_Uvp","","","","","","","",""
"25/03/2024 21:14:57","nhchuong@ctump.edu.vn","Tạp chí Y học Việt Nam","mã số ISSN: 1859-1868","1 điểm","31/08/2023","Nghiên cứu đột biến gen B-Thalassemia ở sinh viên trường Đại học Y Dược Cần Thơ năm 2022","Nguyễn Thanh Dương, Mai Hữu Khánh, Diệp Quốc Trãi, Nguyễn Thị Ngọc Hơn, Phạm Thiện Tâm, Nguyễn Hữu Chường, Phạm Thị Ngọc Nga","Phạm Thị Ngọc Nga","8","tập 529, số 1, Trang 375-379","https://drive.google.com/open?id=1MxwgGYqNIeENkUcK4hSliZ-MX37oxZll","","","","","","","",""
"25/03/2024 21:21:14","nhchuong@ctump.edu.vn","Tạp chí Y học Việt Nam","mã số ISSN: 1859-1868","1 điểm","30/12/2023","Tỷ lệ rối loạn lipid máu và các yếu tố liên quan ở bệnh nhân điều trị nội trú tại khoa Nội trung tâm y tế huyện An Minh năm 2023","Nguyễn Trường Đông, Lê Xuân Hiếu, Trần Thị Tú Trinh, Trần Thái Ngọc, Nguyễn Hữu Chường","Nguyễn Hữu Chường","5","Tập 533, số 1, trang 368-372","https://drive.google.com/open?id=1CRap0P2J2c6x0hkKoaLcGCJCdIm2zJug","","","","","","","",""
"25/03/2024 21:27:30","nhchuong@ctump.edu.vn","ạp chí Y học Việt Nam","mã số ISSN: 1859-1868","1 điểm","30/12/2023","Thực hành về việc tiêm chủng Vaccine Covid - 19 của viên chức người lao động Trường Đại học Y Dược Cần Thơ","Trần Trương Ngọc Bích, Đỗ Thị Cẩm Hồng, Nguyễn Xuân Vinh, Đỗ Hồng Diễm, Phạm Thị Ngọc Nga, Nguyễn Hữu Chường, Phan Thị Tuyết Nhung","Phan Thị Tuyết Nhung","7","Tập 533, số 1, Trang 90-93","https://drive.google.com/open?id=1wvnvPcA7wUNIRI4kAgDwQ8_WwuRso8GX","","","","","","","",""
"25/03/2024 23:09:40","nphung@ctump.edu.vn","Tạp chí Khoa học Trường Đại học Quốc tế Hồng Bàng (được tính 0.25 - Hội đồng Giáo sư nhà nước)","2615 - 9686","0.25 điểm","02/01/2024","Đánh giá thang đo ý định mua thực phẩm bảo vệ sức khỏe của người Ɵêu dùng trên địa bàn tỉnh Vĩnh Long năm 2022-2023","Lê Mỹ Phụng, Võ Thị Mỹ Hương, Nguyễn Phục Hưng*, Phạm Thành Suôl, Phan Thị Vân, Trương Kiều My","Nguyễn Phục Hưng","6","tập 27, số 1/2024, trang 1-10","https://drive.google.com/open?id=1LhSCFj68KwFNACnIHhdUQxalivgtjfSB","","","","","","","",""
"25/03/2024 23:12:53","nphung@ctump.edu.vn","Tạp chí Khoa học Trường Đại học Quốc tế Hồng Bàng","2615 - 9686","0.25 điểm","02/01/2024","Kiến thức sử dụng kháng sinh và yếu tố liên quan của người dân thành phố Cần Thơ năm 2023","Mã Huỳnh Tố Trinh, Nguyễn Bùi Hồng Thi, Đặng Huỳnh Thư, Hà Vũ Ngọc Trâm, Lưu Đỗ Thanh Xuân, Nguyễn Phục Hưng, Lê Thị Minh Ngọc*","Lê Thị Minh Ngọc*","7","tập 1/2024, số 27, trang 1-8","https://drive.google.com/open?id=1msVl98Hl-FT-SHyJZEIWGgQDqi3P9wyE","","","","","","","",""
"25/03/2024 23:20:21","tqkhai@ctump.edu.vn","  Tạp chí Nghiên cứu Y học","2354-080X","1 điểm","01/11/2023","VIÊM PHỔI NẶNG MẮC PHẢI CỘNG ĐỒNG LIÊN QUAN VI RÚT HỢP BÀO HÔ HẤP Ở TRẺ EM TẠI CẦN THƠ","Trần Quang Khải, Nguyễn Thị Diệu Thúy, Trần Đỗ Hùng, Nguyễn Bích Nguyên Phương, Đổ Hoàng Nam, Bùi Quang Nghĩa, Phạm Kiều Anh Thơ, Nguyễn Minh Phương","Nguyễn Minh Phương","8","Tập 172, số 11, trang 79-86","https://drive.google.com/open?id=1lHH2-Bs78tSwZoR-d_4UIFpDWaADkmY6","","","","","","","",""
"25/03/2024 23:24:04","ptthuy@ctump.edu.vn","Tạp  chí Y học Việt Nam","1859-1868","1 điểm","01/09/2023","Khảo  sát  nồng  độ  đường huyết và  yếu  tố  liên  quan  đến  nồng  độ  đường huyết ở bệnh nhân đột quỵ não nặng","Nguyễn Thị Ngọc Hân, Phạm Thu Thùy, Đoàn Thị Kim  Châu, Ngô  Đức  Lộc, Hà  Tấn  Đức","Nguyễn Thị Ngọc Hân","5","Tập  530, số 2, trang  333-336","https://drive.google.com/open?id=1Pg4h9in4SqdoB9IPJt_YnhEOg7Cq3iwd","","","","","","","",""
"25/03/2024 23:26:39","tqkhai@ctump.edu.vn","  Tạp chí Nghiên cứu Y học","2354 - 080X","1 điểm","01/02/2024","TÁC NHÂN VI SINH GÂY TIÊU CHẢY CẤP Ở TRẺ EM TẠI BỆNH VIỆN ĐA KHOA VĨNH LONG","Trần Quang Khải, Nguyễn Thị Thanh Loan, Trần Chí Công","Trần Quang Khải","3","Tập 174, số 1, trang 117-125","https://drive.google.com/open?id=121Tg5WzrV71tBD3bA1hLBglc-NfO_xu1","","","","","","","",""
"25/03/2024 23:26:51","bmchanthuongchinhhinh@ctump.edu.vn","Scientific reports Springer Nature","2045-2322","1 điểm","02/01/0004","Prevalence, incidence of and risk factors for vertebral fracture in the community: the Vietnam Osteoporosis Study","Hoa T Nguyen, Bao T Nguyen, Thi H Nhung Thai, An V Tran, Tan T Nguyen, Tam Vo, Linh D Mai, Thach S Tran, Tuan V Nguyen, Lan T Ho-Pham","Hoa T Nguyen","10","14(1):32","https://drive.google.com/open?id=1Qp6hRWvb_Vk0fuwOp267fjUIVOH1uO4l","","","","","","","",""
"25/03/2024 23:30:52","bmchanthuongchinhhinh@ctump.edu.vn","Medicina","1648-9144","1 điểm","14/03/2024","The Association between Red Blood Cell Distribution Width and Mortality Risk after Hip Fracture: A Meta-Analysis","Bao Tu Thai Nguyen, Duy Nguyen Anh Tran, Tan Thanh Nguyen, Yi-Jie Kuo, Yu-Pin Chen","Yu-Pin Chen","5","Medicina 2024, 60, 485.","https://drive.google.com/open?id=1ItasJ4WePN5zV8rTQ0bgXLMd2Q-z07nP","","","","","","","",""
"25/03/2024 23:40:36","ptthuy@ctump.edu.vn","Tạp chí Nghiên cứu Y học","Không biết","1 điểm","01/09/2023","Kết quả kiểm soát đường huyết bằng insulin truyền tĩnh mạch ở bệnh nhân đột quỵ não nặng","Hà Tấn Đức, Phạm Thu Thùy, Nguyễn Thị Ngọc Hân","Nguyễn Thị Ngọc Hân","3","Tập , số 170, trang 66-75","https://drive.google.com/open?id=1rYlkzgTAUfpSibQBB0z2vJYATQEGdvWm","","","","","","","",""
"26/03/2024 0:03:50","ltnhi@ctump.edu.vn","Tạp chí Y học Việt Nam","1859-1868","1 điểm","10/05/2023","Đánh giá kết quả điều trị thoái hoá khớp cổ chân dưới sự hỗ trợ của nội soi","Nguyễn Thành Tấn, Lý Tuyết Nhi","Nguyễn Thành Tấn","2","Tập 526, số 1B145-148","https://drive.google.com/open?id=1FIdLbJ_2XNbRVFB5p4r7F6dj4x-XkfG9","","","","","","","",""
"26/03/2024 0:10:43","nphung@ctump.edu.vn","Tạp chí Y Dược học quân sự","1859-0748","0.75 điểm","28/04/2023","NGHIÊN CỨU CHI PHÍ TRỰC TIẾP Y TẾ Ở BỆNH NHÂN HEN PHẾ QUẢN ĐIỀU TRỊ NỘI TRÚ CÓ BẢO HIỂM Y TẾ TẠI BỆNH VIỆN LAO VÀ BỆNH PHỔI THÀNH PHỐ CẦN THƠ NĂM 2020 - 2021","Nguyễn Phục Hưng, Phạm Thanh Tuấn, Dương Xuân Chữ, Võ Thị Mỹ Hương*","Võ Thị Mỹ Hương","4","tập 48, số 4, trang 5-16","https://drive.google.com/open?id=1izvXXWwypqHXmVXcKvOTLcR6k9ZQiUVc","","","","","","","",""
"26/03/2024 0:16:32","nphung@ctump.edu.vn","Tạp chí Y học Việt Nam","1859-1868","1 điểm","01/06/2023","PHÂN TÍCH CHI PHÍ ĐIỀU TRỊ CHO BỆNH NHÂN HEN PHẾ QUẢN ĐIỀU TRỊ NGOẠI TRÚ CÓ BẢO HIỂM Y TẾ TẠI BỆNH VIỆN LAO VÀ BỆNH PHỔI THÀNH PHỐ CẦN THƠ NĂM 2020-2021","Nguyễn Phục Hưng, Phạm Thanh Tuấn, Dương Xuân Chữ, Võ Thị Mỹ Hương","Võ Thị Mỹ Hương","4","Tập 527, số 1, trang 94-98","https://drive.google.com/open?id=193UEubPdeytVpNtegqfwl2arvYZp4KUZ","","","","","","","",""
"26/03/2024 0:34:48","nphung@ctump.edu.vn","Tạp chí Y học Việt Nam","1859-1868","1 điểm","01/07/2023","ĐÁNH GIÁ KIẾN THỨC VÀ CÁC YẾU TỐ LIÊN QUAN ĐẾN NGƯỜI TIÊU DÙNG THỰC PHẨM BẢO VỆ SỨC KHỎE TRÊN ĐỊA BÀN TỈNH VĨNH LONG NĂM 2022-2023","Lê Mỹ Phụng, Nguyễn Phục Hưng","Nguyễn Phục Hưng","2","Tập 528, số 2, trang 381-386","https://drive.google.com/open?id=1dTdsrW_7mzpc1VIldWE1M9amvI2onh-i","","","","","","","",""
"26/03/2024 0:38:08","nphung@ctump.edu.vn","Tạp chí Y học Việt Nam","1859-1868","1 điểm","01/07/2023","PHÂN TÍCH CHI PHÍ Y TẾ TRỰC TIẾP TRÊN BỆNH NHÂN ĐÁI THÁO ĐƯỜNG TYPE 2 ĐIỀU TRỊ NỘI TRÚ TẠI TRUNG TÂM Y TẾ THÀNH PHỐ VĨNH LONG NĂM 2022","Nguyễn Chí Thanh, Nguyễn Phục Hưng, Lưu Thái Quản, Đỗ Thị Hồng Xuyến, Phạm Thị Tố Liên","Nguyễn Phục Hưng","5","tập 528, số 2, trang 113-117","https://drive.google.com/open?id=1oUWmWYX3AUqqIijDT9oChK49fUr7cjUh","","","","","","","",""
"26/03/2024 0:44:54","nphung@ctump.edu.vn","Tạp chí Y học Việt Nam","1859-1868","1 điểm","01/09/2023","NGHIÊN CỨU CHI PHÍ TRỰC TIẾP Y TẾ VÀ CÁC YẾU TỐ LIÊN QUAN CỦA BỆNH NHÂN SUY THẬN MẠN GIAI ĐOẠN CUỐI ĐIỀU TRỊ NGOẠI TRÚ TẠI BỆNH VIỆN ĐA KHOA TỈNH KIÊN GIANG NĂM 2022-2023","Ngô Vị Đại, Trương Hoàng Khải, Võ Quang Lộc Duyên, Nguyễn Phục Hưng","Nguyễn Phục Hưng","4","Tập 530, số 1B, trang 134-138","https://drive.google.com/open?id=1HQtmreOgEIBdAeOO0CRhTzenbkZOYK8o","","","","","","","",""
"26/03/2024 6:40:58","vvthi@ctump.edu.vn","Tạp chí Y học Việt Nam","1859-1868","1 điểm","11/01/2024","ĐỘ NHẠY VÀ ĐỘ ĐẶC HIỆU CỦA THANG ĐIỂM M-CHAT DO GIÁO VIÊN MẦM NON CẦN THƠ THỰC HIỆN Ở TRẺ 18-36 THÁNG TẠI NHÀ TRẺ","Nguyễn Minh Phương , Trần Thiện Thắng , Nguyễn Ngọc Việt Nga , Nguyễn Đức Trí , Nguyễn Thanh Tuyền ","Trần Thiện Thắng","5","Tập 533 Số 2 (2023)","https://drive.google.com/open?id=10tjccCVFw39r1jci8mbioO9O67IgndWO","","","","","","","",""
"26/03/2024 6:46:03","vvthi@ctump.edu.vn","Tạp chí Y học Việt Nam","1859-1868","1 điểm","15/03/2024","KẾT QUẢ CAN THIỆP RỐI LOẠN PHỔ TỰ KỶ NẶNG Ở TRẺ TỪ 18-36 THÁNG TẠI BỆNH VIỆN SẢN-NHI CÀ MAU","Nguyễn Minh Phương, Trần Thiện Thắng, Võ Văn Thi , Phan Việt Hưng, Trịnh Thanh Thúy , Nguyễn Ngọc Thùy , Ninh Thị Minh Hải , Lê Hoàng Mỷ","Nguyễn Minh Phương","8"," Tập 536 Số 1B (2024) ","https://drive.google.com/open?id=1XP0thiHBWC_w4kriOciknj_zBEWXvyVZ","","","","","","","",""
"26/03/2024 6:48:15","vvthi@ctump.edu.vn","Tạp chí Y học Việt Nam","1859-1868)","1 điểm","15/02/2024","KHẢO SÁT SỰ GẮN KẾT CỦA VIÊN CHỨC, NGƯỜI LAO ĐỘNG ĐẾN MỨC ĐỘ HOÀN THÀNH CÔNG VIỆC TẠI BỆNH VIỆN PHỤ SẢN THÀNH PHỐ CẦN THƠ","Nguyễn Minh Phương, Trần Khánh Nga, Võ Phạm Minh Thư, Lê Thị Kim Định, Lê Thị Ngọc Hường, Huỳnh Thị Xuân Trinh, Trần Ngọc Bích, Phạm Huỳnh Bảo Trân","Nguyễn Minh Phương","8","Tập 535 Số 1B (2024) ","https://drive.google.com/open?id=1mcR4XXYT5CGAgJ_V0AognimKom9jQnHv","","","","","","","",""
"26/03/2024 6:50:08","vvthi@ctump.edu.vn","Tạp chí Y học Việt Nam","1859-1868","1 điểm","15/02/2024","TÌNH HÌNH RỐI LOẠN GIẤC NGỦ Ở PHỤ NỮ MANG THAI TẠI KHOA KHÁM BỆNH, BỆNH VIỆN PHỤ SẢN THÀNH PHỐ CẦN THƠ NĂM 2023","Trần Khánh Nga, Nguyễn Minh Phương, Võ Phạm Minh Thư, Lê Thị Kim Định, Đinh Thanh Nam, Phạm Thúy Hồng, Lê Thị Bích Tuyên","Nguyễn Minh Phương","7"," Tập 535 Số 1B (2024) ","https://drive.google.com/open?id=1FBOdj83m0MGXcgfkvj-Pf-bEGlDELmUz","","","","","","","",""
"26/03/2024 7:58:33","nphung@ctump.edu.vn","Kỷ yếu HNKHKT BV ĐH Y Dược Huế mở rộng 2023 (tháng 11/2023)","Kỷ yếu","Kỷ yếu đã qua phản biện 3 round","03/11/2023","NGƯỠNG SẴN SÀNG CHI TRẢ TRÊN MỖI NĂM SỐNG CÓ CHẤT LƯỢNG CỦA NGƯỜI BỆNH UNG THƯ ĐẠI TRỰC TRÀNG ĐIỀU TRỊ NỘI TRÚ TẠI HỆ THỐNG BỆNH VIỆN ĐA KHOA XUYÊN Á NĂM     -2023","Đặng Quốc Sỹ, Nguyễn Phục Hưng*, Nguyễn Phú Vinh, Võ Thị Mỹ Hương","Nguyễn Phục Hưng","4","trang 141-142","https://drive.google.com/open?id=1y9pcNIgjcyLGD27vTpgl4yluPmyauMHj","","","","","","","",""
"26/03/2024 8:46:38","ttlnguyen@ctump.edu.vn","NGHIÊN CỨU ĐẶC ĐIỂM LÂM SÀNG VÀ MỨC ĐỘ TỔN THƯƠNG TẾ BÀO GAN  TRÊN BỆNH NHÂN SỐT XUẤT HUYẾT DENGUE NGƯỜI LỚN TẠI BỆNH VIỆN  ĐA KHOA HOÀN MỸ CỬU LONG NĂM 2023","Kỷ yếu Bệnh viện Hoàn Mỹ Cửu Long","2 điểm","01/11/2023","NGHIÊN CỨU ĐẶC ĐIỂM LÂM SÀNG VÀ MỨC ĐỘ TỔN THƯƠNG TẾ BÀO GAN  TRÊN BỆNH NHÂN SỐT XUẤT HUYẾT DENGUE NGƯỜI LỚN TẠI BỆNH VIỆN  ĐA KHOA HOÀN MỸ CỬU LONG NĂM 2023","Ngô Văn Út, Nguyễn Thị Thu Thảo, Thạch Trần Hiểu,  Huỳnh Anh Tuấn, Trương Thái Lam Nguyên*","Trương Thái Lam Nguyên","5","trang 68","https://drive.google.com/open?id=16z4d_HceN4SO_-72BZdjC7NgfTlRyxfl","","","","","","","",""
"26/03/2024 8:51:00","npthao@ctump.edu.vn","Tạp chí Khoa học thể thao","1859-4662","0.75 điểm","26/08/2023","Đánh giá thực trạng thể lực của sinh viên khoá 48 Trường Đại học Y Dược Cần Thơ 48","Trương Thị Tuyết Châu, Nguyễn Trần Đăng Khánh, Ngô Phương Thảo","Trương Thị Tuyết Châu","","Số 6, Trang 54 - 58","https://drive.google.com/open?id=1tWFUQw92XD1v7pnoVFJAb6Di_VLmyqyA","","","","","","","",""
"26/03/2024 8:54:52","vthau@ctump.edu.vn","Tạp chí Y học Việt Nam","ISSN: 1859-1868","1 điểm","15/09/2023","Kỹ thuật cắt tầng sinh môn ngoài cơ nâng ở tư thế nằm sấp trong điều trị ung thư trực tràng thấp","Nguyễn Văn Tuấn, Phạm Văn Năng, Nguyễn Văn Luân,  Mai Văn Đợi, Nguyễn Văn Hiên,  Đặng Hồng Quân, Lâm Hoàng Huấn","Nguyễn Văn Tuấn","7","Tập 531, số 1B, trang 219-223","https://drive.google.com/open?id=1R3rRFwRkY09wpSf8UsUEm_ZqnonyVexq","","","","","","","",""
"26/03/2024 9:52:00","ntklan@ctump.edu.vn","Kỷ yếu Hội nghị Y tế Dự phòng TPCT","không có","0.25 điểm","10/11/2023","Kiến thức, thái độ và hành vi phòng bệnh giun đũa chó, mèo ở người tại bệnh viện Trường Đại học Trà Vinh","Nguyễn Thị Hồng Tuyến, Nguyễn Thanh Bình, Lê Minh Hữu, Nguyễn Tấn Đạt, Nguyễn Thị Kiều Lan, Nguyễn Ngọc Huyền, Nguyễn Minh Trung, Huỳnh Quốc Sĩ","Nguyễn Thị Hồng Tuyến","8","58","https://drive.google.com/open?id=1kcOzOr_almayh-9gDY6KUf3jPbDYyhOn","","","","","","","",""
"26/03/2024 8:57:15","vthau@ctump.edu.vn","Tạp chí Y học Việt Nam","1859-1868","1 điểm","26/12/2023","Đặc điểm khối u ở bệnh nhân ung thư trực tràng thấp được phẫu thuật Miles nội soi cắt tầng sinh môn ở tư thế nằm sấp tại Thành phố Cần Thơ","Nguyễn Văn Tuấn, Phạm Văn Năng","Nguyễn Văn Tuấn","2","Tập 534, số 2, trang 393-398","https://drive.google.com/open?id=13e6TyCl4byWrEENC24EErlHYUm5Ef7PN","","","","","","","",""
"26/03/2024 8:58:56","vthau@ctump.edu.vn","Tạp chí Y học Việt Nam","1859-1868","1 điểm","27/12/2023","Tái phát và hóa xạ sau phẫu thuật Miles nội soi cắt tầng sinh môn ở tư thế nằm sấp trong điều trị ung thư trực tràng thấp tại Thành phố Cần Thơ","Nguyễn Văn Tuấn, Phạm Văn Năng","Nguyễn Văn Tuấn","2","Tập 534, số 2, trang 381-384","https://drive.google.com/open?id=18dPf7_5ZKS5HQ5U7hkzQBTkAMtT0Rg6g","","","","","","","",""
"26/03/2024 9:01:47","npthao@ctump.edu.vn","Y học Việt Nam","1859-1868","1 điểm","01/08/2023","Kết quả can thiệp tư vấn di truyền sinh viên mang gen bệnh Thalassemia tại Trường Đại học Y Dược Cần Thơ","Tôn Trần Minh Hoàng, Nguyễn Quốc Huy, Lâm Trần Huy, Nguyễn Thanh Tú, Kỹ Kim Quang, Trương Hoàng Nhật Minh, Ngô Phương Thảo, Nguyễn Thị Bích","Tôn Trần Minh Hoàng","8","Tập 529, số 1B, trang 56 - 59","https://drive.google.com/open?id=1otRLsRvrlx8WcfNRUDmRCWjuLiOoXAtq","","","","","","","",""
"26/03/2024 9:51:58","nthtuyen@ctump.edu.vn","Kỷ yếu Hội nghị khoa học Y tế dự phòng thành phố Cần Thơ","Kỷ yếu Hội nghị khoa học, không có ISSN","0.25 điểm","10/11/2023","Kiến thức, thái độ, hành vi phòng bệnh giun đũa cho mèo ở người tại bệnh viện trường Đại học Trà Vinh","Nguyễn Thị Hồng Tuyến,  Nguyễn Thanh Bình, Lê Minh Hữu, Nguyễn Tấn Đạt, Nguyễn Thị Kiều Lan, Nguyễn Ngọc Huyền, Nguyễn Minh Trung, Huỳnh Quốc Sĩ","Nguyễn Thị Hồng Tuyến","8","58-64","https://drive.google.com/open?id=1ZreIXvTzzhrOyE2I7KDQ-JMzr0V6TwEF","","","","","","","",""
"26/03/2024 9:05:48","ntklan@ctump.edu.vn","Kỷ yếu Hội nghị Y tế Dự phòng TPCT","không có","không có","10/11/2023","Thực trạng quản lý bệnh đái tháo đường tại các Trạm Y tế xã tỉnh Trà Vinh, năm 2021","Nguyễn Thị Hồng Tuyến*, Lê Minh Hữu, Nguyễn Tấn Đạt, Nguyễn Thị Ngọc Huyền, Nguyễn Thị Kiều Lan, Nguyễn Văn Trung","Nguyễn Thị Hồng Tuyến","6","80","https://drive.google.com/open?id=1krgdC054x7E2zZwt9K3WxqaBuPwFUv4j","","","","","","","",""
"26/03/2024 9:52:23","ntklan@ctump.edu.vn","Hội nghị Khoa học Y tế Dự phòng thành phố Cần Thơ mở rộng năm 2023","không có","0.25 điểm","10/11/2023","TỶ LỆ TUÂN THỦ ĐIỀU TRỊ ĐÁI THÁO ĐƯỜNG TYPE 2 VÀ MỘT SỐ YẾU TỐ LIÊN QUAN Ở NGƯỜI TỪ 30 TUỔI TRỞ LÊN TẠI HUYỆN CÀNG LONG, TỈNH TRÀ VINH NĂM 2022","Nguyễn Thị Nhật Tảo*, Cao Thục Hiền, Nguyễn Thị Kiều Lan, Nguyễn Minh Trung, Nguyễn Thị Hồng Tuyến, Cao Mỹ Phượng, Trương Quang Đạt","Nguyễn Thị Hồng Tuyến","7","204","https://drive.google.com/open?id=1S9xvegnAf6BYo73IKBSBALNSSONk52pG","","","","","","","",""
"26/03/2024 9:52:41","ntklan@ctump.edu.vn","Kỷ yếu Hội nghị Khoa học công nghệ tuổi trẻ ","không có","0.25 điểm","22/03/2024","Kiến thức và hành vi phòng chống bệnh đái tháo đường típ 2 ở người Khmer từ 40 tuổi trở lên tỉnh Trà Vinh","ThS Nguyễn Thị Hồng Tuyến, ThS Phan Thị Trung Ngọc, TS Nguyễn Tấn Đạt, ThS Nguyễn Ngọc Huyền, BS Nguyễn Thị Kiều Lan","Nguyễn Thị Hồng Tuyến","5","không có số trang","https://drive.google.com/open?id=1EZuanG1UXnztfPl5L-RDxPCBrCBgaIfw","","","","","","","",""
"26/03/2024 9:53:01","ntklan@ctump.edu.vn","Kỷ yếu hội nghị Khoa học công nghệ tuổi trẻ","không có","0.25 điểm","22/03/2024","SITUATION OF FALLS AND ASSESSMENT OF FALL RISK IN ELDERLY PEOPLE IN CAN THO CITY, VIETNAM IN 2023","MSc. MD. Nguyen Le Ngoc Giau, MSc. MD. Phan Thi Trung Ngoc,  MSc. MD. Nguyen Van Doi, PhD Tran Van De, MD. Nguyen Thi Kieu Lan","Nguyễn Lê Ngọc Giàu","5","không có","https://drive.google.com/open?id=15Jyqqx2kMT4GO_NNPRKt0FCjcgxEqbnO","","","","","","","",""
"26/03/2024 9:51:12","nthtuyen@ctump.edu.vn","Kỷ yếu Hội nghị khoa học Y tế dự phòng thành phố Cần Thơ","Không có","0.25 điểm","10/11/2023","Thực trạng quản lý bệnh đái tháo đường tại trạm y tế xã tỉnh Trà Vinh năm 2021","Nguyễn Thị Hồng Tuyến, Lê Minh Hữu, Nguyễn Tấn Đạt, Nguyễn Thị Kiều Lan, Nguyễn Thị Ngọc Huyền, Nguyễn Văn Trung","Nguyễn Thị Hồng Tuyến","6","80-84","https://drive.google.com/open?id=1Y04s5JN8R0t-pvupVrGwIMQubMMBsK3j","","","","","","","",""
"26/03/2024 10:44:03","nthtuyen@ctump.edu.vn","Tạp chí Nội tiết và đái tháo đường","1859-4727","0.5 điểm","10/06/2023","Tỷ lệ tuân thủ điều trị đái tháo đường type 2 và một số yếu tố liên quan ở người từ 30 tuổi trở lên tại huyện Càng Long, tỉnh Trà Vinh năm 2022","Nguyễn Thị Nhật Tảo Cao Thục Hiền Nguyễn Thị Hồng Tuyến Cao Mỹ Phượng Trương Quang Đạt","Nguyễn Thị Nhật Tảo","5","63 (2023), 171-180","https://drive.google.com/open?id=19hpUgsfTJ9Kk2kbHiqA8UUGmRNCwvXOa","","","","","","","",""
"26/03/2024 10:53:32","nthtuyen@ctump.edu.vn","Kỷ yếu Hội nghị khoa học Y tế dự phòng thành phố Cần Thơ","không có","0.25 điểm","10/11/2023","Tỷ lệ tuân thủ điều trị đái tháo đường type 2 và một số yếu tố liên quan ở người từ 30 tuổi trở lên tại huyện Càng Long, tỉnh Trà Vinh năm 2022","Nguyễn Thị Nhật Tảo, Cao Thục Hiền, Nguyễn Thị Kiều Lan, Nguyễn Minh  Trung, Nguyễn Thị Hồng Tuyến, Cao Mỹ Phượng, Trương Quang Đạt","Nguyễn Thị Nhật Tảo","7","84-212","https://drive.google.com/open?id=1HsaIoT494inoHGP7dkFtLO96xbk9NO8B","","","","","","","",""
"26/03/2024 12:33:40","21860110050@student.ctump.edu.vn","Tạp chí Y học Việt Nam","1859-1868","1 điểm","07/03/2023","KIẾN THỨC CỦA SINH VIÊN TRƯỜNG ĐẠI HỌC Y DƯỢC CẦN THƠ VỀ TIÊM CHỦNG VACCINE COVID-19","Phan Thanh Hải, Phạm Thị Ngọc Nga, Phan Thị Ngọc Tuyền, Nguyễn Quý An, Phan Quốc Việt, Lê Đức Hiền, Nguyễn Thị Hồng Ngân, Đỗ Thị Xuân Nam, Tô Thị Yến Nhi","Tô Thị Yến Nhi","9","Tập 524, Tháng 3, Số 1B, Trang 321-325","https://drive.google.com/open?id=1j7UhHLw2tKpCM6UhvlFNHeHrpDqrzgKw","","","","","","","",""
"26/03/2024 12:36:38","21860110050@student.ctump.edu.vn","Tạp chí Y học Việt Nam","1859-1868","1 điểm","07/03/2023","THỰC TRẠNG RỐI LOẠN TRẦM CẢM CỦA HỌC SINH LỚP 12 TRƯỜNG ĐINH TIÊN HOÀNG TỈNH ĐỒNG NAI NĂM 2022","Lê Minh Hải, Dương Ngọc Thanh Trúc, Nguyễn Hoài Nam, Bùi Thị Bạch Yến, Phan Thanh Hải, Phạm Thị Ngọc Nga, Tô Thị Yến Nhi, Nguyễn Hồng Hà, Nguyễn Hiệp Phúc"," Nguyễn Hiệp Phúc","9","Tập 524, Tháng 3, Số 1B, trang 140-147","https://drive.google.com/open?id=17_mm2SPK-hZn2RkR6Zwth4TD0zW_RJOk","","","","","","","",""
"26/03/2024 12:40:25","21860110050@student.ctump.edu.vn","Tạp chí Y học Việt Nam","1859-1868","1 điểm","25/10/2023","NGHIÊN CỨU SỰ HÀI LÒNG VỀ CÔNG VIỆC CỦA NHÂN VIÊN KHOA DƯỢC TẠI MỘT SỐ BỆNH VIỆN TRÊN ĐỊA BÀN THÀNH PHỐ CẦN THƠ NĂM 2022 -2023","Ngô Kiều Nghi, Trần Văn Đệ, Đào Trần Nhất Phong, Huỳnh Thị Mỹ Duyên, Lê Minh Hữu, Trương Thị Quyên, Phạm Thị Ngọc Nga","Phạm Thị Ngọc Nga","7","Tập 532, Tháng 11, Số 2, trang 187-191","https://drive.google.com/open?id=1fBZsNNTX5mAcRJND9E4UJmpf36tuJOeC","","","","","","","",""
"26/03/2024 12:42:34","21860110050@student.ctump.edu.vn","Tạp chí Y học Việt Nam","1859-1868","1 điểm","30/10/2023","NGHIÊN CỨU TÌNH HÌNH RỐI LOẠN LIPID MÁU Ở CÁC BỆNH NHÂN ĐƯỢC CHỈ ĐỊNH LÀM XÉT NGHIỆM BỘ MỠ TẠI BỆNH VIỆN ĐA KHOA THÀNH PHỐ CẦN THƠ, NĂM 2022","Phạm Thị Ngọc Nga, Huỳnh Quang Minh, Trần Lĩnh Sơn, Trần Thái Ngọc, Âu Xuân Sâm","Âu Xuân Sâm","5","Tập 532, Tháng 11, Số 1, trang 134-138","https://drive.google.com/open?id=1D-GP8TEutomkBlWtUCf20arElKakaoTX","","","","","","","",""
"26/03/2024 12:44:41","21860110050@student.ctump.edu.vn","Tạp chí Y học Việt Nam","1859-1868","1 điểm","22/11/2023","KHẢO SÁT MỐI TƯƠNG QUAN GIỮA NỒNG ĐỘ LDL-C ĐỊNH LƯỢNG BẰNG PHƯƠNG PHÁP TRỰC TIẾP VÀ GIÁN TIẾP TẠI BỆNH VIỆN ĐA KHOA THÀNH PHỐ CẦN THƠ, NĂM 2022","Hồ Huyền Linh, Trần Xuân Uyên, Trịnh Lý Vy, Trần Khả Linh, Trần Bùi Hoàng Thảo, Huỳnh Quang Minh, Phạm Thị Ngọc Nga","Phạm Thị Ngọc Nga","7","Tập 533, Tháng 12, số 1, trang 144-148","https://drive.google.com/open?id=1Pg9_1TL8U9todT3LFR2K9tuRQeLPYu19","","","","","","","",""
"26/03/2024 12:46:28","21860110050@student.ctump.edu.vn","Tạp chí Y học Việt Nam","1859-1868","1 điểm","21/11/2023","THÁI ĐỘ CỦA VIÊN CHỨC, NGƯỜI LAO ĐỘNG TRƯỜNG ĐẠI HỌC Y DƯỢC CẦN THƠ VỀ VIỆC TIÊM CHỦNG VACCINE COVID-19","Phạm Thị Ngọc Nga, Cao Thị Tài Nguyên, Đoàn Thị Thùy Trân, Trịnh Minh Thiết","Trịnh Minh Thiết","4","Tập 533, tháng 12, số 1, trang 191-195","https://drive.google.com/open?id=1RtM00QNn5yy9pXd1GMFF4lMJjsXUTTEN","","","","","","","",""
"26/03/2024 12:53:35","21860110050@student.ctump.edu.vn"," Tạp chí Y học Việt Nam","1859-1868","1 điểm","22/11/2023","THỰC TRẠNG CÔNG KHAI XU HƯỚNG TÍNH DỤC CỦA NGƯỜI ĐỒNG TÍNH, SONG TÍNH VÀ CHUYỂN GIỚI TẠI THÀNH PHỐ CẦN THƠ NĂM 2022","Phan Thanh Hải, Phan Thị Ngọc Tuyền, Nguyễn Quý An, Trang Triều Quân, Trần Vĩ Khang, Nguyễn Văn Tín, Phạm Thị Ngọc Nga","Phạm Thị Ngọc Nga","7","Tập 533, tháng 12, số 1, trang 132-136","https://drive.google.com/open?id=1M2idnJmgoNPHTLWZ77xpR-CfZXnKhn2H","","","","","","","",""
"26/03/2024 14:05:52","nckh@ctump.edu.vn","Tạp chí Khoa học Trường Đại học Quốc tế Hồng Bàng","ISSN 2615-9686.","0.25 điểm","01/01/2024","Đánh giá thang đo ý định mua thực phẩm bảo vệ sức khỏe của người tiêu dùng trên địa bàn tỉnh vĩnh long năm 2022-2023","Lê Thị Mỹ Phụng, Võ Thị Mỹ Hương, Nguyễn Phục Hưng, Phạm Thành Suôl, Phan Thị Vân, Trương Kiều My","Nguyễn Phục Hưng","6","27","https://drive.google.com/open?id=1YZtWgn5YEnFySWQhorXi38sDb2v0rgE5","","","","","","","",""
"26/03/2024 15:26:11","kmnmtam@ctump.edu.vn","Tạp chí y dược học","1859 - 1868","0.75 điểm","29/04/2023","NGHIÊN CỨU THỬ NGHIỆM TÍNH ĐỒNG NHẤT CỦA BỘ MẪU  ĐÔNG LẠNH BẰNG PHƯƠNG PHÁP ĐIỀU CHỈNH GIÁ TRỊ PT  (PROTHROMBINE TIME) TRONG MẪU HUYẾT TƯƠNG   ỨNG DỤNG CHO CHƯƠNG TRÌNH NGOẠI KIỂM ĐÔNG MÁU ","VŨ QUANG HUY 1, NGUYỄN THỊ BÍCH THẢO 1,   NGUYỄN THỊ HỒNG 2, KIỀU MỸ NGỌC MINH TÂM 2","Kiều Mỹ Ngọc Minh Tâm","4","133 - 136","https://drive.google.com/open?id=1RUwkfKd350R_kqG4WKpP-jNzd-kK6NMr","","","","","","","",""
"26/03/2024 17:19:35","21860110050@student.ctump.edu.vn","Tạp chí Y học Việt Nam","1859-1868","1 điểm","06/03/2024","THỰC TRẠNG BỆNH NHỒI MÁU NÃO TẠI KHOA THẦN KINH SỌ NÃO, BỆNH VIỆN PHỤC HỒI CHỨC NĂNG - ĐIỀU TRỊ BỆNH NGHỀ NGHIỆP NĂM 2022-2023","Phan Minh Hoàng, Nguyễn Hồng Hà","Phan Minh Hoàng","2","Tập 536, tháng 3, số 2, trang 366-369","https://drive.google.com/open?id=1mMQmuoRc5Jyi2zOIK-xJuQKKnJDD-NJB","","","","","","","",""
"26/03/2024 17:22:14","21860110050@student.ctump.edu.vn","Tạp chí Y học Việt Nam","1859-1868","1 điểm","12/03/2024","MỨC ĐỘ CẢI THIỆN CHẤT LƯỢNG CUỘC SỐNG Ở BỆNH NHÂN ĐAU CỘT SỐNG THẮT LƯNG DO THOÁI HÓA CỘT SỐNG TẠI BỆNH VIỆN PHỤC HỒI CHỨC NĂNG - ĐIỀU TRỊ BỆNH NGHỀ NGHIỆP","Phan Minh Hoàng, Nguyễn Hồng Hà","Phan Minh Hoàng","2","Tập 537, Tháng 4, số 1, trang 248-251","https://drive.google.com/open?id=1bVw7VOfipwRVxn65GrCDrwd1hQQ_-O4C","","","","","","","",""
"27/03/2024 8:22:03","tvnhieu@ctump.edu.vn","Tạp chí Y học Việt Nam","ISSN: 1859-1868","1 điểm","04/03/2024","Đánh giá kết quả điều trị thoái hoá cột sống cổ bằng kéo máy kéo dãn cột sống tại bệnh viện Chỉnh hình và Phục hồi chức năng Cần Thơ 2023","Nguyễn Dương Hanh, Trầm Văn Nhiều, Nguyễn Thị Mỹ Liên","Nguyễn Dương Hanh","3","Tập 536, số 1, trang 62-66","https://drive.google.com/open?id=1IYyk1dCqwI6rwkq6vbT8p21l9hW5TcEG","","","","","","","",""
"27/03/2024 11:41:09","vttrinh@ctump.edu.vn","khoa học và Đào tạo TDTT","ISSN:0866-8108","1 điểm","06/12/2023","Đánh giá thực trạng thể lực của nữ Sv lứa tuổi 18-20 Trường ĐH Y dược Cần Thơ.","Võ Thành Trinh, Nguyễn Nhật Tường, Trương Thị Tuyết Châu, Nguyễn Trần Đăng Khánh, Nguyễn Lâm Minh Đăng","Võ Thành Trinh","5","12/2023","https://drive.google.com/open?id=1vWgtgNWPBxa4OF-kVwkVpiQZhz6XZwwA","","","","","","","",""
"27/03/2024 13:05:17","lththanh@ctump.edu.vn","Tạp chí Quản lý Nhà nước","2815-5831","0.75 điểm","05/02/2024","Đảng bộ thành phố Cần Thơ vận dụng tư tưởng, đạo đức cách mạng của Hồ Chí Minh trong giáo dục, rèn luyện đảng viên hiện nay","Lương Thị Hoài Thanh","Lương Thị Hoài Thanh","1","Tạp chí online, 9 trang","https://drive.google.com/open?id=12GXEKPurHsrQFcFLhF-nIsMDLmDV-LMo","","","","","","","",""
"27/03/2024 16:12:56","dthien@ctump.edu.vn","Tạp chí Y học Việt Nam","1859-1868","1 điểm","26/09/2023","Nghiên cứu tương tác thuốc có ý nghĩa lâm sàng trong đơn thuốc bảo hiểm y tế điều trị ngoại trú tại bệnh viện trường Đại học Y Dược Cần Thơ năm 2022","Phạm Thanh Tòng , Nguyễn Thị Ngọc Vân , Nguyễn Thị Bích Trâm , Trần Thị Tuyết Phụng , Nguyễn Thị Đặng , Đỗ Trung Hiền","Đỗ Trung Hiền","6","Tập 530, tháng 9, số 1B, trang 385-389","https://drive.google.com/open?id=14w1pxC7iPJ2tLpjHMXqaeobQZi6AIy-s","","","","","","","",""
"27/03/2024 16:26:16","ttttam@ctump.edu.vn","Tạp chí Y học Việt Nam","1859-1868","1 điểm","01/03/2024","Đánh giá kiến thức, thái độ và thực hành của nhân viên Y tế trong sử dụng bệnh án điện tử ở bệnh viện đa khoa khu vực Long Khánh năm 2023","Hồ Văn Hải, Trần Thái Thanh Tâm, Nguyễn Trung Kiên, Nguyễn Tấn Đạt","Hồ Văn Hải","4","Tập 536, số 2, năm 2024","https://drive.google.com/open?id=1Wk2FeJbVKRT3Sae3lwSXtB6pCBHBTHWq","","","","","","","",""
"11/06/2024 18:09:19","nthithuytrang@ctump.edu.vn","Tạp Chí Da liễu học Việt Nam","ISSN: 1859-4824","0.75 điểm","29/03/2024","RỐI LOẠN LO ÂU, TRẦM CẢM, STRESS Ở BỆNH NHÂN VIÊM DA CƠ ĐỊA NGƯỜI LỚN TẠI BỆNH VIỆN DA LIỄU THÀNH PHỐ CẦN THƠ NĂM 2022","Nguyễn Thị Thùy Trang, Phạm Thị Bảo Trâm, Phạm Thanh Thảo, Huỳnh Văn Bá","Huỳnh Văn Bá","4","Số 43, trang 64-71","https://drive.google.com/open?id=1euzBqzyL5-yWXjJi5BY8RpArWNKHcg9w","","","","","","","",""
"11/06/2024 20:29:34","nqtuan@ctump.edu.vn","Tạp chí Y học Việt Nam","ISSN: 1859-1868","1 điểm","10/06/2024","KẾT QUẢ ĐIỀU TRỊ THAI NGOÀI TỬ CUNG BẰNG PHẪU THUẬT NỘI SOI: NGHIÊN CỨU CẮT NGANG MÔ TẢ","Danh Xà Mách, Nguyễn Quốc Tuấn","Nguyễn Quốc Tuấn","2","Tập 539 Số 2 (2024) trang 67-71","https://drive.google.com/open?id=1SZtJGliX6tec30JOoz_Ma1cVs7qhd07s","","","","","","","",""
"12/06/2024 10:00:58","ltntrinh@ctump.edu.vn","Tạp chí Dinh dưỡng & Thực phẩm","ISSN: 1859 - 0381","0.25 điểm","12/04/2024","TÌNH TRẠNG DINH DƯỠNG VÀ MỘT SỐ YẾU TỐ LIÊN QUAN Ở HỌC SINH TRƯỜNG TRUNG HỌC CƠ SỞ NGUYỄN TRƯỜNG TỘ, TỈNH VĨNH LONG NĂM 2023","Lê Thị Ngọc Trinh, Bùi Thị Hoàng Lan","Lê Thị Ngọc Trinh","2","Tập 20, số 2, trang 30-36","https://drive.google.com/open?id=175OOv-VJuUyFUxIyYUKGjEWpm6ivWc0U","","","","","","","",""
"13/06/2024 18:32:22","bmsinhlybenhmiendich@ctump.edu.vn","Tạp chí khoa học Đại học Cần Thơ","1859-2333","1 điểm","09/05/2024","Đặc điểm đột biến gen kháng thuốc Rifampicin và Isoniazide của vi khuẩn lao (Mycobacterium tuberculosis) ở tỉnh Đồng Tháp","Dương Thế Long, Trần Ngọc Dung, Dương Thị Loan, Đinh Thị Hương Trúc, Trịnh Thị Hồng Của, Phạm Đắc Lộc, Nguyễn Hữu Thành, Đỗ Tấn Khang","Đỗ Tấn Khang","8","Tập 60, số 2B, trang 1-7","https://drive.google.com/open?id=1CJOmcZYyJpV5_5q9wgrD-gMjoZrGOrpx","","","","","","","",""
"13/06/2024 18:37:35","tthcua@ctump.edu.vn","Tạp chí Y học Việt Nam","1859-1868","1 điểm","04/04/2024","MỐI LIÊN QUAN KIỂU GEN METALLO-β-LACTAMASE NDM, IMP, VIM  VỚI ĐỀ KHÁNG CARBAPENEM Ở MỘT SỐ TRỰC KHUẨN GRAM ÂM  TRÊN BỆNH NHÂN VIÊM PHỔI TẠI BỆNH VIỆN ĐA KHOA THÀNH PHỐ CẦN THƠ NĂM 2022-2023","Hồng Thị Xuân Liễu, Trần Đỗ Hùng, Trần Phước Thịnh, Trịnh Thị Hồng Của, Phạm Thị Ngọc Nga, Nguyễn Thị Cẩm Hồng, Nguyễn Thị Tuyền, Lê Thị Mai Thảo, Nguyễn Dương Hiển, Lê Thị Thúy An","Hồng Thị Xuân Liễu","10","Tập 557, số 2, trang 84-89","https://drive.google.com/open?id=155IUgVgfA_ABZkzW5h8DimjI8AvVow7r","","","","","","","",""
"14/06/2024 10:10:55","lnuphuong@ctump.edu.vn","Tạp chí Y học Việt Nam","1859-1868","1 điểm","06/10/2023","TỈ LỆ NHIỄM VÀ CÁC YẾU TỐ LIÊN QUAN ĐẾN NHIỄM TOXOCARA CANIS TRÊN BỆNH NHÂN MÀY ĐAY MẠN TÍNH ĐẾN KHÁM TẠI BỆNH VIỆN ĐẠI HỌC Y DƯỢC THÀNH PHỐ HỒ CHÍ MINH NĂM 2022 - 2023","Lê Nguyễn Uyên Phương, Trần Thị Huệ Vân, Phạm Lê Duy","Phạm Lê Duy","3","Tập 530 Số 2 (2023), trang 296-301","https://drive.google.com/open?id=1e3w0gITPidFDZ_W39mAIADfT5kWODdDE","","","","","","","",""
"14/06/2024 13:26:48","ttnghia@ctump.edu.vn","Tạp chí Y học Việt Nam","1859-1868","1 điểm","10/06/2024","KHẢO SÁT BIỂU HIỆN CỦA HEXOKINASE 2 MỨC ĐỘ MRNA TRÊN BỆNH NHÂN U LYMPHO","Vũ Đức Bình,Lê Hạ Long Hải, Tạ Thành Đạt, Trần Tín Nghĩa, Trần Thị Lan, Nguyễn Thị Oanh, Nguyễn Hoàng Việt","Nguyễn Hoàng Việt","7","Tập 539, số 2 trang 209-212","https://drive.google.com/open?id=1MFNoo3bP7ohqNmCrnHylapm33NS3QRw9","","","","","","","",""
"14/06/2024 17:26:21","bqnghia@ctump.edu.vn","Tạp chí y học Việt Nam ","1859-1868","1 điểm","04/03/2024","ỨNG DỤNG KỸ THUẬT GAP-PCR TRONG PHÁT HIỆN ĐỘT BIẾN Ở TRẺ NGHI NGỜ MẮC α-THALASSEMIA TẠI CẦN THƠ","Trần Bích Ngọc 1, Phạm Thị Ngọc Nga1, Đỗ Hoàng Long1, Trịnh Thị Hồng Của 1, Bùi Quang Nghĩa 1,, Tạ Văn Trầm 2, Võ Thành Trí 3","Bùi Quang Nghĩa","7","Tập 536 Số 1 (2024)","https://drive.google.com/open?id=13MiYdSfAPxKIpyZcSjxsyib-trxeWnd3","","","","","","","",""
"16/06/2024 8:01:06","nphung@ctump.edu.vn","Tạp chí Y Dược Huế","3030-4318","0.75 điểm","10/06/2024","Nghiên cứu thực hành bán thuốc tránh thai khẩn cấp và một số yếu tố liên quan của người bán lẻ thuốc tại các cơ sở bán lẻ thuốc trên địa bàn thành phố Cần Thơ năm 2023 - 2024","Triệu Thị Ngân Trâm, Võ Thị Mỹ Hương, Phan Thị Vân, Nguyễn Phục Hưng* ","Nguyễn Phục Hưng","","Số đặc biệt tháng 6/2024, trang 27-33","https://drive.google.com/open?id=1b0O1Wzym4RZs-ogqLgwfK7e4Ly-WYfkN","","","","","","","",""
"16/06/2024 8:06:09","nphung@ctump.edu.vn","Tạp chí Y Dược học Quân sự","1859-0748","0.75 điểm","26/04/2024","KIẾN THỨC, THÁI ĐỘ CỦA NGƯỜI BÁN THUỐC VỀ THUỐC TRÁNH THAI KHẨN CẤP VÀ MỘT SỐ YẾU TỐ LIÊN QUAN TẠI CÁC CƠ SỞ BÁN LẺ THUỐC TRÊN ĐỊA BÀN THÀNH PHỐ CẦN THƠ NĂM 2023 - 2024","Triệu Thị Ngân Trâm, Nguyễn Phục Hưng*, Phạm Thành Suôl, Lê Thị Thanh Thảo","Nguyễn Phục Hưng","","Tập 49, số 5, trang 66-76","https://drive.google.com/open?id=1ZrNavKvAfK143Rz0kI8F2PFp4xLfrEST","","","","","","","",""
"16/06/2024 8:18:09","nphung@ctump.edu.vn","Tạp chí Y học Việt Nam","1859-1868","1 điểm","05/05/2024","ĐÁNH GIÁ THỰC TRẠNG SỬ DỤNG VÀ PHÂN TÍCH ẢNH HƯỞNG CỦA ĐẶC ĐIỂM NHÂN KHẨU HỌC ĐẾN Ý ĐỊNH MUA THỰC PHẨM BẢO VỆ SỨC KHỎE CỦA NGƯỜI TIÊU DÙNG TRÊN ĐỊA BÀN TỈNH VĨNH LONG NĂM 2022-2023","Lê Mỹ Phụng, Nguyễn Phục Hưng","Nguyễn Phục Hưng","2","Tập 538, Số 1, trang 146-151","https://drive.google.com/open?id=18zcIRpB9TbUFCLsb1t4yF2Jt_Jci6qd_","","","","","","","",""
"16/06/2024 8:28:40","nphung@ctump.edu.vn","Tạp chí Y Dược Huế","1859 - 3836","0.75 điểm","25/06/2024","Ngưỡng sẵn sàng chi trả trên mỗi năm sống có chất lượng của người bệnh ung thư đại trực tràng điều trị nội trú tại hệ thống Bệnh viện đa khoa Xuyên Á năm 2022-2023","Đặng Quốc Sỹ, Nguyễn Phục Hưng*, Nguyễn Phú Vinh, Võ Thị Mỹ Hương","Nguyễn Phục Hưng","","Tập 14, số 3, trang 136-143","https://drive.google.com/open?id=10RsaR5t40E_pfpbFJDSGy3aZbpvlo6wN","","","","","","","",""
"16/06/2024 8:35:35","nphung@ctump.edu.vn","Tạp chí Y Dược học Quân sự","1859 - 0748","0.75 điểm","26/04/2024","EVALUATION OF FACTORS AFFECTING PHARMACISTS’ BEHAVIOR REGARDING THE SALE OF VITAMINS AT RETAIL PHARMACIES IN VINH LONG PROVINCE FROM 2022 - 2023","Nguyễn Phục Hưng, Nguyễn Phú Vinh, Lê Mỹ Phụng, Phạm Thành Suôl, Tang Nghiep Minh, Pham Thanh Toan, Le Thi Thanh Thao*","Nguyễn Phục Hưng","","Tập 49, Số 4, trang 52-63","https://drive.google.com/open?id=1bOHWzpTqBjFNMjhklwXCNaPVPjE73j4q","","","","","","","",""
"16/06/2024 8:40:06","nphung@ctump.edu.vn","Tạp chí Y học Việt Nam","1859-186","1 điểm","10/05/2024","CHI PHÍ Y TẾ TRONG ĐIỀU TRỊ BỆNH LAO PHỔI NỘI TRÚ CÓ BẢO HIỂM Y TẾ: NGHIÊN CỨU CẮT NGANG TẠI BỆNH VIỆN PHỔI VĨNH LONG NĂM 2023","Hoàng Đình Tiếng, Phạm Thị Tố Liên, Nguyễn Thị Linh Tuyền, Nguyễn Phục Hưng, Trương Minh Thùy, Nguyễn Thị Kim Hân, Nguyễn Trọng Duy Thức, Nguyễn Văn Đông","Phạm Thị Tố Liên","","Tập 538, số 2, trang 51-57","https://drive.google.com/open?id=1qZ5NoaD-Ib9l8atog2v_a5UnbSHsw2mN","","","","","","","",""
"16/06/2024 16:28:49","nqtuan@ctump.edu.vn","Tạp chí Y học Việt Nam","ISSN: 1859-1868","1 điểm","19/06/2024","ĐẶC ĐIỂM LÂM SÀNG, CẬN LÂM SÀNG VÀ HIỆU QUẢ PHÁ THAI NỘI KHOA Ở THAI PHỤ TỪ 35 TUỔI TRỞ LÊN TẠI BỆNH VIỆN ĐA KHOA ĐỒNG THÁP: BÁO CÁO HÀNG LOẠT CA","Nguyễn Thị Hạnh Dung, Nguyễn Quốc Tuấn , Trần Thị Cẩm Nhung","Nguyễn Quốc Tuấn ","","539 -THÁNG 6-SỐ3 -2024 trang 223-227","https://drive.google.com/open?id=1JZg6etJ_5IVjRDUTkGFb_ElNBB86Iynk","","","","","","","",""
"16/06/2024 22:45:45","tqpho@ctump.edu.vn","không","Kỷ yếu hội nghị nội tiết-đái tháo đường rối loạn chuyển hóa miền trung tây nguyên mở rộng lần thứ XV TP quy nhơn 24-25/5/2024 số thứ tự 31 trang 271-276","0.25 điểm","24/05/2024","Kỷ yếu hội nghị nội tiết-đái tháo đường rối loạn chuyển hóa miền trung tây nguyên mở rộng lần thứ XV TP quy nhơn 24-25/5/2024 số thứ tự 31 trang 271-276","Danh lâm Mỹ Phương, Lâm Hữu Giang, Huỳnh Văn Tính, Trương Quang Phổ ","Trương Quang Phổ ","4","số thứ tự 31 trang 271-276","https://drive.google.com/open?id=1mCgImKfRNde53FFd_SJec43iD2xotcdv","","","","","","","",""
"17/06/2024 9:33:49","lththanh@ctump.edu.vn","Tạp chí Quản lý nhà nước","ISSN e 2815-5831","0.75 điểm","14/05/2024","Đảng bộ thành phố Cần Thơ học tập tư tưởng, đạo đức, phong cách Hồ Chí Minh “trung với nước, hiếu với dân” ","Lương Thị Hoài Thanh","Lương Thị Hoài Thanh","1","6","https://drive.google.com/open?id=1Wsq7w1VRhHpU2BWS-IYveKQvqnCle19z","","","","","","","",""
"17/06/2024 9:40:09","lththanh@ctump.edu.vn","Vinh University Journal of Science Social Science and Humanities","p-ISSN: 3030-4660","0.5 điểm","20/06/2024","Giải pháp vận dụng tư tưởng đạo đức Hồ Chí Minh trong giáo dục, rèn luyện đạo đức cách mạng cho đảng viên của Đảng bộ thành phố Cần Thơ","6.	Lương Thị Hoài Thanh, Bùi Thị Cần, Nguyễn Thái Sơn","Bùi Thị Cần","3","Vol. 53 (2B), pp. 39-49","https://drive.google.com/open?id=1mgnG6a0PNjaHIr9t0Ydxy07MleH1Lrj_","","","","","","","",""
"17/06/2024 10:11:04","nnclan@ctump.edu.vn","Tạp chí giáo dục","2354-0753","1 điểm","20/04/2024","Các yếu tố sư phạm ảnh hưởng đến động cơ học tập của sinh viên trường đại học y dược Cần Thơ","Lữ Quốc Vinh, Nguyễn Ngọc Chi Lan","Nguyễn Ngọc Chi Lan","2","Tập 24, số 8","https://drive.google.com/open?id=1cYVSDpk2Hz9Jk0W1kloLuOA_QglHkJpS","","","","","","","",""
"17/06/2024 10:49:46","ltmngoc@ctump.edu.vn","Khoa học Trường Đại học Quốc tế Hồng Bàng","ISSN: 2615 - 9686","0.25 điểm","22/01/2024","Đánh giá một số đặc tính của màng lọc hướng đến khả  năng tái sử dụng khẩu trang N95","Lê Thị Minh Ngọc, Lê Hữu Phước, Trần Thị Như Lê, Huỳnh Thị Mỹ Duyên","Lê Thị Minh Ngọc","4","Số 27 - 1/2024, trang 1-8","https://drive.google.com/open?id=1yPc1Gfjn09V5cLJBygbxeWOwgvspiqAo","","","","","","","",""
"18/06/2024 5:15:39","nphung@ctump.edu.vn","Tạp chí Khoa học Đại học Quốc tế Hồng Bàng","2615-9686","0.25 điểm","02/05/2024","THỰC TRẠNG SỬ DỤNG THUỐC LAO PHỔI CỦA NGƯỜI BỆNH NỘI TRÚ TẠI BỆNH VIỆN PHỔI VĨNH LONG NĂM 2023","Hoàng Đình Tiếng, Phạm Thị Tố Liên, Nguyễn Thị Linh Tuyền, Nguyễn Phục Hưng, Trương Minh Thùy, Lê Thị Ngọc Quyên, Lê Ngọc Bích Tuyền, Nguyễn Văn Đông","Hoàng Đình Tiếng","8","Tập 29, số 5, trang 135-143","https://drive.google.com/open?id=1chgIhpaejw8w2-o5JDw2EATlDHYdZwnm","","","","","","","",""
"18/06/2024 14:47:20","dhthanh@ctump.edu.vn","Tạp chí Y học Việt Nam"," ISSN: 1859-1868","1 điểm","18/06/2024","MỘT SỐ YẾU TỐ LIÊN QUAN ĐẾN CHẤT LƯỢNG CUỘC SỐNG Ở LĨNH VỰC SỨC KHỎE TINH THẦN CỦA BỆNH NHÂN ĐỒNG MẮC TĂNG HUYẾT ÁP VÀ ĐÁI THÁO ĐƯỜNG TÍP 2 ĐIỀU TRỊ NGOẠI TRÚ TẠI BỆNH VIỆN TIM MẠCH THÀNH PHỐ CẦN THƠ","Dương Hoàng Thành, Nguyễn Phương Hoa, Phạm Hữu Lý","Dương Hoàng Thành","3","Tập 539, số 1B, trang trang 272-275","https://drive.google.com/open?id=1K0_T4VDv263oxqSKkMXojfmx20Oc5iz1","","","","","","","",""
"18/06/2024 17:42:49","lndiem@ctump.edu.vn","Tạp chí Y học Việt Nam","ISSN: 1859-1868","1 điểm","18/06/2024","KHẢO SÁT KIẾN THỨC, THÁI ĐỘ VÀ SỰ TUÂN THỦ ĐIỀU TRỊ CỦA BỆNH NHÂN ĐÁI THÁO ĐƯỜNG TYPE 2 TẠI BỆNH VIỆN Y HỌC CỔ TRUYỀN CẦN THƠ NĂM 2023","Lê Minh Hoàng, Nguyễn Như Nguyễn, Nguyễn Mai Lan Huệ, Nguyễn Yến Nhi, Mã Nguyễn Thảo Anh, Thái Nguyễn Thanh Thanh, Nguyễn Chí Nguyễn, Lê Ngọc Diễm","Lê Ngọc Diễm","8","Tập 539, số 1B, trang 359-363","https://drive.google.com/open?id=13dBSsVI1UMgBZEOE1pC17fL_vjG5fmLo","","","","","","","",""
"18/06/2024 22:29:27","nthoaitrang@ctump.edu.vn","Tạp chí Y học Việt Nam","1859-1868","1 điểm","10/06/2024","KHẢO SÁT CÁC THỂ LÂM SÀNG Y HỌC CỔ TRUYỀN CHỨNG MẤT NGỦ Ở BỆNH NHÂN SAU ĐỘT QUỴ TẠI BỆNH VIỆN Y HỌC CỔ TRUYỀN CẦN THƠ NĂM 2023","Châu Nhị Vân (周伟民 ), Ngô Vĩ (吴伟 ), Võ Trọng Tuân, Nguyễn Thành Thượng, Quảng Diễm Y, Nguyễn Thị Hoài Trang","Nguyễn Thị Hoài Trang","6","Tập 539, số 2, trang 279-283","https://drive.google.com/open?id=1E9twTxKJXiYuPcvMBlySKw42Zpzzgx3N","","","","","","","",""
"20/06/2024 8:50:40","nvbo@ctump.edu.vn","Tạp chí Y học cộng đồng","2354-0613","0.75 điểm","17/04/2024","KHẢO SÁT ĐẶC ĐIỂM THỐNG KINH VÀ MONG MUỐN ĐIỀU TRỊ BẰNG Y HỌC CỔ TRUYỀN CỦA SINH VIÊN NỮ TRƯỜNG ĐẠI HỌC Y DƯỢC CẦN THƠ NĂM 2023","Lê Minh Hoàng1, Lê Ngọc Diễm1, Quách Tú Vy1, Trần Thị Thảo1, Trần Thị Quyên1, Nguyễn Văn Bộ1, Nguyễn Thị Bích Tiên1","Nguyễn Thị Bích Tiên","","Vol. 65, No. 3, 83-91","https://drive.google.com/open?id=13d6fWlJ2mf5uQh_ZnsfF-KowdEb8SwA_","","","","","","","",""
"20/06/2024 14:29:52","ltgai@ctump.edu.vn","NGHIÊN CỨU TÌNH HÌNH, MỘT SỐ YẾU TỐ LIÊN QUAN ĐẾN  TĂNG ACID URIC MÁU Ở BỆNH NHÂN ĐỘT QUỴ NÃO CẤP  TẠI BỆNH VIỆN ĐA KHOA THÀNH PHỐ CẦN THƠ ","1859-1868","1 điểm","02/06/2024","Đặc điểm lâm sàng và hình ảnh học viêm tủy cắt ngang","Lê Văn Minh, Trác Mỹ Hương, Lý Ngọc Tú","Lê Văn Minh","3","TẬP 539, SỐ 1B, TRANG 161-164","https://drive.google.com/open?id=1DqfdmKWAZAgNdv7Al40vAcCxjbPtR07N","","","","","","","",""
"20/06/2024 15:00:37","ltgai@ctump.edu.vn","Tạp chí Y học Việt Nam","1859-1868","1 điểm","01/06/2024","Đặc điểm lâm sàng và hình ảnh học viêm tủy cắt ngang","Lê Văn Minh, Trác Mỹ Hương, Lý Ngọc Tú","Lê Văn Minh","3","39-43","https://drive.google.com/open?id=1rk5gHHcYtrj2V-EIK4Nd40E8xbA7xhWD","","","","","","","",""
"20/06/2024 15:04:51","ltgai@ctump.edu.vn","Tạp chí Y học Việt Nam","1859-1868","1 điểm","01/06/2024","một số yếu tố liên quan đến mức độ nặng của bệnh tay chân miệng tại Bệnh viện Nhi Dồng Cần Thơ n m 2023-2024","Nguyễn Minh Phương, Võ Văn Thi, Lê Hoàng Mỷ, Lê Văn Minh, Trần Trung Hậu","Trần Trung Hậu","5","193-198","https://drive.google.com/open?id=1y3mVI1EhWzGK_5lMgBHMedgsh4G6WTAm","","","","","","","",""
"20/06/2024 15:08:01","ltgai@ctump.edu.vn","Tạp chí Y học Việt Nam","1859-1868","1 điểm","01/06/2024","một số yếu tố liên quan đến bệnh động kinh trẻ em tại Bệnh viện Nhi Dồng Cần Thơ n m 2023-2024","Lê Văn Minh, Lê Hoàng Mỷ, Trần Trung Hậu, Nguyễn Văn Trình, Võ Văn Thi","Võ Văn Thi","5","351-355","https://drive.google.com/open?id=1mzaORKVATHtqvoab1KKpko47uToYXz_7","","","","","","","",""
"20/06/2024 15:16:48","ltgai@ctump.edu.vn","Tạp chí Tim mạch học Việt Nam","859-2848","1 điểm","31/05/2024","Nghiên cứu mối tương quan giữa nồng độ acid uric với một số yếu tố nguy cơ ở bệnh nhân đột quỵ não do tăng huyết áp","Lê Văn Minh, Tô Triệu Vy, Tô Tố Tố, Phạm Kiều Anh Thơ","Phạm Kiều Anh Thơ","4","67-74","https://drive.google.com/open?id=15F-tC4aFZWe7UxGd3c1t5OpVtbrNiLMD","","","","","","","",""
"20/06/2024 15:23:28","ltgai@ctump.edu.vn","Tạp chí Tim mạch học Việt Nam","859-2848","1 điểm","31/05/2024","Tăng huyết áp và các yếu tố liên quan đến tăng thể tích máu tụ ở bệnh nhân xuất huyết não","Lê Văn Minh, Phạm Duyên Trinh","Lê Văn Minh","2","75-81","https://drive.google.com/open?id=1K-BVOC3k0SMz9oVdDhcPQG3OrZmUZtfg","","","","","","","",""
"20/06/2024 15:30:42","kmnmtam@ctump.edu.vn","Tạp chí y dược học","1859-3836","0.75 điểm","28/04/2023","NGHIÊN CỨU THỬ NGHIỆM TÍNH ĐỒNG NHẤT CỦA BỘ MẪU  ĐÔNG LẠNH BẰNG PHƯƠNG PHÁP ĐIỀU CHỈNH GIÁ TRỊ PT  (PROTHROMBINE TIME) TRONG MẪU HUYẾT TƯƠNG   ỨNG DỤNG CHO CHƯƠNG TRÌNH NGOẠI KIỂM ĐÔNG MÁU","VŨ QUANG HUY, NGUYỄN THỊ BÍCH THẢO,   NGUYỄN THỊ HỒNG, KIỀU MỸ NGỌC MINH TÂM","KIỀU MỸ NGỌC MINH TÂM","4","Số 69, trang 133-136","https://drive.google.com/open?id=1snUWm-dE3yQZi09oTD5j0sUrb1oe6MXS","","","","","","","",""
"20/06/2024 17:39:25","nvphuong@ctump.edu.vn","Tạp chí Tim Mạch học Việt Nam","1859-2848","0.5 điểm","31/05/2024","Yếu tố liên quan đến không tuân thủ dùng thuốc ở người bệnh tăng huyết áp","Nguyễn Việt Phương, Nguyễn Thị Thùy Trang, Lê Kim Tha, Nguyễn Thanh Liêm, Trần Đặng Đăng Khoa, Nguyễn Tấn Đạt, Nguyễn Văn Tuấn","Nguyễn Việt Phương","7","109, trang 47-53","https://drive.google.com/open?id=1VqSAet7arYhsuTS3YulBxVa1SxzFP7X3","","","","","","","",""
"20/06/2024 21:53:25","nvtuan@ctump.edu.vn","Yếu tố liên quan đến không tuân thủ dùng thuốc ở người bệnh tăng huyết áp","Tạp chí Tim Mạch Học Việt Nam có mã số ISSN: 1859-2848","1 điểm","31/05/2024","Yếu tố liên quan đến không tuân thủ dùng thuốc ở người bệnh tăng huyết áp","Nguyễn Việt Phương, Nguyễn Thị Thùy Trang, Lê Kim Tha, Nguyễn Thanh Liêm, Trần Đặng Đăng Khoa, Nguyễn Văn Tuấn","Nguyễn Việt Phương","7","số 109, trang 47-53","https://drive.google.com/open?id=1GDdDt6-N9f39buMZphZiDlb7JG4FKjD-","","","","","","","",""
"21/06/2024 10:46:51","hvtruong@ctump.edu.vn","Tạp chí khoa học và công nghệ Đại học Thái Nguyên","eISSN: 2615- 9562,  ISSN: 1859- 2171","1 điểm","17/06/2024","KHẢO SÁT HOẠT TÍNH KHÁNG OXY HÓA VÀ KHÁNG VIÊM IN VITRO CỦA VI KHUẨN NỘI SINH TRONG CÂY DỪA CẠN (Catharanthus roseus)","Trần Chí Linh1, Tạ Lâm Tài1, Nguyễn Thị Kim Ngân1, Võ Hoàng Long1, Trần Nguyễn Kim Ngân1, Lý Khôi Nguyên1, Nguyễn Tấn Thành1, Huỳnh Văn Trương2* ","Huỳnh Văn Trương2* ","8","229(10): 254 - 261","https://drive.google.com/open?id=16l-O5BZbfVFKjgNpbC-yBasfG_Cg8Iyn","","","","","","","",""
"21/06/2024 16:06:06","lktha@ctump.edu.vn","Tạp chí Tim mạch học Việt Nam","1859-2848","0.5 điểm","31/05/2024","Yếu tố liên quan đến không tuân thủ dùng thuốc ở người bệnh tăng huyết áp","Nguyễn Việt Phương, Nguyễn Thị Thùy Trang, Lê Kim Tha, Nguyễn Thanh Liêm, Trần Đặng Đăng Khoa, Nguyễn Tấn Đạt, Nguyễn Văn Tuấn","Nguyễn Việt Phương","","109, trang 47-53","https://drive.google.com/open?id=1gCeh0Uw8jaaFMWK9BbF5Fdg85nai4VWj","","","","","","","",""
"21/06/2024 21:24:48","ntdiem@ctump.edu.vn","Tạp chí Y học Việt Nam","ISSN: 1859-1868","1 điểm","05/12/2024","NGHIÊN CỨU LÂM SÀNG, CẬN LÂM SÀNG VÀ MỐI LIÊN QUAN GIỮA SỰ THAY ĐỔI QTC VÀ TÌNH TRẠNG RỐI LOẠN CHỨC NĂNG TIM Ở BỆNH NHÂN UNG THƯ HOÁ TRỊ BẰNG ANTHRACYCLINE","Huỳnh Anh Đức , Nguyễn Thị Diễm , Trần Diệu Hiền , Võ Đức Tính","Huỳnh Anh Đức","4","3, trang 238-242","https://drive.google.com/open?id=1aVMxMSEbU7pemYk2ntlTOJjPkdC-ldL1","","","","","","","",""
"21/06/2024 21:29:54","nhtoan@ctump.edu.vn","Tạp chí Y học Việt Nam","1859-1868","1 điểm","05/06/2024","KẾT QUẢ ĐIỀU TRỊ RỐI LOẠN LIPID MÁU BẰNG PITAVASTATIN Ở BỆNH NHÂN TĂNG HUYẾT ÁP NGUYÊN PHÁT TẠI BỆNH VIỆN TRƯỜNG ĐẠI HỌC Y DƯỢC CẦN THƠ","Trần Kim Sơn, Ngô Hoàng Toàn, Võ Tấn Cường, Nguyễn Hoàng Phi","Trần Kim Sơn","4","539","https://drive.google.com/open?id=1W4-o8uauWjgQbk_-ZTJYa3zYF4X4gMmR","","","","","","","",""
"21/06/2024 21:34:07","nhtoan@ctump.edu.vn","Tạp chí Tim mạch học Việt Nam","1859-2848","0.25 điểm","31/05/2024","Vai trò của nhóm thuốc ức chế kênh đồng vận chuyển Natri - glucose 2 sau nhồi máu cơ tim cấp và trên bệnh nhân đái tháo đường típ 2 có tăng huyết áp","Nguyễn Quan Đức Minh, Nguyễn Ngọc Vy Yến, Trần Kim Sơn","Trần Kim Sơn","3","109","https://drive.google.com/open?id=1lqqM_0RYCUYpqBgZ_082yA4Sw5U59OPu","","","","","","","",""
"21/06/2024 21:35:54","nhtoan@ctump.edu.vn","Tạp chí Tim mạch học Việt Nam","1859-2848","0.25 điểm","31/05/2024","Cập nhật quản lý tăng huyết áp ở người cao tuổi","Ngô Hoàng Toàn, Trần Kim Sơn, Huỳnh Văn Minh","Trần Kim Sơn","3","109","https://drive.google.com/open?id=1t1e8rQEM4qAcPvzZvNxKITM92DTEn6j5","","","","","","","",""
"21/06/2024 21:37:35","nhtoan@ctump.edu.vn","Tạp chí Tim mạch học Việt Nam","1859-2848","0.25 điểm","31/05/2024","Nghiên cứu đặc điểm ngoại tâm thu thất bằng Holter điện tim 24 giờ và một số yếu tố liên quan ở bệnh nhân tăng huyết áp có đái tháo đường típ 2","Đoàn Xuân Thảo, Phạm Thanh Phong, Trần Kim Sơn","Trần Kim Sơn","3","109","https://drive.google.com/open?id=1UQ7DWgMzrMe2vG-VplzH2OdXR8I5ZpK-","","","","","","","",""
"21/06/2024 21:49:43","nhtoan@ctump.edu.vn","Tạp chí Y học Việt Nam","1859-1868","1 điểm","21/06/2024","NGHIÊN CỨU KẾT QUẢ CAN THIỆP ĐỘNG MẠCH VÀNH QUA DA BẰNG  ĐƯỜNG VÀO ĐOẠN XA ĐỘNG MẠCH QUAY Ở BỆNH NHÂN HỘI CHỨNG  ĐỘNG MẠCH VÀNH MẠNTẠI BỆNH VIỆN ĐA KHOA TRUNG ƯƠNG CẦN THƠ","Nguyễn Văn Nhiệm, Phạm Thanh Phong, Ngô Hoàng Toàn, Trần Kim Sơn","Trần Kim Sơn","4","1B,6","https://drive.google.com/open?id=1w7VrYI1FWv7xNsQFwceyWn9TBogC_ZfM","","","","","","","",""
"21/06/2024 22:36:31","lththanh@ctump.edu.vn","Tạp chí Quản lý nhà nước","ISSN e-2815-5831","0.75 điểm","14/05/2024","Đảng bộ thành phố Cần Thơ học tập tư tưởng, đạo đức, phong cách Hồ Chí Minh “trung với nước, hiếu với dân” ","Lương Thị Hoài Thanh","Lương Thị Hoài Thanh","1","Tạp chí điện tử, 6 trang","https://drive.google.com/open?id=11ktRstJXJz2OZkX3I_7yLjCullTPx8Qf","","","","","","","",""
"21/06/2024 22:40:13","lththanh@ctump.edu.vn","Vinh University Journal of Science ","p-ISSN: 3030-4660","0.5 điểm","20/06/2024","GIẢI PHÁP VẬN DỤNG TƯ TƯỞNG ĐẠO ĐỨC HỒ CHÍ MINH TRONG GIÁO DỤC, RÈN LUYỆN ĐẠO ĐỨC CÁCH MẠNG  CHO ĐẢNG VIÊN CỦA ĐẢNG BỘ THÀNH PHỐ CẦN THƠ","Lương Thị Hoài Thanh, Bùi Thị Cần , Nguyễn Thái Sơn","Bùi Thị Cần","3","Vol. 53 (2B), pp. 39-49","https://drive.google.com/open?id=1XB69lpDyO2H79A4rvvhxRehfVLkOF-DO","","","","","","","",""
"22/06/2024 0:00:40","btcthuy@ctump.edu.vn","Tạp chí Y học Việt Nam","1859-1868","1 điểm","10/04/2024","NGHIÊN CỨU TÌNH HÌNH VÀ ĐẶC ĐIỂM VIÊM PHỔI Ở BỆNH NHÂN CÓ HÌNH ẢNH TỔN THƯƠNG DẠNG ĐÁM MỜ NGOẠI VI Ở PHỔI TẠI BỆNH VIỆN ĐA KHOA BẠC LIÊU NĂM 2023 –2024","Tô Phú Khánh, Bùi Thị Cẩm Thùy, Trần Trọng Nhân, Trần Thanh Hùng","Trần Thanh Hùng","4"," Tập 537, Số 1B, trang 236-240","https://drive.google.com/open?id=1wmMehbbSIxl5KZ2UrLZlVVRiGp88kmwt","","","","","","","",""
"22/06/2024 9:09:15","ntttrang@ctump.edu.vn","Tạp chí Tim mạch học Việt Nam","1859-2848","0.5 điểm","31/05/2024","Yếu tố liên quan đến không tuân thủ dùng thuốc ở người bệnh tăng huyết áp","Nguyễn Việt Phương, Nguyễn Thị Thuỳ Trang, Lê Kim Tha, Nguyễn Thanh Liêm, Trần Đặng Đăng Khoa, Nguyễn Tấn Đạt, Nguyễn Văn Tuấn","Nguyễn Việt Phương","7","Số 109, trang 47-54","https://drive.google.com/open?id=1pXj6T3_ZaAXkbQEuBmt5mm2FZl766oXt","","","","","","","",""
"22/06/2024 15:35:31","nnnthao@ctump.edu.vn","Tạp chí dược liệu","1859-4735","1 điểm","01/05/2023","Tối ưu hoá quy trình loại tạp và tăng hàm lượng hoạt chất trong bào chế cao đặc lá Xoài","Nguyễn Ngọc Nhã Thảo, Võ Đức Linh, Tống Thành Long","Nguyễn Ngọc Nhã Thảo","3","Tập 28, số 5/2023 (trang 281-286)","https://drive.google.com/open?id=1R5Ue6MAoLRhY-WWao8u0YrR4qmm6QBNV","","","","","","","",""
"22/06/2024 15:59:57","htmduyen@ctump.edu.vn","TNU Journal of Science and Technology","ISSN: 1859-2171, 2374-9098; e-ISSN 2615-9562","0.75 điểm","17/05/2024","Nghiên cứu bào chế viên nén nổi clarithromycin 500 mg","Huỳnh Thị Mỹ Duyên, Lê Thị Minh Ngọc","Huỳnh Thị Mỹ Duyên","2","229,9","https://drive.google.com/open?id=1JnbSYOIKCWIB_7i6325UdBIkCiCkBKyV","","","","","","","",""
"22/06/2024 16:02:42","htmduyen@ctump.edu.vn","Tạp chí Khoa học Trường Đại học Quốc tế Hồng Bàng","ISSN: 2615-9686","0.25 điểm","31/05/2024","Đánh giá một số đặc tính của màng lọc hướng đến khả năng tái sử dụng khẩu trang N95","Lê Thị Minh Ngọc, Lê Hữu Phước, Trần Thị Như Lê và Huỳnh Thị Mỹ Duyên","Huỳnh Thị Mỹ Duyên","4","27,1","https://drive.google.com/open?id=19q-Jfov9Z3SmCN2LIIMIDyH8MF9y97mV","","","","","","","",""
"22/06/2024 17:03:56","lmhoang@ctump.edu.vn","Tạp chí YHVN","1859-1868","1 điểm","15/04/2024","Quan điểm YHCT và YHHĐ trong chẩn đoán và điều trị đau sau Zona ","Lê Minh Hoàng, Nguyễn Thị Minh Châu, Trần Thị Thảo Vân","Nguyễn Thị Minh Châu","3","Tập 537 Số 2 (2024), trang 364-368","https://drive.google.com/open?id=12F13HpBW1rbiG4NH5EQV2PaxPwaN5Stv","","","","","","","",""
"22/06/2024 17:07:34","lmhoang@ctump.edu.vn","Tạp chí Y học Việt Nam","1859-1868","1 điểm","18/06/2024","KHẢO SÁT KIẾN THỨC, THÁI ĐỘ VÀ SỰ TUÂN THỦ ĐIỀU TRỊ CỦA BỆNH NHÂN ĐÁI THÁO ĐƯỜNG TYPE 2 TẠI BỆNH VIỆN Y HỌC CỔ TRUYỀN CẦN THƠ NĂM 2023","Lê Minh Hoàng, Nguyễn Như Nguyễn, Nguyễn Mai Lan Huệ, Nguyễn Yến Nhi, Mã Nguyễn Thảo Anh, Thái Nguyễn Thanh Thanh, Nguyễn Chí Nguyễn, Lê Ngọc Diễm","Lê Ngọc Diễm","8","Tập 539 Số 1B (2024), trang 359-363","https://drive.google.com/open?id=1EXxoXMF1vdJuBMbKpir8OAP5L_GlO4Vu","","","","","","","",""
"22/06/2024 17:10:49","lmhoang@ctump.edu.vn","Tạp chí Nghiên cứu Y học","2354-080X","1 điểm","29/03/2024","Nghiên cứu tình trạng thừa cân, béo phì trên bệnh nhân đái tháo đường týp 2 điều trị nội trú tại Bệnh viện Y học cổ truyền Cần Thơ năm 2023","Lê Minh Hoàng, Châu Thị Kim Tươi, Nguyễn Thị Bích Tiên","Nguyễn Thị Bích Tiên","3","Tập 175 Số 2 (2024), trang 213-223","https://drive.google.com/open?id=1GvEgANiK81CabJ051AFvvviekDgw-FCK","","","","","","","",""
"22/06/2024 17:16:48","lmhoang@ctump.edu.vn","Tạp chí Y học cộng đồng","2354-0613","0.75 điểm","06/05/2024","KHẢO SÁT ĐẶC ĐIỂM THỐNG KINH VÀ MONG MUỐN ĐIỀU TRỊ BẰNG Y HỌC CỔ TRUYỀN CỦA SINH VIÊN NỮ TRƯỜNG ĐẠI HỌC Y DƯỢC CẦN THƠ NĂM 2023","Lê Minh Hoàng, Lê Ngọc Diễm, Quách Tú Vy, Trần Thị Thảo, Trần Thị Quyên, Nguyễn Văn Bộ, Nguyễn Thị Bích Tiên","Nguyễn Thị Bích Tiên","7","tập 65 số 3, trang 83-91","https://drive.google.com/open?id=1V4-Q6jo-K2pbZMHmeXpVRmpUVpe8Oi8H","","","","","","","",""
"22/06/2024 22:44:45","ttrongnhan@ctump.edu.vn","Tạp chí Y dược học Việt Nam","2734-9209","1 điểm","04/10/2024","NGHIÊN CỨU TÌNH HÌNH VÀ ĐẶC ĐIỂM VIÊM PHỔI Ở BỆNH NHÂN CÓ HÌNH ẢNH TỔN THƯƠNG DẠNG ĐÁM MỜ NGOẠI VI Ở PHỔI TẠI BỆNH VIỆN ĐA KHOA BẠC LIÊU NĂM 2023 –2024","Tô Phú Khánh, Bùi Thị Cẩm Thùy, Trần Trọng Nhân, Trần Thanh Hùng","Tô Phú Khánh","4","Tập 537, số IB, trang 236 -240","https://drive.google.com/open?id=1pCllD4N-NpMc2uy3RF97bCYNYV8TCx9A","","","","","","","",""
"23/06/2024 11:20:18","ltnhi@ctump.edu.vn","Tạp chí Y học Việt Nam","1859-1868","1 điểm","26/05/2023","ĐÁNH GIÁ KẾT QUẢ ĐIỀU TRỊ THOÁI HÓA KHỚP CỔ CHÂN BẰNG PHẪU THUẬT HÀN KHỚP CỔ CHÂN DƯỚI SỰ HỖ TRỢ CỦA NỘI SOI","Nguyễn Thành Tấn, Lý Tuyết Nhi","Nguyễn Thành Tấn","2","Tập 526, số 1B, trang 145-148","https://drive.google.com/open?id=1yKzj7I3RwGeTmcw_JCLQHlQRZozrMzJc","","","","","","","",""
"23/06/2024 11:59:04","lctru@ctump.edu.vn","Tạp chí Y học Việt Nam","1859-1868","1 điểm","10/07/2023","Tỷ lệ microalbumin niệu dương tính và mối liên quan giữa microalbumin niệu dương tính, chỉ số microalbumin/creatinin ở mẫu nước tiểu ngẫu nhiên với mức lọc cầu thận của bệnh nhân đái tháo đường type 2","Lê Công Trứ (tác giả chính), Trần Thị Nga, Trần Thị Thu Thảo","Trần Thị Thu Thảo","3","1, 529, 384-389","https://drive.google.com/open?id=1zf7pPyLqNlirEFX_w1h3MsPY8W-T-IUs","","","","","","","",""
"23/06/2024 12:01:37","lctru@ctump.edu.vn","Tạp chí Y học Việt Nam","1859-1868","1 điểm","29/11/2023","Khảo sát nồng độ microalbumin, creatinin và chỉ số microalbumin/creatinin ở mẫu nước tiểu ngẫu nhiên ở bệnh nhân đái tháo đường type 2 ","Lê Công Trứ (tác giả chính), Trần Thị Nga, Trần Thị Thu Thảo","Trần Thị Thu Thảo","3","2, 533, 93-98","https://drive.google.com/open?id=1wY47C5ADph_4F6-jvJbEOF28aLLswqpe","","","","","","","",""
"23/06/2024 20:56:32","lnuphuong@ctump.edu.vn","Tạp chí Y Dược Huế","3030-4318","1 điểm","01/04/2024","Đặc điểm lâm sàng, cận lâm sàng của bệnh nhân nhiễm Strongyloides stercoralis tại Viện Sốt rét - Ký sinh trùng - Côn trùng Quy Nhơn 2022 - 2023","Nguyễn Đức Chính, Trần Thị Huệ Vân, Phạm Thị Hồng, Lê Nguyễn Uyên Phương, Huỳnh Hồng Quang, Hồ Văn Hoàng, Nguyễn Văn Chương","Nguyễn Đức Chính","7","Số đặc biệt Hội nghị Ký sinh trùng toàn quốc lần thứ 50 tháng 4/2024, trang 128-136","https://drive.google.com/open?id=1O_T1m81-Y--lH3wQ-emKxRLUtOKCu_Bo","","","","","","","",""
"24/06/2024 17:53:45","ptynhi@ctump.edu.vn","Tạp chí Giáo dục và Xã hội","1859-3917","0.5 điểm","13/10/2023","Ứng dụng công nghệ web trong xây dựng hệ thống quản lý lịch công tác tại Trường Đại học Y Dược Cần Thơ","Trần Thị Bích Phương, Phạm Trương Yến Nhi, Lâm Thị Thủy Tiên, Đỗ Thùy Trang","Trần Thị Bích Phương","4","Số đặc biệt 10/2023, trang 421-426","https://drive.google.com/open?id=13XQFph-r3a_wadG2IOAbxpcjYc0VkB3l","","","","","","","",""
"24/06/2024 18:00:08","ptynhi@ctump.edu.vn","Journal of Education Management","1859-2910","1 điểm","23/08/2023","REALITY OF LECTURERS OF THE BASIC SCIENCES FACULTY AND EVALUATION OF LECTURERS, STUDENTS ON MANAGEMENT OF TEACHING ACTIVITIES OF BASIC SCIENCE SUBJECTS UNDER CREDIT-BASED SYSTEM AT CAN THO UNIVERSITY OF MEDICINE AND PHARMACY","Phạm Trương Yến Nhi, Ngô Phương Thảo","Phạm Trương Yến Nhi","2","Số 8A, trang 98-105","https://drive.google.com/open?id=1hvukvftIDKKS1G_ddmFK5n904P31Axwe","","","","","","","",""
"30/07/2024 10:22:33","ntlngoc@ctump.edu.vn","Tạp chí Y học Việt Nam","ISSN 1859-1868","1 điểm","01/07/2024","Kết quả điều trị gãy kín đầu dưới xương cẳng chân bằng phẫu thuật kết hợp xương nẹp vít với kỹ thuật ít xâm lấn","Huỳnh Thành Phương Nhân, Trần Anh Dũng, Nguyễn Lê Hoan, Nguyễn Thành Tấn","Nguyễn Thành Tấn","4"," Tập 540, tháng 7/2023, số 3, trang 58-63","https://drive.google.com/open?id=1mQY4hPIj3QdB2NVCUfFhAyoiw1FkC8kZ","","","","","","","",""
"30/07/2024 10:24:16","ntlngoc@ctump.edu.vn","ạp chí Y học Việt Nam","ISSN 1859-1868","1 điểm","01/07/2024","Đánh giá kết quả điều trị gãy mất vững khung chậu bằng phương pháp kết hợp xương bên trong","Nguyễn Hữu Đạt, Nguyễn Việt Nam, Nguyễn Tâm Từ, Nguyễn Hữu Thuyết, Nguyễn Văn Hết, Nguyễn Thành Tấn","Nguyễn Thành Tấn","6","Tập 540, tháng 7/2023, số 3, trang 132-137","https://drive.google.com/open?id=1rGe7c-os8nctARNqpVSwOV1gd8UDYyNh","","","","","","","",""
"05/09/2024 14:32:11","ntnmai@ctump.edu.vn","Tạp chí Y học Việt Nam","ISSN: 1859-1868","1 điểm","14/11/2023","ĐÁNH GIÁ TÌNH HÌNH SỬ DỤNG KHÁNG SINH VÀ KẾT QUẢ CAN THIỆP  VỀ SỬ DỤNG KHÁNG SINH HỢP LÝ TRONG ĐIỀU TRỊ NỘI TRÚ TẠI BỆNH VIỆN ĐA KHOA THÀNH PHỐ CẦN THƠ NĂM 2022 – 2023","Lê Văn Minh, Nguyễn Thị Như Mai, Nguyễn Tấn Đạt","Lê Văn Minh","3","Tập 532, số 2, trang 380-384","https://drive.google.com/open?id=1eFe_lOB0N3cako5Ej-Q2KPSb-hCO7PsY","","","","","","","",""
"06/09/2024 18:45:17","ddkhanh@ctump.edu.vn","Tạp chí Y học Việt Nam","1859-1868","1 điểm","07/08/2024","Thái độ và các yếu tố liên quan của người dân thành phố Cần Thơ về sử dụng kháng sinh","Lê Thị Minh Ngọc, Đặng Duy Khánh","Đặng Duy Khánh","2","Tập 541, số 1, trang 157-161","https://drive.google.com/open?id=1l_K0fwj0yZAJ6ixgdUw10iMAsuR-5kzB","","","","","","","",""
"08/09/2024 20:40:48","lmhoang@ctump.edu.vn","Tạp chí Y học Việt Nam","ISSN: 1859-1868","1 điểm","07/09/2024","ĐÁNH GIÁ TÁC DỤNG CẢI THIỆN CHỈ SỐ LIPID MÁU CỦA BÀI THUỐC BÁN HẠ BẠCH TRUẬT THIÊN MA GIA GIẢM TRÊN BỆNH NHÂN CÓ RỐI LOẠN LIPID MÁU","Nguyễn Thị Kim Yến, Lê Minh Hoàng","Nguyễn Thị Kim Yến","2","Tập 541 số 3, trang 103-107","https://drive.google.com/open?id=1l5Q48xJjgg0iphHJ327CGMzZFCOxXPnV","","","","","","","",""
"09/09/2024 5:30:44","hvtruong@ctump.edu.vn","KHẢO SÁT HOẠT TÍNH KHÁNG OXY HÓA VÀ KHÁNG VIÊM IN VITRO CỦA VI KHUẨN NỘI SINH TRONG CÂY DỪA CẠN (Catharanthus roseus)","ISSN 1859-2171 2734-9098","1 điểm","17/06/2024","KHẢO SÁT HOẠT TÍNH KHÁNG OXY HÓA VÀ KHÁNG VIÊM IN VITRO CỦA VI KHUẨN NỘI SINH TRONG CÂY DỪA CẠN (Catharanthus roseus)","Trần Chí Linh1, Tạ Lâm Tài2, Nguyễn Thị Kim Ngân3, Võ Hoàng Long2, Trần Nguyễn Kim Ngân2, Lý Khôi Nguyên2, Nguyễn Tấn Thành2, Huỳnh Văn Trương3* ","Huỳnh Văn Trương3* ","8","229(10): 254 - 261","https://drive.google.com/open?id=1FQK7Ib1xeSlPFI_K9FGz6TW-LDI-w4f-","","","","","","","",""
"09/09/2024 8:36:09","ntlngoc@ctump.edu.vn","Tạp chí Y học Việt Nam","1589-1868","1 điểm","19/08/2024","ết quả xạ phẫu thuật thay khớp nhân tạo điều trị thoái hóa khớp gối tại bệnh viện đa khoa Hoàn Mỹ Cửu Long","Nguyễn Minh Tuấn, Nguyễn Tâm Từ, Nguyễn Thành Tấn","Nguyễn Thành Tấn","3","Tập 541, tháng 8/2023, số 2, trang 22-27","https://drive.google.com/open?id=1u-dhZ-GWC94m_uOtFE-Xc4jis86j4Njc","","","","","","","",""
"09/09/2024 8:37:34","ntlngoc@ctump.edu.vn","Tạp chí Y học Việt Nam","1589-1868","1 điểm","19/08/2024","Kết quả điều trị hoại tử vô khuẩn chỏm xương đùi bằng phẫu thuật thay khớp háng toàn phần chuyển động đôi","Nguyễn Minh Trí, Nguyễn Lê Hoan, Nguyễn Văn Hết, Nguyễn Thành Tấn","Nguyễn Thành Tấn","4","Tập 541, tháng 8/2023, số 2, trang 79-83","https://drive.google.com/open?id=1Bd3NcW-Yr1w_JqnEMH-Txf8Fxa0JiP3-","https://doi.org/10.51298/vmj.v541i2.10740 ","","","","","","",""
"09/09/2024 11:25:46","bmgiaiphau@ctump.edu.vn","Tạp chí y học Việt Nam","1859-1868","1 điểm","01/06/2024","Nghiên cứu đặc điểm giải phẫuvà một số yếu tố tương quan đến kích thước tuyến giáp trên siêu âm tại bệnh viện Trường Đại học Y dược Cần Thơ năm 2022","Nguyễn Thị Giao Hạ, Đoàn Dương Mỹ Trang, Đỗ Thị Hồng Diệu,Trần Như Quỳnh, Nguyễn Cao Tiến Đông, Nguyễn Thị Hồng Thắm","Nguyễn Thị Giao Hạ","6","Tập 539, tháng 6 - số chuyên đề, trang 186-193","https://drive.google.com/open?id=1HWhbs1uXyMHf65k7ETHHcgFxAq3SySj_","","","","","","","",""
"09/09/2024 11:34:41","bmgiaiphau@ctump.edu.vn","Tạp Chí y học Việt Nam","1859-1868","1 điểm","01/06/2024","Nghiên cứu đặc điểm dị tật bàn chân bẹt ở trẻ từ 7 đến 11 tuổi tại hai tỉnh miền Nam","Trần Phương Nam, Ngô Thị Kim Phương,Đặng Trương Đại Nhân, Quách Thị Thu Sương, Nguyễn Thanh Tân, Võ Huỳnh Trang","Võ Huỳnh Trang","6","Tập 539, số chuyên đề, trang 411-417","https://drive.google.com/open?id=12o4huxHX06ujTYI37P9l0xjg9YcnxpkU","","","","","","","",""
"09/09/2024 15:26:47","ntklan@ctump.edu.vn","Tạp chí Y học Việt Nam","1859-1868","1 điểm","16/05/2023","Nghiên cứu tương tác thuốc có ý nghĩa lâm sàng trong đơn thuốc điều trị ngoại trú tại trung tâm y tế thị xã Long Mỹ tỉnh Hậu Giang năm 2021","Đồng Bé Hai, Trần Đỗ Hùng, Nguyễn Tấn Đạt, Thiều Văn Đường, Đỗ Văn Mãi*","Đỗ Văn Mãi","5","Tập 526, số 1A, trang 62-67","https://drive.google.com/open?id=1gLitRUV6FDl594fMKvUof7Llaz-A_HDA","","","","","","","",""
"09/09/2024 15:30:55","ntklan@ctump.edu.vn","Tạp chí Y học Việt Nam","1859-1868","1 điểm","20/02/2024","Đặc điểm triệu chứng, mức độ nặng và cần hỗ trợ, và thực trạng can thiệp cho trẻ có rối loạn phổ tự kỷ đến khám tại phòng khám tâm lý- hành vi, bệnh viện nhi đồng thành phố Cần Thơ","Nguyễn Phúc Bửu Định*, Nguyễn Tấn Đạt","Nguyễn Phúc Bửu Định","2","Tập 535, số 2, trang 245-248","https://drive.google.com/open?id=1gYCCzhNH_c6mSJGXv3PbYl2-aHtjM9hq","","","","","","","",""
"09/09/2024 15:33:58","ntklan@ctump.edu.vn","Tạp chí Y học Việt Nam","1859-1868","1 điểm","19/08/2024","Nghiên cứu kiến thức và thái độ của giáo viên mầm non về chăm sóc sức khoẻ tâm thần tại tỉnh Vĩnh Long năm 2023-2024","Võ Văn Hạnh Phúc, Nguyễn Thanh Truyền, Nguyễn Trương Duy Tùng, Nguyễn Tấn Đạt*","Nguyễn Tấn Đạt","4","Tập 541, số 2, trang 362-367","https://drive.google.com/open?id=1KkPjYQDhloGI5peSTWIaqZNFK1ISex29","","","","","","","",""
"09/09/2024 15:36:22","ntklan@ctump.edu.vn","Tạp chí Y học Việt Nam","1859-1868","1 điểm","11/12/2023","Đánh giá tình hình sử dụng kháng sinh và kết quả can thiệp về sử dụng kháng sinh hợp lý trong điều trị nội trú tại bệnh viện đa khoa thành phố Cần Thơ năm 2022-2023","Lê Văn Minh*, Nguyễn Thị Như Mai, Nguyễn Tấn Đạt","Lê Văn Minh","3","Tập 532, số 2, trang 380-384","https://drive.google.com/open?id=1bEEnLL0DzgWmClcliBWFycIe67TK67ng","","","","","","","",""
"09/09/2024 15:39:40","ntklan@ctump.edu.vn","Tạp chí Y học Việt Nam","1859-1868","1 điểm","02/01/2024","Thực trạng tuân thủ điều trị và một số yếu tố liên quan của bệnh nhân tăng huyết áp điều trị ngoại trú tại bệnh viện đại học Võ Trường Toản","Cao Trần Thanh Phong*, Trần Đỗ Thanh Phong, Nguyễn Tấn Đạt","Cao Trần Thanh Phong","3","Tập 533, số 1, trang 377-381","https://drive.google.com/open?id=1F-G98LUZk5TfFqkPfEk0WLZqxU-2h6mV","","","","","","","",""
"09/09/2024 15:41:58","ntklan@ctump.edu.vn","Tạp chí Y học Việt Nam","1859-1868","1 điểm","08/08/2024","Trầm cảm và một số yếu tố liên quan của học sinh trung học phổ thông tại thành phpps Vĩnh Long, tỉnh Vĩnh Long năm 2023","Nguyễn Thanh Truyền*, Đặng Phúc Vinh, Phạm Hồng Nhân, Nguyễn Minh Phương, Nguyễn Tấn Đạt","Nguyễn Thanh Truyền","5","Tập 541, số 1, trang 369-374","https://drive.google.com/open?id=1g0cSqSRdN8ehfNSAdwMqUhsPm3lVxzNM","","","","","","","",""
"09/09/2024 15:44:16","ntklan@ctump.edu.vn","Tạp chí Y học Việt Nam","1859-1868","1 điểm","25/03/2024","Đánh giá kiến thức, thái độ và thực hành của nhân viên y tế trong sử dụng bệnh án điện tử tại bệnh viện đa khoa khu vực Long Khánh năm 2023","Hồ Văn Hải, Trần Thái Thanh Tâm, Nguyễn Trung Kiên, Nguyễn Tấn Đạt*","Nguyễn Tấn Đạt","4","Tập 536, số 2, trang 105-110","https://drive.google.com/open?id=1Q0OH7hHoJm_3DzuvjR9wnvQ6OwyyWfJ7","","","","","","","",""
"09/09/2024 15:47:07","ntklan@ctump.edu.vn","Tạp chí Y học Việt Nam)","1859-1868","1 điểm","25/03/2024","Tình hình sự cố y khoa ở người bệnh khám và điều trị tại bệnh viện đa khoa Đầm Dơi, tỉnh Cà Mau năm 2022-2023","Du Thành Toàn, Nguyễn Tấn Đạt*, Trần Quang Trung","Nguyễn Tấn Đạt","3","Tập 536, số 2, trang 334-339","https://drive.google.com/open?id=1gFXshrZMjCPWymIfIUCgzVqkdPOmDJY8","","","","","","","",""
"09/09/2024 15:50:20","ntklan@ctump.edu.vn","Tạp chí Y học Việt Nam","1859-1868","1 điểm","25/03/2024","Tỷ lệ thiếu máu thiếu sắt và một số yếu tố liên quan ở phụ nữ mang thai tại huyện Cái Nước, tỉnh Cà Mau năm 2022-2023","Huỳnh Thanh Triều, Nguyễn Tấn Đạt*, Trần Quang Trung","Nguyễn Tấn Đạt","3","Tập 536, số 2, trang 243-248","https://drive.google.com/open?id=1Cbkr0Y-p-_Ia0p_7-I8YrmwNLTsYsNm6","","","","","","","",""
"09/09/2024 15:56:27","ntklan@ctump.edu.vn","Tạp chí Y học Việt Nam","1859-1868","1 điểm","08/08/2024","Quan điểm về sức khoẻ sinh sản và đề xuất can thiệp cho nữ sinh trung học cơ sở tại thành phố Cần Thơ","Nguyễn Tấn Đạt*, Nguyễn Ngọc Huyền, Lê Trung Hiếu, Nguyễn Thị Kiều Lan, Trần Tú Nguyệt, Nguyễn Thị Thanh Thảo, Nguyễn Thị Hồng Tuyến, Võ Nhật Ngân Tuyền, Lê Thị Nhân Duyên, Nguyễn Thành Tấn, Nguyễn Trung Kiên, Nguyễn Minh Phương","Nguyễn Tấn Đạt","12","Tập 541, số 1, trang 341-346","https://drive.google.com/open?id=1gWTAWfb9nw4HGREKv2nEjQAyZ_fC_fiR","","","","","","","",""
"09/09/2024 21:08:27","chnghi@ctump.edu.vn","Tạp chí Y học Việt Nam","1859-1868","1 điểm","18/06/2024","MỘT SỐ YẾU TỐ TIÊN LƯỢNG SỐC Ở TRẺ 12 THÁNG - 16 TUỔI MẮC SỐT XUẤT HUYẾT DENGUE CÓ DẤU HIỆU CẢNH BÁO TẠI CẦN THƠ: MỘT NGHIÊN CỨU CẮT NGANG, ĐƠN TRUNG TÂM","Nguyễn Huỳnh Nhật Trường, Bùi Quang Nghĩa, Lê Hoàng Sơn, Ông Huy Thanh, Chung Hữu Nghị","Chung Hữu Nghị","5","Tập 39, số 1B, trang 263-267","https://drive.google.com/open?id=1sf_Q_4hcjJfVnYqASqzXz3z-N86vyk8c","","","","","","","",""
"10/09/2024 14:40:56","vhtrang@ctump.edu.vn","Tạp chí Y học Cộng đồng","1859-1868","1 điểm","08/04/2024","NGHIÊN CỨU SO SÁNH ĐẶC ĐIỂM MÔ HỌC ĐỘNG MẠCH NGỰC TRONG VÀ CÁC ĐỘNG MẠCH CÓ THỂ DÙNG BẮC CẦU ĐỘNG MẠCH VÀNH TRÊN XÁC NGƯỜI VIỆT NAM TRƯỞNG THÀNH","Võ Thành Nghĩa, Võ Huỳnh Trang","Võ Huỳnh Trang","2","Tập 65, Số phát hành CD2","https://drive.google.com/open?id=1jGqz-6mc9GaFqMdJqkniHacyS8lykAhN","","","","","","","",""
"10/09/2024 12:33:52","bmgiaiphau@ctump.edu.vn","Tạp chí Y học Cộng đồng","1859-1868","1 điểm","08/03/2024","NGHIÊN CỨU ĐẶC ĐIỂM GIẢI PHẪU ỨNG DỤNG CỦA ĐỘNG MẠCH NGỰC TRONG TRÊN XÁC NGƯỜI VIỆT NAM TRƯỞNG THÀNH","Võ Thành Nghĩa, Võ Huỳnh Trang","Võ Thành Nghĩa","2","Tập 65, Số phát hành 2","https://drive.google.com/open?id=1O01lxvPE8bAAMv94LLsUsLhO3iiKA6HF","","","","","","","",""
"11/09/2024 14:00:19","ttnghia@ctump.edu.vn","Tạp chí Y học Việt Nam","1859-1868","1 điểm","22/07/2024","ĐẶC ĐIỂM LÂM SÀNG, CẬN LÂM SÀNG VÀ HIỆU QUẢ CỦA RỬA PHẾ QUẢN PHẾ NANG BẰNG NỘI SOI PHẾ QUẢN ỐNG MỀM Ở BỆNH NHÂN VIÊM PHỔI CỘNG ĐỒNG KHÔNG ĐÁP ỨNG ĐIỀU TRỊ KHÁNG SINH BAN ĐẦU","Hồng Minh Triết, Bùi Thị Cẩm Thùy, Trần Trọng Nhân, Trần Tín Nghĩa, Trần Thanh Hùng","Trần Thanh Hùng","5","540(3)","https://drive.google.com/open?id=1moqer7wDRyoccyyGhnf_jVAl-6_fQxMh","","","","","","","",""
"12/09/2024 11:15:31","bmgiaiphau@ctump.edu.vn","Tạp chí Y học Cộng đồng","1859-1868","1 điểm","08/04/2024","NGHIÊN CỨU SO SÁNH ĐẶC ĐIỂM MÔ HỌC ĐỘNG MẠCH NGỰC TRONG VÀ CÁC ĐỘNG MẠCH CÓ THỂ DÙNG BẮC CẦU ĐỘNG MẠCH VÀNH TRÊN XÁC NGƯỜI VIỆT NAM TRƯỞNG THÀNH","Võ Thành Nghĩa, Võ Huỳnh Trang","Võ Huỳnh Trang","2","Tập 65, Số phát hành CD2","https://drive.google.com/open?id=1feuUylpUyICAIfwVgYkkQjBRJrFO3PDC","","","","","","","",""
"12/09/2024 11:20:41","bmgiaiphau@ctump.edu.vn","Tạp chí Y học Cộng đồng","1859-1868","1 điểm","08/03/2024","NGHIÊN CỨU ĐẶC ĐIỂM GIẢI PHẪU ỨNG DỤNG CỦA ĐỘNG MẠCH NGỰC TRONG TRÊN XÁC NGƯỜI VIỆT NAM TRƯỞNG THÀNH","Võ Thành Nghĩa, Võ Huỳnh Trang","Võ Huỳnh Trang","2","Tập 65, Số phát hành 2","https://drive.google.com/open?id=1QzLzZbC68-w-Zn03HttqhasNnIr0Jn4q","","","","","","","",""
"12/09/2024 15:50:15","lththanh@ctump.edu.vn","Lý luận chính trị"," ISSN 2525-2607","1 điểm","25/07/2024","Đảng bộ Thành phố Cần Thơ vận dụng tư tưởng Hồ Chí Minh về giáo dục, rèn luyện đạo đức cách mạng cho cán bộ, đảng viên","Lương Thị Hoài Thanh, Nguyễn Việt Thanh","Lương Thị Hoài Thanh","2","11","https://drive.google.com/open?id=1NnDiuPqE05kuIFhbWCi1ii03DSxmDLBw","","","","","","","",""
"12/09/2024 15:53:10","lththanh@ctump.edu.vn","Khoa học Giáo dục Việt Nam","2615-8957","0.5 điểm","15/07/2024","Đảng bộ Thành phố Cần Thơ giáo dục, rèn luyện   theo tư tưởng “Cần, Kiệm, Liêm, Chính, Chí công vô tư”  của Hồ Chí Minh","Lương Thị Hoài Thanh, Bùi Thị Cần","Lương Thị Hoài Thanh","2","5","https://drive.google.com/open?id=18pHiP5jOWE9wsyZULMWiaTEWH_R_3cR6","","","","","","","",""
"12/09/2024 16:27:56","lmnhan@ctump.edu.vn","Tạp chí Khoa học Đại học Cần Thơ","1859-2333","0.75 điểm","30/08/2024","Chiết xuất betacyanin từ vỏ qủa thanh long (Hylocereus undatus) với sự hỗ trợ của sóng siêu âm: thông số chiết, sự ổn định, và hoạt tính sinh học","Nguyễn Việt Nhẫn Hòa, Nguyễn Dương Thanh Trúc, Nguyễn Anh Tú, Trương Thị Hồng Ái, Huỳnh Thị Cẩm Đào, Phạm Gia Mỹ, Nguyễn Quốc Châu Thanh, Lê Minh Nhân và Trần Thanh Tuấn","Trần Thanh Tuấn","9","60, trang 81-92","https://drive.google.com/open?id=1zqKLOELY8QVNBQHBGmhtbowtH5w5kC2S","","","","","","","",""
"12/09/2024 16:30:39","lmnhan@ctump.edu.vn","Tạp chí Khoa học Đại học Cần Thơ","1859-2333","0.75 điểm","26/06/2024","Nghiên cứu sử dụng bột vỏ trứng làm tá dược trong viên nén chứa hoạt chất acetaminophen","Nguyễn Quốc Châu Thanh, Nguyễn Hửu Khiêm, Trần Quang Đệ, Lê Minh Nhân","Lê Minh Nhân","4","Tập 60, số 3A, trang 81-88","https://drive.google.com/open?id=1rTJEQv6CP9NPCRuVIDsdH7ZgId5HMri8","","","","","","","",""
"12/09/2024 17:24:12","ntklan@ctump.edu.vn","Tạp chí Y học Việt Nam","1859-1868","1 điểm","12/09/2024","Thực trạng kiến thức và thực hành chăm sóc sức khoẻ sinh sản của học sinh nữ đã dậy thì ở các trường trung học cơ sở thành phố Cần Thơ","Nguyễn Tấn Đạt, Nguyễn Ngọc Huyền, Lê Trung Hiếu,Nguyễn Thị Kiều Lan,Nguyễn Thị Hồng Tuyến, Trần Tú Nguyệt,Nguyễn Thị Thanh Thảo, Nguyễn Việt Phương, Võ Nhật Ngân Tuyền,Lê Thị Nhân Duyên, Nguyễn Thành Tấn,Nguyễn Trung Kiên, Nguyễn Minh Phương","Nguyễn Tấn Đạt","13","Tập 542, số 1, trang 279-285","https://drive.google.com/open?id=1gNlh1xtr-v5ex0_-EOjeNomxwRo6ucdf","","","","","","","",""
"12/09/2024 17:29:26","ntklan@ctump.edu.vn","Tạp chí Y học Việt Nam","1859-1868","1 điểm","12/09/2024","Dậy thì và một số yếu tố liên quan đến dậy thì trước 11 tuổi ở nữ học sinh trung học cơ sở thành phố Cần Thơ","Nguyễn Tấn Đạt, Nguyễn Ngọc Huyền, Lê Trung Hiếu,Nguyễn Thị Kiều Lan,Nguyễn Thị Hồng Tuyến, Trần Tú Nguyệt,Nguyễn Thị Thanh Thảo, Nguyễn Việt Phương, Võ Nhật Ngân Tuyền,Lê Thị Nhân Duyên, Nguyễn Thành Tấn,Nguyễn Trung Kiên, Nguyễn Minh Phương","Nguyễn Tấn Đạt","13","Tập 542, số 1, trang 376-381","https://drive.google.com/open?id=1ZgysJh7lqFtpQMej6Vr7_njxFZGJemEu","","","","","","","",""
"13/09/2024 15:32:14","ttthu@ctump.edu.vn","Tạp chí Y Dược học Cần Thơ","2354-1210","1 điểm","26/02/2024","Đánh giá hiệu quả can thiệp của quy trình giặt, sấy trong việc giảm mức độ ô nhiễm vi sinh vật trên đồ vải y tế tại bệnh viện trường Đại học Y Dược Cần Thơ","Võ Phước Thịnh, Phạm Phú Niên, Võ Thanh Nhựt, Trà Lê Thiên Phúc, Lâm Phước Nguyên, Lê Kim Nguyên, Trần Thị Hồng Anh, Phan Minh Sang, Trần Thị Thư, Trần Thị Như Lê","Võ Phước Thịnh","10","Số 71 trang 103-109","https://drive.google.com/open?id=1utO6s-jw2bkjS0jNZubWt3SeB4pRpqa1","","","","","","","",""
"14/09/2024 22:45:05","btcthuy@ctump.edu.vn","Tạp chí Y học Việt Nam","1859-1868","1 điểm","22/07/2024","ĐẶC ĐIỂM LÂM SÀNG, CẬN LÂM SÀNG VÀ HIỆU QUẢ CỦA RỬA PHẾ QUẢN PHẾ NANG BẰNG NỘI SOI PHẾ QUẢN ỐNG MỀM Ở BỆNH NHÂN VIÊM PHỔI CỘNG ĐỒNG KHÔNG ĐÁP ỨNG ĐIỀU TRỊ KHÁNG SINH BAN ĐẦU","Hồng Minh Triết, Bùi Thị Cẩm Thùy, Trần Trọng Nhân, Trần Tín Nghĩa, Trần Thanh Hùng","Trần Thanh Hùng","5","Tập 540, Số 3, trang 36-41","https://drive.google.com/open?id=13BQIIpqjP2XN2KL4huSNrNEj8SLPhE8u","","","","","","","",""
"15/09/2024 14:09:33","ttnle@ctump.edu.vn","Tạp chí Y học Việt Nam","1859-1868","1 điểm","06/08/2024","Kiến thức, thái độ về phòng ngừa ung thư cổ tử cung do nhiễm Human papilomavirus ở phụ nữa mang thai tại thành phố Cần Thơ","Đào Thanh, Trần Thị Như Lê, Trần Ngọc Dung, Đinh Xuân Hải, Nguyễn Hoàng Nhi, Phan Thị Hoài Trân, Huỳnh Quang Minh, Đinh Thị Hồng Phúc","Đào Thanh","8","Tập 541, tháng 8, số 3, trang 380-384","https://drive.google.com/open?id=1vsizIjILytFHEYWoIqnHkDRQExzi3vAi","","","","","","","",""
"15/09/2024 21:59:50","ntdiem@ctump.edu.vn","tạp chí Y học Việt Nam","1859-1868","1 điểm","05/01/2024","NGHIÊN CỨU LÂM SÀNG, CẬN LÂM SÀNG VÀ MỐI LIÊN QUAN  GIỮA SỰ THAY ĐỔI QTC VÀ TÌNH TRẠNG RỐI LOẠN CHỨC NĂNG TIM  Ở BỆNH NHÂN UNG THƯ HOÁ TRỊ BẰNG ANTHRACYCLINE ","Huỳnh Anh Đức, Nguyễn Thị Diễm, Trần Diệu Hiền, Võ Đức Tínhiền","Huỳnh Anh Đức","4","3","https://drive.google.com/open?id=1AWJ1OZYMwfBFO7CAvXo_6aGRzum1Texb","","","","","","","",""
"16/09/2024 0:14:34","tvnam@ctump.edu.vn","Tạp chí Y học Việt Nam","1859-1868","1 điểm","19/08/2024","ĐÁNH GIÁ MỨC ĐỘ ĐAU DO SIÊU ÂM BƠM NƯỚC KHẢO SÁT BUỒNG TỬ CUNG TẠI BỆNH VIỆN PHỤ SẢN THÀNH PHỐ CẦN THƠ","Hứa Ngọc Thanh Tâm, Lý Kim Ngân, Trần Văn Nam, Võ Thị Hồng Ngọc, Nguyễn Tấn Thành, Nguyễn Hạ Thi Mơ, Võ Minh Tuấn","Võ Minh Tuấn","8","Tập 541, số 2, trang 334-339","https://drive.google.com/open?id=1Fq4LbBP2ruBWrrj4jaQ_oiPFw9d_3EbO","","","","","","","",""
"16/09/2024 10:04:31","ntnhan@ctump.edu.vn","Tạp chí Y Dược học Cần Thơ (số tiếng Anh)","2354-1210","0.5 điểm","25/06/2024","COMPLIANCE WITH STANDARD PRECAUTIONS AMONG PEDIATRIC  NURSES IN SELECTED GOVERNMENT HOSPITALS:   A CROSS-SECTIONAL STUDY","Nguyễn Thị Ngọc Hân, Trần Công Toại, Lydia T Manahan, Lư Trí Diến, Nguyễn Thị Thanh Trúc","Nguyễn Thị Ngọc Hân","5","7(2024), 139-145","https://drive.google.com/open?id=1f3yElcwGSlEJJZVp63xyocLzp6eQcLq8","Bài báo số stt 1854 và 1948 trong danh mục bài báo TRONG TRƯỜNG bị nhầm tác giá chính. Tác giả đúng là Nguyễn Thị Ngọc Hân MSCB 00476 (k.dd). Bị nhầm sang Nguyễn Thị Ngọc Hân mscb 00647 (k.Y)","","","","","","",""
"16/09/2024 10:09:04","ntnhan@ctump.edu.vn","Tạp chí Y Dược học Cần Thơ (số tiếng Anh)","2354-1210","0.5 điểm","25/06/2024","SELF-CARE AND PSYCHOLOGICAL WELL-BEING OF NURSES  CARING FOR COVID-19 PATIENTS IN SELECTED   HOSPITALS IN BINH DINH, VIETNAM","Trần Công Toại, Bùi Lê Vi Chinh, Nguyễn Thị Ngọc Hân","Trần Công Toại","3","10-(7) (2024), 152-157","https://drive.google.com/open?id=1cZQm-To0WAI1k0lEo6Qsk4Wi17e4pCl8","Bài báo stt 1854 và 1948 trong danh sách bài báo TRONG TRƯỜNG bị nhầm tác giả chính. Tác giả đúng mà Nguyễn Thị Ngọc Hân Mscb 00476 (k.dd), bị nhầm sang Nguyễn Thị Ngọc Hân 00647 (k.Y)","","","","","","",""
"16/09/2024 10:13:33","ntnhan@ctump.edu.vn","Tạp chí YDH Cần Thơ Số tiếng Anh","2354-1210","0.5 điểm","20/10/2023","KNOWLEDGE OF UNDERGRADUATE NURSING STUDENTS  TOWARDS CREDIT-MODULE SYSTEM: A STUDY IN CAN THO","Nguyễn Lê Duy Anh, Hứa Hà Khởi, Lưu Hưng Thịnh, Dương Thị Thùy Trang, Lư Trí Diến, Nguyễn Thị Ngọc Hân","Nguyễn Thị Ngọc Hân","6","9(6) (2023), 166-172","https://drive.google.com/open?id=18EkDjm412KvlF9wQK8teRppgP3Q92Fw3","","","","","","","",""
"16/09/2024 10:15:21","ntnhan@ctump.edu.vn","Y dược học Cần Thơ số tiếng Anh","2354-1210","0.5 điểm","20/10/2023","ATTITUDES AND PRACTICES TOWARDS THE CREDIT-MODULE  SYSTEM AMONG UNDERGRADUATE STUDENTS","Nguyễn Thị Ngọc Hân, Nguyễn Lê Duy Anh, Hứa Hà Khởi, Lưu Hưng Thịnh, Dương Thị Thùy Trang, Lư Trí Diến","Nguyễn Thị Ngọc Hân","6","9 (6) (2023), 172-178","https://drive.google.com/open?id=1iXKEiyeyyfuUYy30z2HlW263a-8JvIJx","","","","","","","",""
"16/09/2024 15:19:24","qkphung@ctump.edu.vn","Tạp chí Phụ sản","Tạp chí Phụ sản có mã số ISN: 1859-3844","0.5 điểm","05/07/2024","Kết cục thai kỳ của nhóm thai phụ được dự phòng rối loạn tăng huyết áp trong thai kỳ bằng Aspirin liều thấp tại Bệnh viện Phụ sản thành phố Cần Thơ","Nguyễn Tấn Hưng, Lâm Đức Tâm, Nguyễn Hữu Trung, Võ Thị Ánh Trinh, Quan Kim Phụng, Đoàn Thanh Điền, Nguyễn Thị Thư","Nguyễn Tấn Hưng","7","Tập 22, số 1, trang 21-27","https://drive.google.com/open?id=1avie2KSGqbe5qUbsWPjjb7odNUpfHorj","","","","","","","",""
"17/09/2024 14:46:44","ptnnga@ctump.edu.vn","Tạp chí Y học Việt Nam","1859-1868","1 điểm","04/01/2024","""MỨC ĐỘ ĐỀ KHÁNG VỚI THUỐC KHÁNG NẤM CỦA CANDIDA SP PHÂN LẬP TỪ ĐƯỜNG HÔ HẤP BỆNH NHÂN TẠI BỆNH VIỆN ĐA KHOA THÀNH PHỐ CẦN THƠ""","Phạm Thị Ngọc Nga, Nguyễn Văn Tín, Võ Đại Thành, Trần Thái Ngọc, Huỳnh Quang Minh","Phạm Thị Ngọc Nga","5","Tập 537 (1)","https://drive.google.com/open?id=1ACUX2vST8V4Uzg_cphJBWuduAQowa-UH","","","","","","","",""
"17/09/2024 14:52:00","ptnnga@ctump.edu.vn","Tạp chí Y học Việt Nam","1859-1868","1 điểm","04/01/2024","""MỨC ĐỘ ĐỀ KHÁNG KHÁNG SINH CỦA VI KHUẨN STAPHYLOCOCCUS AUREUS ĐƯỢC PHÂN LẬP TẠI BỆNH VIỆN ĐA KHOA THÀNH PHỐ CẦN  THƠ NĂM 2019 – 2023""","Phạm Thị Ngọc Nga, Nguyễn Trí Yến Chi, Trần Bùi Hoàng Thảo, Trần Lĩnh Sơn, Huỳnh Quang Minh","Phạm Thị Ngọc Nga","5","Tập 537 (1b)","https://drive.google.com/open?id=1sEBfEIH6uy1OgHopheinfnaRBky7RVDc","","","","","","","",""
"17/09/2024 14:54:01","ptnnga@ctump.edu.vn","Tạp chí Y học Việt Nam","1859-1868","1 điểm","04/01/2024","KHẢO SÁT ĐẶC ĐIỂM HẸP TẮC MẠCH MÁU NÃO TRÊN MRI 3 TESTLA VÀ ĐA HÌNH GEN CYP2C19 Ở BỆNH NHÂN ĐỘT QUỴ THIẾU MÁU NÃO","Nguyễn Trân Trân, Trần Chí Cường, Lê Minh Thắng, Phạm Thị Ngọc Nga*","Phạm Thị Ngọc NGa","4","Tập 537 (2)","https://drive.google.com/open?id=1XTXx7ATqM5RjRfXkOtVxH2sUk9sughzM","","","","","","","",""
"17/09/2024 14:55:54","ptnnga@ctump.edu.vn","Tạp chí Y học Việt Nam","1859-1868","1 điểm","05/01/2024","MỨC ĐỘ ĐỀ KHÁNG KHÁNG SINH CỦA MỘT SỐ VI KHUẨN GRAM ÂM  THƯỜNG GẶP TẠI BỆNH VIỆN ĐA KHOA THÀNH PHỐ CẦN THƠ TỪ NĂM 2019 – 2023","Phạm Thị Ngọc Nga, Nguyễn Trí Yến Chi, Trương Thị Bích Vân","Trương Thị Bích Vân","3","Tập 538 (3)","https://drive.google.com/open?id=1dOkdXEFgnBQex6npKt8NB0SuQZkYnTc8","","","","","","","",""
"17/09/2024 14:57:51","ptnnga@ctump.edu.vn","Tạp chí Y học Việt Nam","1859-1868","1 điểm","05/01/2024","SỰ ĐỀ KHÁNG KHÁNG SINH VÀ SỰ HIỆN DIỆN CỦA CTX-M-1 Ở  VI KHUẨN ESCHERICHIA COLI ĐƯỢC PHÂN LẬP  TẠI BỆNH VIỆN ĐA KHOA THÀNH PHỐ CẦN THƠ","""Nguyễn Nhựt Thắng, Trương Thị Bích Vân, Lê Trung Sơn, Nguyễn Hồng Hà , Phạm Thị Ngọc Nga*""","Phạm Thị Ngọc NGa","5","Tập 538 (3)","https://drive.google.com/open?id=17cbfBnNtKd4lA7wQb6Wc3Oi_W5KrXTg_","","","","","","","",""
"17/09/2024 14:59:55","ptnnga@ctump.edu.vn","Tạp chí Y học Việt Nam","1859-1868","1 điểm","06/01/2024","""ĐẶC ĐIỂM LÂM SÀNG, CẬN LÂM SÀNG CỦA BỆNH NHÂN NHỒI MÁU CƠ TIM  CẤP TẠI BỆNH VIỆN ĐA KHOA TRUNG ƯƠNG CẦN THƠ NĂM 2022 - 2024""","Ong Văn Phát, Phạm Thanh Phong, Phạm Thị Ngọc Nga*","Phạm Thị Ngọc Nga","3","Tập 539 (2) ","https://drive.google.com/open?id=1aArrcsUtpCkITocOd5qZdvVC7aJ9U0P_","","","","","","","",""
"17/09/2024 15:35:29","pkhue@ctump.edu.vn","Tạp chí Dinh dưỡng","1859 - 0381","0.25 điểm","28/08/2024","ỨNG DỤNG mHEALTH TRONG THEO DÕI, QUẢN LÝ DINH DƯỠNG VÀ SỨC KHỎE: GIẢI PHÁP VÀ THÁCH THỨC","Phan Kim Huệ, Trần Thanh Dương, Hoàng Thị Đức Ngàn, Hoàng Thị Thảo Nghiên, Lê Danh Tuyên, Bùi Thị Thảo Yến, Phùng Ngọc Hải","Phan Kim Huệ","7","Tập 20, số 4, năm 2024","https://drive.google.com/open?id=1Tdnpd2OzqRngyvPALaK4hf8kYTRulOSy","","","","","","","",""
"17/09/2024 15:40:47","pkhue@ctump.edu.vn","Tạp chí Dinh dưỡng & Thực phẩm","1859-0381","0.25 điểm","28/08/2024","BÀI HỌC KINH NGHIỆM TRONG XÂY DỰNG VÀ VẬN HÀNH HỆ THỐNG TƯ VẤN DINH DƯỠNG THÔNG MINH TẠI VIỆT NAM","Lê Danh Tuyên, Hoàng Thị Đức Ngàn, Trần Thanh Dương, Hoàng Thị Thảo Nghiên, Nguyễn Thanh Tùng, Phan Kim Huệ, Phùng Ngọc Hải","Hoàng Thị Đức Ngàn","7","Tập 20, số 4","https://drive.google.com/open?id=1ydwg0ZxFu7GUQeOt8weOxKr07UGOJeAL","","","","","","","",""
"17/09/2024 22:16:33","khnhan@ctump.edu.vn","Tạp chí y học Việt Nam","ISSN: 1859-1868","1 điểm","22/07/2024","ĐẶC ĐIỂM LÂM SÀNG, HÌNH ẢNH NỘI SOI VÀ MỘT SỐ YẾU TỐ LIÊN QUAN TỔN THƯƠNG DẠ DÀY TÁ TRÀNG TRÊN BỆNH NHÂN DÙNG THUỐC KHÁNG VIÊM KHÔNG STEROID","Mả Trúc Sơn, Kha Hữu Nhân, Nguyễn Thị Quỳnh Mai","Mã Trúc Sơn","3","Tập 540, số 3, trang 229-233","https://drive.google.com/open?id=1Yun87VTBRlI6-Kalqt4kCUaciAzvfPbR","","","","","","","",""
"17/09/2024 22:30:41","khnhan@ctump.edu.vn","Tạp chí Y học Việt Nam","ISSN: 1859-1868","1 điểm","10/07/2024","SO SÁNH KẾT QUẢ ĐIỀU TRỊ TERLIPRESSIN VÀ OCTREOTIDE KẾT HỢP THẮT VÒNG CAO SU TRÊN BỆNH NHÂN XƠ GAN CÓ XUẤT HUYẾT TIÊU HÓA DO VỠ GIÃN TĨNH MẠCH THỰC QUẢN","Lê Huỳnh Thảo Quyên, Kha Hữu Nhân, Nguyễn Thị Diễm, Lâm Phước Thiện.","Lê Huỳnh Thảo Quyên","4","Tập 540, số 1, trang 384-388","https://drive.google.com/open?id=1jzLSXeye_KmJ7WIclr6zARAB5IFZ66mP","","","","","","","",""
"18/09/2024 16:09:38","dttvy@ctump.edu.vn","Tạp Chí Công Thương","Tạp Chí Công Thương","1 điểm","01/06/2024","Các Nhân tố ảnh hưởng đến năng suất lao động của giảng viên Trường Đại học Y Dược Cần Thơ","Dương Thị Thảo Vy, Phạm Trần Nam, Huỳnh Nguyễn Thanh Tâm, Đinh Ngọc Trường, Nguyễn Hồng Thơ","Dương Thị Thảo Vy","","182 -187 , số 14, Tạp Chí Công Thương","https://drive.google.com/open?id=1iAecTuFNjl3MXsLfvs2-j5U3I594UTS4","","","","","","","",""
"18/09/2024 16:12:54","dntruong@ctump.edu.vn","Tạp chí Công Thương","ISSN: 0866-7756","0.5 điểm","01/06/2024","Các nhân tố ảnh hưởng đến năng xuất lao động của giảng viên Trường Đại học Y Dược Cần Thơ","Dương Thị Thảo Vy, Phạm Trần Nam, Huỳnh Nguyễn Thanh Tâm, Đinh Ngọc Trường, Nguyễn Hồng Thơi","Dương Thị Thảo Vy","5","Số 14, trang 182-187","https://drive.google.com/open?id=1RKkDiAXY_uoRpjlx8rRkEKdUUzIHZGUu","","","","","","","",""
"18/09/2024 20:58:02","vhtuan@ctump.edu.vn","Tạp chí Y học Việt Nam","1859-1868","1 điểm","19/08/2024","KẾT QUẢ ĐIỀU TRỊ HOẠI TỬ VÔ KHUẨNCHỎM XƯƠNG ĐÙIBẰNG PHẪU THUẬT THAY KHỚP HÁNGTOÀN PHẦNCHUYỂN ĐỘNG ĐÔI","Nguyễn Minh Trí, Nguyễn Lê Hoan, Nguyễn Văn Hết, Nguyễn Thành Tấn","Nguyễn Minh Trí","4","Tập 541, số 2, trang 79-83","https://drive.google.com/open?id=12PWmwDW9BFPNf0bpTTUJ1Rtnjnmi8Xr3","","","","","","","",""
"18/09/2024 22:35:25","tqpho@ctump.edu.vn","TẠP CHÍ Y DƯỢC HỌC CẦN THƠ – SỐ 66/2023, ngày 3/11/2023","TẠP CHÍ Y DƯỢC HỌC CẦN THƠ – SỐ 66/2023","0.5 điểm","11/03/2023","TẠP CHÍ Y DƯỢC HỌC CẦN THƠ – SỐ 66/2023","Phan công quý, Trương Quang Phổ, Thái thị ngọc Thúy","Trương Quang Phổ ","3","số 66/2023","https://drive.google.com/open?id=1J1XfslHMVyYsH6s_dK8uekZxfYbNF35v","ngày đăng 3/11/2023","","","","","","",""
"18/09/2024 22:47:13","tqpho@ctump.edu.vn","TẠP CHÍ Y DƯỢC HỌC CẦN THƠ – SỐ 75/2024","TẠP CHÍ Y DƯỢC HỌC CẦN THƠ – SỐ 75/2024","0.75 điểm","25/06/2024","NGHIÊN CỨU TÌNH HÌNH, MỘT SỐ YẾU TỐ NGUY CƠ LOÃNG XƯƠNG Ở PHỤ NỮ TRÊN 50 TUỔI THỪA CÂN, BÉO PHÌ TẠI BỆNH VIỆN ĐA KHOA TRUNG ƯƠNG CẦN THƠ VÀ BỆNH VIỆN TRƯỜNG ĐẠI HỌC Y DƯỢC CẦN THƠ NĂM 2022-2024","Nguyễn Ngọc Thúy Vy, Trương Quang Phổ","Trương Quang Phổ","2","số 75, trang 212","https://drive.google.com/open?id=15X7faRbiBDBgb7NwZlxJrI1X26COR5m2","chưa được đưa lên tính điểm phân loại viên chức ","","","","","","",""
"18/09/2024 23:15:58","tqpho@ctump.edu.vn","Tổng hội Y học Việt NamTạp chí Y học Việt Nam ","Tạp chí Y học Việt Nam","1 điểm","08/06/2024","Tạp chí Y học Việt Nam","Danh Lâm Mỹ Phương; Lâm Hữu Giang; Huỳnh Văn Tính, Trương Quang Phổ ","Trương Quang Phổ ","4","Tập 543, số 3","https://drive.google.com/open?id=192Suxfe4l36wroC3Hjeq11tXhbol3MlC","Minh chứng cho quý 3/2024","","","","","","",""
"19/09/2024 10:58:03","nttrang@ctump.edu.vn","Giáo dục và xã hội","ISSN 1859 - 3917","0.75 điểm","19/06/2024","Vai trò của gia đình trong giáo dục đạo đức lối sống cho sinh viên trước tác động của nền kinh tế thị trường ở Việt Nam hiện nay","Nguyễn Thanh Trạng, Đinh Văn Phương, Trần Thị Hồng Lê","Nguyễn Thanh Trạng","3","Kỳ 1, Số 159, trang 241 - 245","https://drive.google.com/open?id=14uVpBWwVdlOUYJy2LrpUZzPRPz6dZFIT","","","","","","","",""
"19/09/2024 12:13:39","lkngan@ctump.edu.vn","Tạp chí Y học Việt Nam","1859-1868","1 điểm","19/08/2024","Đánh giá mức độ đau do siêu âm bơm nước khảo sát buồng tử cung tại Bệnh viện Phụ sản TP Cần Thơ","Hứa Ngọc Thanh Tâm, Lý Kim Ngân, Trần Văn Nam, Võ Thị Hồng Ngọc, Nguyễn Tấn Thành, Nguyễn Hạ Thi Mơ, Võ Minh Tuấn","Võ Minh Tuấn","7","Tập 541, số 2, trang 334-339","https://drive.google.com/open?id=1LU33K9St_lAj_w73VT5SJ7kbw0PKh_0k","","","","","","","",""
"22/09/2024 11:26:06","ltnhi@ctump.edu.vn","Tạp chí Y học Thành phố Hồ Chí Minh","1859-1779","1 điểm","31/08/2024","PHẪU THUẬT NỘI SOI HÀN KHỚP CỔ CHÂN TIẾP CẬN QUA LỐI TRƯỚC TRONG ĐIỀU TRỊ THOÁI HÓA KHỚP CỔ CHÂN","Lý Tuyết Nhi, Vũ Hải Nam, Nguyễn Tâm Từ, Trương Nhật Tôn, Nguyễn Thành Tấn","Nguyễn Thành Tấn","5","142-151","https://drive.google.com/open?id=1jUWTOGt3QHoh2yZ5jbObtTpwMfIvLyCR","","","","","","","",""
"20/09/2024 15:09:44","nttrang@ctump.edu.vn","Kỷ yếu Hội thảo khoa học 70 năm chiến thắng Điện Biên Phủ truyền thống và ý nghĩa giáo dục lý tưởng cách mạng cho sinh viên hiện nay","Kỷ yếu Hội thảo khoa học 70 năm chiến thắng Điện Biên Phủ truyền thống và ý nghĩa giáo dục lý tưởng cách mạng cho sinh viên hiện nay","Kỷ yếu có phản biện","05/05/2024","Chiến thắng Điện Biên Phủ năm 1954 - Bài học về giáo dục lòng yêu nước cho sinh viên hiện nay","Nguyễn Thanh Trạng, Lương Thị Hoài Thanh","Nguyễn Thanh Trạng","2","Trang 403 - 407","https://drive.google.com/open?id=1IGKYHuHKYvfaS1k6yZyy7hkl3c45ZHlm","","","","","","","",""
"20/09/2024 15:50:43","ntdkhanh@ctump.edu.vn","Kỷ yếu Hội nghị nghiên cứu khoa học toàn quốc về công tác giáo dục thể chất và thể thao trường Cao Đẳng, Đại Học năm 2023","ISBN: 978-604-965-004-8","1 điểm","25/05/2023","Nghiên cứu lựa chọn các tiêu chí đánh giá năng lục học bóng rổ cho sinh viên trường Đại học Y Dược Cần Thơ","Ths. Nguyễn Võ Tố Quyên, Ths. Trần Thanh Dũng, Ths. Phạm Hà Minh","Ths. Nguyễn Trần Đăng Khánh","4","số 89, trang 517","https://drive.google.com/open?id=1IpWPZ4HunEG4ANZznpynLXkIYWs3xHfS","","","","","","","",""
"20/09/2024 16:01:19","ntdkhanh@ctump.edu.vn","Kỷ yếu Hội nghị nghiên cứu khoa học toàn quốc về công tác giáo dục thể chất và thể thao trường Cao Đẳng, Đại Học năm 2024","ISBN: 978-604-4984-11-7","1 điểm","12/06/2024","Nghiên cứu nâng cao năng lực giảng dạy cho sinh viên ngành giáo dục thể chất trường Đại học Cần Thơ","Ths. Nguyễn Trần Đăng Khánh, Ths. Nguyễn Lâm Minh Đăng, Ths. Nguyễn Văn Thái","Ths. Nguyễn Trần Đăng Khánh","3","số 112, trang 65178uy","https://drive.google.com/open?id=1SK1jvPp4YkcSCrJXgm9yWN05dKdqtdBi","","","","","","","",""
"20/09/2024 16:07:07","ntdkhanh@ctump.edu.vn","Kỷ yếu Hội nghị nghiên cứu khoa học toàn quốc về công tác giáo dục thể chất và thể thao trường Cao Đẳng, Đại Học năm 2023","ISBN: 978-604-965-004-8","1 điểm","23/05/2023","Xây dựng tiêu chuẩn chọn nam vận động viên năng khiếu cầu lông giao đoạn huấn luyện ban đầu lứa tuổi 8-9 tại câu lạc bộ cầu lông Bình Trưng thành phố Thủ Đức, Thành phố Hồ Chí Minh","Ths. Trương Thị Tuyết Châu, Ths. Đoàn Kim Bình","Ths. Trương Thị Tuyết Châu","2","số 65, trang 379","https://drive.google.com/open?id=19iTnah1X8Ph0E2cQrjhO-02EbBqiImgI","","","","","","","",""
"20/09/2024 16:45:32","ntdkhanh@ctump.edu.vn","Tạp chí khoa học thể thao","ISSN: 1859-4662","1 điểm","26/08/2023","ĐÁNH GIÁ THỰC TRẠNG THỂ LỰC CỦA SINH VIÊN KHÓA 48 TRƯỜNG ĐẠI HỌC Y DƯỢC CẦN THƠ","ThS. Trương Thị Tuyết Châu1; ThS. Nguyễn Trần Đăng Khánh2; ThS. Ngô Phương Thảo3","ThS. Trương Thị Tuyết Châu1","3","số 54, trang ","https://drive.google.com/open?id=1sCk7gVnTbFNPfA7rOFLpK8n0EnQbOagJ, https://drive.google.com/open?id=1c-z1B3i5xAHRawdbXjE1DTYzXfkrqTXC","","","","","","","",""
"20/09/2024 17:14:09","ntdkhanh@ctump.edu.vn","Tạp chí Khoa học thể thao","ISSN: 1859-4662","0.5 điểm","26/08/2023","ĐÁNH GIÁ THỰC TRẠNG THỂ LỰC CỦA SINH VIÊN KHÓA 48 TRƯỜNG ĐẠI HỌC Y DƯỢC CẦN THƠ","ThS. Trương Thị Tuyết Châu1; ThS. Nguyễn Trần Đăng Khánh2; ThS. Ngô Phương Thảo3","ThS. Nguyễn Trần Đăng Khánh","3","số 54","https://drive.google.com/open?id=14-9-bQ2GwnVZFGjGLY70Q3QOFkIobd_s, https://drive.google.com/open?id=1J-NMEP-QFjWEt8ecblbVYw8TScuScm1s","cán bộ tham gia của bài báo","","","","","","",""
"21/09/2024 9:46:37","ptbtram@ctump.edu.vn","Tạp chí y hoc công cộng","2354 - 0613","0.75 điểm","27/05/2024","MỘT SỐ YẾU TỐ LIÊN QUAN ĐẾN SỰ LO ÂU CỦA BỆNH NHÂN FCAD ĐIỀU TRỊ MEDLO VÀ SENSIVE SERUMTẠI PHÒNG KHÁM CHUYÊN KHOA DA LIỄU FOB NĂM 2022-2023","Huỳnh Văn Bá, Huỳnh Bạch Cúc,  Nguyễn Văn Nguyên, Phạm Thị Bảo Trâm","Phạm Thị Bảo Trâm","4","Tập 65, số 4, trang 82-87","https://drive.google.com/open?id=1OE2nF6NSSXxeQxgPWpMLieKJN1fKk9UH","","","","","","","",""
"21/09/2024 9:51:33","ptbtram@ctump.edu.vn","Tạp chí y học Việt Nam","1859-1868","1 điểm","04/07/2024","NGHIÊN CỨU TỈ LỆ NHIỄM DEMODEX VÀ MỘT SỐ YÊU TỐ LIÊN QUAN TRÊN BỆNH NHÂN VIÊM DA LỆ THUỘC CORTICOID Ở MẶTTẠI BỆNH VIỆN DA LIỄU CẦN THƠ NĂM 2023","Phạm Thị Bảo Trâm, Khuất Thị Tú Anh,Nguyễn Thị Minh Ngọc, Phạm ThanhThảo","Phạm Thị Bảo Trâm","4","Tập 50, trang 357-361","https://drive.google.com/open?id=14BNjC-aaBUF-vNt96EymJ7uSU_MDa2dH","","","","","","","",""
"21/09/2024 9:56:03","ptbtram@ctump.edu.vn","Tạp chí y học cộng đồng","2354 - 0613","0.75 điểm","28/08/2024","THỰCTRẠNG CÁCBỆNH VỀDA ỞQUẦN ĐẢO NAM DU, TỈNH KIÊN GIANG, NĂM2023","Huỳnh Văn Bá, Huỳnh Văn Tùng,Nguyễn Văn Nguyên,Huỳnh ThịNga, Huỳnh Bạch Cúc,Phạm ThịBảo Trâm,Huỳnh Anh Đà, Nguyễn Huỳnh Ngân, Trần TốLoan, Nguyễn Hoàng Thiên Thư, Nguyễn QuỳnhTrúc","Nguyễn Quỳnh Trúc","11","tập 65, số 5, trang 170-177","https://drive.google.com/open?id=1F0vrmVy0MF8U0IfTej0ICjTXqoZ6Qv2F","","","","","","","",""
"21/09/2024 10:08:38","ltmngoc@ctump.edu.vn","Tạp chí Y học Việt Nam","ISSN: 1859-1868","1 điểm","18/07/2024","Thái độ và các yếu tố liên quan của người dân thành phố Cần Thơ về sử dụng kháng sinh","Lê Thị Minh Ngọc, Đặng Duy Khánh","Đặng Duy Khánh","2","Tập 541, số 1, trang 157-161","https://drive.google.com/open?id=1CesQuYH6NWwh2jL_Z90i9dHdCKSGrI4m","","","","","","","",""
"21/09/2024 10:17:47","ptbtram@ctump.edu.vn","Tạp chí Y học Việt Nam","1859-1868","1 điểm","03/07/2024","ĐÁNH GIÁ KẾT QUẢ ĐIỀU TRỊ TẠI CHỖ BỆNH VẢY NẾN MẢNGBẰNG E-PSORA CREAM (PHA, JOJOBA OIL, VITAMIN E)TẠI BỆNH VIỆN DA LIỄU CẦN THƠ VÀ VIỆN NGHIÊN CỨU DATHẨM MỸ QUỐC TẾ FOB NĂM 2022-2023","Nguyễn Minh Đấu, TrầnGia Hưng, Huỳnh Văn Bá","Huỳnh Văn Bá","3","Tập 540, số 3, trang 349-352","https://drive.google.com/open?id=1DekDDSp8-j_3jGZg7mZUSjryFBeS2_g9","","","","","","","",""
"21/09/2024 10:41:44","ptbtram@ctump.edu.vn","tạp chí y học cộng đồng","2354 - 0613","0.75 điểm","25/05/2024","KẾT QUẢĐIỀU TRỊ VÀ SỰ HÀI LÒNG CỦA BỆNH NHÂN  MỤN TRỨNG CÁ BẰNG QUY TRÌNH PHỐI HỢP LASER CO2  VÀ FOB 10 LOTION TẠI PHÒNG KHÁM DA LIỄU FOB NĂM 2022-2023","Phạm Thị Bảo Trâm, Huỳnh Bạch Cúc,  Nguyễn Văn Nguyên, Huỳnh Văn Bá","Huỳnh Văn Bá","4","tập 65, số 4, trang 88-94","https://drive.google.com/open?id=1tUqx33U_tEVTiWS7_xMLUg1gkWnCKx4U","","","","","","","",""
"21/09/2024 12:41:35","nlmdang@ctump.edu.vn","Kỷ yếu Hội nghị nghiên cứu Khoa học toàn quốc về công tác GDTC và thể thao trường Cao đẳng, Đại học năm 2024","ISBN: 978-604-4984-11-7","1 điểm","05/02/2024","Nghiên cứu nâng cao năng lực giảng dạy cho sinh viên ngành giáo dục thể chất trường Đại học Cần Thơ","Nguyễn Trần Đăng Khánh, Nguyễn Lâm Minh Đăng, Nguyễn Văn Thái","Nguyễn Trần Đăng Khánh","3","Trang 651 - 658","https://drive.google.com/open?id=14vsVt5-J8PVldpKkPbhV2qvWGRggJzGU","","","","","","","",""
"21/09/2024 19:13:32","lqvinh@ctump.edu.vn","Tạp chí Y học Việt Nam","1859-1868","1 điểm","27/08/2024","Đặc điểm của lưu huyết não trên bệnh nhân cao tuổi tăng huyết áp có chứng huyễn vựng","Lâm Quang Vinh, Lê Minh Hoàng, Đặng Tiến Đăng Khoa, Trần Thừa Nguyên, Đoàn Văn Minh","Đoàn Văn Minh","5","Tập 524, số 2, trang 353-356","https://drive.google.com/open?id=1w25XJnlaFk3AaU5vWuyReAcqdoUv23Qq","","","","","","","",""
"21/09/2024 22:09:39","ntdiem@ctump.edu.vn","Tạp chí y học Việt Nam","1859-1868","1 điểm","07/01/2024","SO SÁNH KẾT QUẢ ĐIỀU TRỊ TERLIPRESSIN VÀ OCTREOTIDE  KẾT HỢP THẮT VÒNG CAO SU TRÊN BỆNH NHÂN XƠ GAN  CÓ XUẤT HUYẾT TIÊU HÓA DO VỠ GIÃN TĨNH MẠCH THỰC QUẢN","Lê Huỳnh Thảo Quyên, Kha Hữu Nhân,  Nguyễn Thị Diễm, Lâm Phước Thiện","Lê Huỳnh Thảo Quyên","","tập 1, trang 384-388","https://drive.google.com/open?id=10xKKTc2a2KEVm4Ew1AMTBEMM61W61QjL","","","","","","","",""
"22/09/2024 10:01:55","ntanhung@ctump.edu.vn","Tạp chí Y học Việt Nam","1859-1868","1 điểm","08/08/2024","NGHIÊN CỨU ĐẶC ĐIỂM SỬ DỤNG KHÁNG SINH DỰ PHÒNG TRONG PHẪU THUẬT SẢN PHỤ KHOA TẠI MỘT BỆNH VIỆN Ở THÀNH PHỐ CẦN THƠ NĂM 2023-2024","Lê Thị Thanh Vân1, Dương Xuân Chữ, Phan Vinh Nghi, Lâm Đức Tâm","Lâm Đức Tâm","4","Tập 541 số 1, trang 324-328","https://drive.google.com/open?id=1923PGe4iLawJCRiZk0K07491naxzC-vC","","","","","","","",""
"22/09/2024 10:07:42","ntanhung@ctump.edu.vn","Tạp chí Y học Việt Nam","1859-1868","1 điểm","10/06/2024","ĐẶC ĐIỂM LÂM SÀNG, CẬN LÂM SÀNG VÀ KẾT QUẢ XỬ TRÍ SẢN KHOA Ở THAI PHỤ TIỀN SẢN GIẬT TẠI BỆNH VIỆN ĐA KHOA SA ĐÉC","Chung Thị Mỹ Nhung, Trần Quang Hiển, Lâm Đức Tâm","Lâm Đức Tâm","3","tập 539, số 2, trang 47-51","https://drive.google.com/open?id=1U6dF6z5hrYWjiJHs-F2YMTqn1RmPpxeA","","","","","","","",""
"22/09/2024 14:18:35","tthcua@ctump.edu.vn","Tạp chí tim mạch học Việt Nam","ISSN: 1859-2848","1 điểm","01/05/2024","Tổn thương cơ quan đích ở bệnh nhân tăng huyết áp khó kiểm soát điều trị nội viện tại Cần Thơ","Huỳnh Thị Ngọc Giàu, Trần Viết An, Trịnh Thị Hồng Của, Huỳnh Tuấn An, Bùi Thế Dũng","Huỳnh Thị Ngọc Giàu","5","Số 109, trang 30-33","https://drive.google.com/open?id=1VI6XjKda7nN--Ponm8hxg33g-oNpB4Rm","","","","","","","",""
"22/09/2024 15:51:56","ddkhanh@ctump.edu.vn","Tạp chí Khoa học Trường Đại học Quốc tế Hồng Bàng","2615 - 9686","Không biết","01/01/2024","Đánh giá thang đo ý định mua thực phẩm bảo vệ sức khỏe của người Ɵêu dùng trên địa bàn tỉnh Vĩnh Long năm 2022-2023","Lê Mỹ Phụng1, Võ Thị Mỹ Hương2, Nguyễn Phục Hưng2*, Phạm Thành Suôi2, Phan Thị Vân2 và Trương Kiều My","Nguyễn Phục Hưng","6","Số 27 - 1/2024: 1-10","https://drive.google.com/open?id=10ApReYjrfridEHYNFHjlsAzAZ04xALL7","","","","","","","",""
"22/09/2024 15:54:36","ddkhanh@ctump.edu.vn","Tạp Chí Y học Việt Nam","1859-1868","1 điểm","01/08/2024","ĐÁNH GIÁ KẾT QUẢ BƯỚC ĐẦU TRIỂN KHAI GIÁM SÁT NỒNG ĐỘ THUỐC ĐỂ TỐI ƯU HÓA LIỀU VANCOMYCIN Ở NGƯỜI TRƯỞNG THÀNH TẠI BỆNH VIỆN TRƯỜNG ĐẠI HỌC Y DƯỢC CẦN THƠ NĂM 2023 - 2024","Nguyễn Thiên Vũ1, Phạm Thành Suôl1,2, Võ Phạm Minh Thư1,2, Nguyễn Lê Hoan1,2, Vũ Đình Hòa3, Trần Yên Hảo2, Đặng Thị Kim Tuyền2","Nguyễn Thiên Vũ","7","tập 1, 336-341","https://drive.google.com/open?id=15ULZf14S4-B-eHowNdwT4mQ8bGGCpJ56","","","","","","","",""
"22/09/2024 15:56:21","ddkhanh@ctump.edu.vn","Tạp chí Y dược học Quân sự","1859 - 0748","Không biết","27/03/2024","KIẾN THỨC, THÁI ĐỘ CỦA NGƯỜI BÁN THUỐC VỀ THUỐC TRÁNH THAI KHẨN CẤP VÀ MỘT SỐ YẾU TỐ LIÊN QUAN TẠI CÁC CƠ SỞ BÁN LẺ THUỐC TRÊN ĐỊA BÀN THÀNH PHỐ CẦN THƠ NĂM 2023 - 2024","Triệu Thị Ngân Trâm1, Nguyễn Phục Hưng2* Phạm Thành Suôl2, Lê Thị Thanh Thảo","Nguyễn Phục Hưng","4","số 5, 66-76","https://drive.google.com/open?id=1rjppA5OXm5awdDKqTHpOtB6j5Zta7HFN","","","","","","","",""
"22/09/2024 15:58:04","pmquan@ctump.edu.vn","Tạp chí Y học Việt Nam","1859-1868","1 điểm","07/09/2024","Đặc điểm lâm sàng, cận lâm sàng và một sô tác nhân vi khuẩn viêm phổi liên quan thở máy trên trẻ từ 2 tháng đến 15 tuổi tại Khoa Hồi sức tích cực và Chống độc Bệnh viện Nhi đồng Cần Thơ","Võ Minh Châu, Phạm Minh Quân, Bùi Quang Nghĩa, Tạ Văn Trầm","Võ minh Châu","4","Tập 541, số 3, trang 239 - 243","https://drive.google.com/open?id=1VnAjbopXR0Cpo6G8ki1tjqN61BpCW40F","","","","","","","",""
"22/09/2024 20:27:28","lctru@ctump.edu.vn","Tạp chí Y học Việt Nam","1859-1868","1 điểm","09/09/2024","KHẢO SÁT ĐẶC TÍNH CỦA MẪU BỆNH PHẨM THÔNG QUA CÁC CHỈ SỐ HUYẾT THANH TẠI BỆNH VIỆN TRƯỜNG ĐẠI HỌC Y DƯỢC CẦN THƠ","Trần Thị Thu Thảo, Phan Minh Tài, Nguyễn Như Ngân,  Nguyễn Thị Bảo Trâm ,Phan Thị Quế Chân, Lê Công Trứ","Lê Công Trứ","6","543, 1","https://drive.google.com/open?id=1RA1LO6R8If8nldEwfB3sFwhq5QNFZ05n","","","","","","","",""
"22/09/2024 20:31:01","lctru@ctump.edu.vn","Tạp chí Y học Việt Nam","1859-1868","1 điểm","16/09/2024","NGHIÊN CỨU NỒNG ĐỘ NON-HDL-CHOLESTEROL VÀ MỘT SỐ YẾU TỐ LIÊN QUAN Ở BỆNH NHÂN ĐÁI THÁO ĐƯỜNG TYPE 2 TẠI BỆNH VIỆN TRƯỜNG ĐẠI HỌC Y DƯỢC CẦN THƠ","Nguyễn Thị Thùy Trang, Lê Thị Lan Anh, Dương Lê Đăng Khoa, Lạc Minh Thư, Trương Thị Huỳnh Trân, Trần Đỗ Hùng, Lê Công Trứ, Trần Thị Thu Thảo","Trần Thị Thu Thảo","8","Tập 544, số 2","https://drive.google.com/open?id=1VHuOCB9n1bWeXX9gUqNoskYyYXdV8ge7","","","","","","","",""
"22/09/2024 20:48:08","lcnhan@ctump.edu.vn","70 năm Chiến thắng Điện Biên Phủ - Giá trị lịch sử và bài học cho công tác giáo dục quốc phòng và an ninh hiện nay","Kỷ yếu","Kỷ yếu có phản biện","24/04/2024","Chiến thắng Điện Biên Phủ và bài học lịch sử cho công tác giáo dục chính trị tư tưởng, đấu tranh phản bác các quan điểm sai trái của các thế lực thù địch cho chiến sĩ nghĩa vụ","Lê Chí Nhân, Trương Bảo Trúc, Nguyễn Văn Thuận","Lê Chí Nhân","3","trang 402-411","https://drive.google.com/open?id=1EGNj7MACNqmcdaKUL4yY3wqZyUCiFREv","","","","","","","",""
"22/09/2024 20:56:21","lcnhan@ctump.edu.vn","70 năm Chiến thắng Điện Biên Phủ - Truyền thống và ý nghĩa giáo dục lý tưởng cách mạng cho sinh viên Việt Nam","Kỷ yếu","Kỷ yếu có phản biện","22/04/2024","Chiến thắng Điện Biên Phủ và sứ mệnh, trách nhiệm kế thừa của thế hệ cách mạng đời sau trước những cống hiến, hy sinh của thế hệ tiền bối","Lê Chí Nhân, Trương Bảo Trúc","Lê Chí Nhân","","trang 360-368","https://drive.google.com/open?id=1f6tpRG9KGsWRSUZ0f6BvWHS_NBSbdOkF","","","","","","","",""
"22/09/2024 23:38:57","qvtphat@ctump.edu.vn","Tạp chí Y học Việt Nam","1859-1868","1 điểm","29/06/2024","Kết quả điều trị sỏi thận bằng phương pháp nội soi ngược dòng tán sỏi bằng ống soi mềm","Quách Võ Tấn Phát, Trần Huỳnh Tuấn, Nguyễn Trung Hiếu, Lê Quang Trung, Lê Thanh Bình","Quách Võ Tấn Phát","5","Tập 539 Số Chuyên đề (2024), trang 210 - 216","https://drive.google.com/open?id=1wyceg1J8whmA8FViR3QF2lc6nAneVG3d, https://drive.google.com/open?id=1REV2TvBp2ny7j-uPAh9omlJ0r7_W0OgH","","","","","","","",""
"23/09/2024 8:08:53","htmduyen@ctump.edu.vn","TNU Journal of Science and Technology","1859-2171, 2374-9098; e-ISSN 2615-9562","0.75 điểm","30/07/2024","Nghiên cứu bào chế viên nén nổi clarithromycin 500 mg","Huỳnh Thị Mỹ Duyên, Lê Thị Minh Ngọc","Huỳnh Thị Mỹ Duyên","2","229 (09), 29-35","https://drive.google.com/open?id=10eqTA4UzNV81ahRkWP366NfSU190LrPQ","","","","","","","",""
"23/09/2024 8:11:01","htmduyen@ctump.edu.vn","Tạp chí Khoa học Trường Đại học Quốc tế Hồng Bàng","2615-9686","0.25 điểm","30/07/2024","Đánh giá một số đặc tính của màng lọc hướng đến khả năng tái sử dụng khẩu trang N95","Lê Thị Minh Ngọc, Lê Hữu Phước, Trần Thị Như Lê và Huỳnh Thị Mỹ Duyên","Huỳnh Thị Mỹ Duyên","4","27(1), 29-36","https://drive.google.com/open?id=1e0R1YMZ53TouL_bVPKNphUfQeW0UwerZ","","","","","","","",""
"23/09/2024 8:14:26","htmduyen@ctump.edu.vn","Journal of Medicinal Materials","1859-4735","1 điểm","23/07/2024","Evaluation of the Skin Irritation and Anti-Inflammatory Activity of a Gel Containing Perilla frutescens Extract and Glycyrrhiza uralensis Extract","Huynh Thi My Duyen, Le Thi Minh Ngoc, Tran Thi Mong Tuyen, Duong Tuyet Ngan, Pham Thi Ngoc Linh, Nguyen Nhu Huynh, Nguyen Nhu Y, Mai Le Gia Ngan, Nguyen Ngoc Nguyen Trang, Lam Vi Trang","Huỳnh Thị Mỹ Duyên","10","10, 7, 84-93 ","https://drive.google.com/open?id=1tDXVW0ufp8dsczXy0-g-DEBCNFWimsGL","","","","","","","",""
"23/09/2024 9:51:17","tthcua@ctump.edu.vn","Tạp chí Y hoc Việt Nam","ISSN: 1859-1868","1 điểm","01/09/2024","Đột biến mất đoạn gen LMP1-EBV dấu hiệu cho phát sinh ung thư vòm mũi họng","Trịnh Thị Hồng Của, Trần Ngọc Dung, Nguyễn Trung Kiên, Phan Thị Phi Phi, Võ Văn Kha, Nguyễn Trịnh Gia Minh, Nguyễn Trần Phương Vy","Trịnh Thị Hồng Của","6","Tập 542, số chuyên đề, trang 29-35","https://drive.google.com/open?id=1fHKietPvludvusqHzjLEZnmc9v_yTGYw","","","","","","","",""
"24/09/2024 16:25:14","lqtrung@ctump.edu.vn","Tạp chí Y Dược Huế","3030-4318","1 điểm","23/08/2024","Kết quả điều trị 75 trường hợp sỏi thận bằng phẫu thuật lấy sỏi thận qua da đường hầm nhỏ tư thế nằm nghiêng dưới hướng dẫn siêu âm kết hợp C-arm tại Bệnh viện Trường Đại Học Y Dược Cần Thơ","Lê Quang Trung, Đàm Văn Cương, Trần Huỳnh Tuấn, Nguyễn Trung Hiếu, Quách Võ Tấn Phát, Nguyễn Việt Thu Trang","Lê Quang Trung","","Số đặc biệt cho Hội nghị Tiết niệu - Thận Học 8/2024, trang 71-75","https://drive.google.com/open?id=1wTwcr-C2xyneGxPa9tAN8rrjDdvBxu_1","","","","","","","",""
"28/09/2024 11:10:03","ndtoan@ctump.edu.vn","Tạp chí Y Dược Huế","3030-4318","1 điểm","20/08/2024","Giá trị của các công thức ước đoán độ lọc cầu thận trên người hiến thận tiềm năng","Diệp Thắng, Trần Thái Thanh Tâm, Hoàng Khắc Chuẩn3, Thái Minh Sâm","Trần Thái Thanh Tâm","4","số đặc biệt , trang 566-572","https://drive.google.com/open?id=1VblSJ1GRSaKXI6eguVbDsilCkJ0-3p4v","","","","","","","",""
"28/09/2024 22:16:30","tyhao@ctump.edu.vn","Tạp chí Y Học Việt Nam","1859-1868","0.75 điểm","07/08/2024","Đánh giá kết quả bước đầu triển khai giám sát nồng độ thuốc để tối ưu hóa liều vancomycin ở người trưởng thành tại Bệnh viện trường Đại học Y Dược Cần Thơ năm 2023 - 2024","Nguyễn Thiên Vũ, Pham Thành Suôl, Võ Phạm Minh Thư, Nguyễn Lê Hoan, Vũ Đình Hòa, Trần Yên Hảo, Đặng Thị Kim Tuyền","Nguyễn Thiên Vũ","7","Tập 541, số 1, trang 336-341","https://drive.google.com/open?id=1PzECRlZNbs7HVJz183uEiW4ud8hrTJXY","","","","","","","",""
"02/10/2024 11:16:17","nckh@ctump.edu.vn","TẠP CHÍ GIÁO CHỨC VIỆT NAM","1859-2902","0.5 điểm","05/07/2024","Thực trạng công tác giáo dục chính trị tư tưởng cho đoàn viên, sinh viên và một số yếu tố liên quan tại Trường Đại học Y Dược Cần Thơ năm 2023","Lê Thành Tài, Huỳnh Văn Trương, Phạm Trần Nam, Trần Thị Thanh Hương, Nguyễn Thanh Hải","Lê Thành Tài","5","Số 208, trang 71-75","https://drive.google.com/open?id=11kS-blpn_bgTfjEZJkwZmI8TDRmnXNMd","","","","","","","",""
"02/10/2024 11:24:40","nckh@ctump.edu.vn","Tạp chí Y học Việt Nam","1859-1868","1 điểm","30/09/2024","VAI TRÒ CỦA PHƯƠNG PHÁP LỌC MÁU HDF ONLINE TRONG KẾT QUẢ ĐIỀU TRỊ THIẾU MÁU Ở BỆNH NHÂN BỆNH THẬN MẠN GIAI ĐOẠN CUỐI LỌC MÁU CHU KỲ KÉM ĐÁP ỨNG VỚI ĐIỀU TRỊ THIẾU MÁU","Nguyễn Như Nghĩa, Trần Thái Thanh Tâm, Nguyễn Thị Diễm Thúy, Nguyễn Thế Bảo","Nguyễn Như Nghĩa","4","Tập 542 Số 3 (2024)","https://drive.google.com/open?id=1OMKk-qDemTHgs2_qJeRIJnvQMGpmrzoD","","","","","","","",""
"04/10/2024 9:21:14","ttnghia@ctump.edu.vn","Tạp chí Y học Việt Nam","1859-1868","1 điểm","12/09/2024","EPSTEIN-BARR VIRUS TRONG MÔ U LYMPHO HODGKIN ĐƯỢC ĐIỀU HÒA BỞI BIẾN THỂ RS1049174 TRÊN GEN NKG2D","Lê Hạ Long Hải, Tạ Văn Thạo, Hồ Ánh Sáng, Nguyễn Văn An, Vũ Thị Hà, Trần Tín Nghĩa, Pham Phương Thảo, Nguyễn Hoàng Việt","Nguyễn Hoàng Việt","8","542(1),82-85","https://drive.google.com/open?id=14K2jyLY0QNmSxYruXZGtpobSTyi5LmKH","","","","","","","",""
"12/11/2024 15:52:14","nthithuytrang@ctump.edu.vn","Tạp chí Y học Việt Nam"," ISSN: 1859-1868","1 điểm","29/10/2024","ĐẶC ĐIỂM LÂM SÀNG VÀ KẾT QUẢ ĐIỀU TRỊ TẠI CHỖ VẢY NẾN MẢNG BẰNG CALCIPOTRIOL KẾT HỢP VỚI BETAMETHASONE","Lạc Thị Kim Ngân, Cao Thảo Hiền, Nguyễn Thị Thùy Trang, Huỳnh Văn Bá","Lạc Thị Kim Ngân,","4","Tập 543, số 3, trang 365-368","https://drive.google.com/open?id=1LUV0RI4lnXpizgrTneJfUTF78o9Mw1ea","","","","","","","",""
"17/11/2024 22:31:50","ltkngan@ctump.edu.vn","Tạp chí Y học Việt Nam","1859-1868","1 điểm","29/10/2024","ĐẶC ĐIỂM LÂM SÀNG VÀ KẾT QUẢ ĐIỀU TRỊ TẠI CHỖ VẢY NẾN MẢNG BẰNG CALCIPOTRIOL KẾT HỢP VỚI BETAMETHASONE","Lạc Thị Kim Ngân, Cao Thảo Hiền, Nguyễn Thị Thùy Trang, Huỳnh Văn Bá","Lạc Thị Kim Ngân","4","Tập 543, số 3, trang 365-369","https://drive.google.com/open?id=1VJUO4lJk9mBOuaRne9ItDYt_nwpUU4HA","","","","","","","",""
"18/11/2024 4:23:05","tthongnhung@ctump.edu.vn","Tạp chí Y Dược Huế","1859-3836","1 điểm","25/12/2023","Nghiên cứu một số đặc điểm gãy xương đốt sống không triệu chứng mới mắc và các yếu tố liên quan ở người Việt Nam trên 50 tuổi","Nguyễn Thái Hoà, Phù Trí Nghĩa , Thái Thị Hồng Nhung , Nguyễn Thuý Quyên  , Nguyễn Thế Bảo , Hồ Phạm Thục Lan , Võ Tam","Võ Tam","7","Số 7, tập 13, trang 155-160","https://drive.google.com/open?id=1fUgD4iCNICdeQHmbZgn73Bofhgt9eaHu","","","","","","","",""
"18/11/2024 4:28:57","tthongnhung@ctump.edu.vn","Tạp chí Y Dược Huế","1859-3836","1 điểm","25/09/2023","Nghiên cứu tỷ lệ mang gene cagE của vi khuẩn Helicobacter pylori và mối liên quan với bệnh lý dạ dày - tá tràng","Thái Thị Hồng Nhung, Nguyễn Thái Hòa , Nguyễn Thị Mai Ngân  , Hà Thị Minh Thi1","Hà Thị Minh Thi","4","Số 5, tập 13, trang 14-19","https://drive.google.com/open?id=1nXJP5Jsbg9eL9p9dlWRQWcNMEKNYQmHU","","","","","","","",""
"04/12/2024 11:19:58","nvtuan@ctump.edu.vn","Tạp chí Khoa học Điều dưỡng","2615-9589","0.25 điểm","15/11/2024","Kiến thức và thái độ về phòng ngừa chuẩn của sinh viên hộ sinh  Trường Đại học Y dược Cần Thơ","Nguyễn Lê Khả Ái, Nguyễn Văn Tuấn, Nguyễn Thị Kim Tường, Nguyễn Quang Huy, Trần Như Ngọc, Nguyễn Thị Thanh Mai, Trần Thị Minh Thi, Lê Thanh Hà","Nguyễn Văn Tuấn","8","Tập 7, số 3, trang 70-76","https://drive.google.com/open?id=1LGMId0ZPu9WbWUt2JcKWMncR62lF0yvX","","","","","","","",""
"04/12/2024 11:27:16","nvtuan@ctump.edu.vn","Tạp chí Khoa học Điều dưỡng","2615-9589","0.25 điểm","27/11/2024","Kiến thức và thực hành về sử dụng bình hít định liều của người bệnh COPD tại Bệnh viện Đa khoa tỉnh Tuyên Quang năm 2024","Lê Mỹ Duyên, Hồ Phương Thúy, Nguyễn Thị Dung, Mai Thị Hương, Nguyễn Văn Tuấn, Lê Thanh Hà","Lê Mỹ Duyên","6","Tập 7, số 6, trang 115-123","https://drive.google.com/open?id=1Ivxn82L4o9ARx93vWeJnNl73kdecqgbu","","","","","","","",""
"06/12/2024 21:43:56","ttlnguyen@ctump.edu.vn","Tạp chí Truyền nhiễm Việt Nam","ISSN: 0866 - 7829","1 điểm","12/11/2024","NGHIÊN CỨU ĐẶC ĐIỂM VÀ MỨC ĐỘ TỔN THƯƠNG TẾ BÀO GAN Ở BỆNH NHÂN SỐT XUẤT HUYẾT DENGUE NGƯỜI LỚN TẠI BỆNH VIỆN ĐA KHOA HOÀN MỸ CỬU LONG NĂM 2023","Ngô Văn Út, Nguyễn Thị Thu Thảo, Thạch Trần Hiếu, Huỳnh Anh Tuấn, Trương Thái Lam Nguyên,","Trương Thái Lam Nguyên","5","Tập 3, số 47, trang 89-95","https://drive.google.com/open?id=1PbyOQWD1T5JstpSmlRy--ixP9a4jVfiv","","","","","","","",""
"08/12/2024 22:50:28","dhthanh@ctump.edu.vn","Tạp chí Y học Việt Nam","1859-1868","1 điểm","18/11/2024","MỘT SỐ YẾU TỐ LIÊN QUAN ĐẾN CHẤT LƯỢNG CUỘC SỐNG SỨC KHỎE THỂ CHẤT CỦA BỆNH NHÂN ĐỒNG MẮC TĂNG HUYẾT ÁP VÀ ĐÁI THÁO ĐƯỜNG TÍP 2  ĐIỀU TRỊ NGOẠI TRÚ TẠI BỆNH VIỆN TIM MẠCH THÀNH PHỐ CẦN THƠ","Dương Hoàng Thành, Nguyễn Phương Hoa","Dương Hoàng Thành","2","Tập 544, tháng 11, số 1, trang 124-128","https://drive.google.com/open?id=1waR_TIrUJGUqvNTUbsOzJ0U5gL-Vza4V","","","","","","","",""
"09/12/2024 15:06:06","nvttrang@ctump.edu.vn","Tạp chí Y học Việt Nam","1859-1868","1 điểm","01/08/2024","Một số đặc điểm lâm sàng, cận lâm sàng và  kết quả điều trị viêm phổi liên quan thở máy do Acinetobacter baumanii đa kháng tại bệnh viện đa khoa Bạc Liêu năm 2023-2024","Trương Văn Phục, Võ Minh Phương, Lê Hữu Tính, Nguyễn Việt Thu Trang","Trương Văn Phục","4","Tập 541, số 1, trang 283-287","https://drive.google.com/open?id=1WpYed3hcgACtlpS7-KJfQUev4YrOslbC, https://drive.google.com/open?id=1F0dS_ffwfQ1xFIVzKRIsINj95YMxtB9-, https://drive.google.com/open?id=1VJrikYYjiOCmMUTzOXzvbPtYHK31KV2S","Bài báo đăng tháng 8/2024 nhưng em chưa được tính điểm quý III (tháng 7, 8, 9)/2024 do em nhập lên link sau ngày 22/9/2024. Do đó, Quý IV/2024 em mới bắt đầu được tính điểm quý đầu tiên cho bài báo này.","","","","","","",""
"09/12/2024 15:08:08","clbinh@ctump.edu.vn","Thiết bị Giáo dục","ISSN: 1859-0810","1 điểm","20/06/2024","Thực trạng quản lý hoạt động tự học của sinh viên Trường Đại học Y Dược Cần Thơ","Cao Lương Bình, Phan Huy Hùng, Cốm Minh Tiến, Phan Thị Ánh Nguyệt","Cao Lương Bình","4","Số 315, kỳ 2, tháng 6, năm 2024, trang 395-397","https://drive.google.com/open?id=1rJSSVrgQRKUFYZYdcWxpfaz7CtBusioo","Chưa được tính điểm ở các quý trước","","","","","","",""
"09/12/2024 15:14:17","clbinh@ctump.edu.vn","Giáo chức Việt Nam"," ISSN: 1859-2902","1 điểm","30/08/2024","Biện pháp quản lý hoạt động tự học của sinh viên Trường Đại học Y Dược Cần Thơ","Cao Lương Bình, Phan Huy Hùng, Cốm Minh Tiến, Lê Minh Nhân","Cao Lương Bình","4","Số 208, tháng 8, năm 2024, trang 76-79","https://drive.google.com/open?id=1GmiYtQ-m98teDs2yXZNCHhqpsmeqBkX4","Chưa tính điểm ở các quý trước.","","","","","","",""
"09/12/2024 22:44:56","hkhieu@ctump.edu.vn","Tạp chí Y học Việt Nam","1859-1868","1 điểm","12/11/2024","NHIỄM TRÙNG VẾT MỔ SAU PHẪU THUẬT SẠCH CHẤN THƯƠNG CHỈNH HÌNH TẠI BỆNH VIỆN ĐA KHOA TRUNG ƯƠNG CẦN THƠ","Huỳnh Thống Em, Nguyễn Hoàng Duy Tiến, Huỳnh Văn Thế, Huỳnh Kim Hiệu","Huỳnh Kim Hiệu","4","Tập 544 Số 3 (2024)","https://drive.google.com/open?id=1rewVdR3bes4mRhPNlAQCyYg2SMMHmJdH","https://tapchiyhocvietnam.vn/index.php/vmj/article/view/11998","","","","","","",""
"09/12/2024 22:46:56","hkhieu@ctump.edu.vn","Tạp chí Y học Việt Nam","1859-1868","1 điểm","12/11/2024","PHẪU THUẬT GÃY CỘT SỐNG CỔ C1 KHÔNG VỮNG CÓ MÔ PHỎNG ĐẶT ỐC C1 TRƯỚC MỔ: BÁO CÁO LOẠT 4 CA","Huỳnh Thống Em, Nguyễn Hoàng Thuận, Lê Minh Dương1, Lâm Khải Duy, Thạch Thanh Tùng, Nguyễn Hữu Thuyết, Trang Tiến Đạt, Huỳnh Kim Hiệu","Huỳnh Kim Hiệu","8","Tập 544 Số 3 (2024)","https://drive.google.com/open?id=1dp5UAe7Ov1TlH2vsexVdjOZpvXhBsq0x","","","","","","","",""
"09/12/2024 22:50:07","hkhieu@ctump.edu.vn","Tạp chí Y học Việt Nam","1859-1868","1 điểm","21/10/2024","OUTCOMES OF UNILATERAL BIPORTAL ENDOSCOPIC LUMBAR DISCECTOMY FOR LUMBAR DISC HERNIATION AT CAN THO UNIVERSITY OF MEDICINE AND PHARMACY HOSPITAL","Dang Phuoc Giau, Nguyen Le Hoan, Nguyen Huu Thuyet, Vo Van Phuc Toan, Vo Duong Thanh Thai, Le Dinh Tung, Van Minh Khen, Huynh Kim Hieu","Huỳnh Kim Hiệu","8","Tập 544 Số 2 (2024)","https://drive.google.com/open?id=1KgYoQeLwEwaCD2FEalKFnp7KsDR1Zj-3","","","","","","","",""
"09/12/2024 22:52:29","hkhieu@ctump.edu.vn","Tạp chí Y học Việt Nam","1859-1868","1 điểm","14/10/2024","CEMENTLESS BIPOLAR LONG STEM HEMIARTHROPLASTY FOR INTERTROCHANTERIC FRACTURES IN ELDERLY PATIENTS AT CAN THO CENTRAL GENERAL HOSPITAL","Duong Khai, Nguyen Van Het, Nham Phuc Duy, Tran Quoc Cuong, Nguyen Huu Phuoc, Vo Van Phuc Toan, Huynh Kim Hieu","Huỳnh Kim Hiệu","7","Tập 544 Số 2 (2024):","https://drive.google.com/open?id=1zhnm7hidSCY31-uLAUZCRN0LGeGTjUMm","","","","","","","",""
"09/12/2024 22:56:08","hkhieu@ctump.edu.vn","Tạp chí Y học Việt Nam","1859-1868","1 điểm","29/11/2024","MODULAR HINGED LONG-STEM KNEE ENDOPROSTHESIS (MEGAPROSTHESIS) IN THE TREATMENT OF LEFT PROXIMAL TIBIAL GIANT CELL TUMOR: A CASE REPORT AND LITTERATURE REVIEW","Dang Phu Liem, Duong Khai, Nguyen Tam Tu, Nguyen Van Het, Nguyen Thanh Huy, Huynh Kim Hieu","Huỳnh Kim Hiệu","6","Tập 544 Số 2 (2024)","https://drive.google.com/open?id=15NKRf4-sQWhhA4vA4_KEeWMeTE5Ugvke","","","","","","","",""
"10/12/2024 8:42:29","nvbo@ctump.edu.vn","Tạp chí y học Việt Nam","1859-1868","1 điểm","10/11/2024","Phân tích các yếu tố liên quan đến chi phí y tế trực tiếp trên bệnh nhân đái tháo đường típ 2 điều trị nội trú tại Trung tâm Y tế Thành phố Vĩnh Long năm 2022","Nguyễn Chí Thanh, Nguyễn Phục Hưng, Đỗ Thị Hồng Xuyến, Phạm Thị Tố Liên, Võ Thị Mỹ Hương, Nguyễn Văn Bộ, Trương Kiều My, Lê Thị Thanh Thảo","Phạm Thị Tố Liên","8","Tập 544, trang 365","https://drive.google.com/open?id=1vyuFNu5vAQK3G122K-AhVux-TKfXy_p6","","","","","","","",""
"10/12/2024 9:12:27","nvphuong@ctump.edu.vn","Tạp chí Nghiên cứu Y học","2354-080X","1 điểm","28/11/2024","Factors associated with depression, anxiety, and stress among medical college students","Nguyễn Việt Phương, Nguyễn Quang Thông, Phạm Văn Vẽ, Võ Thị Hiếu, Lê Thị Cẩm Tú, Lê Kim Tha, Trần Thị Thúy Hằng","Trần Thị Thúy Hằng","7","184(11E15), 96-105","https://drive.google.com/open?id=1DXi9PVvzwCGaX9FDFR5kvMsm8hcaMrZk","","","","","","","",""
"10/12/2024 13:20:24","ttnle@ctump.edu.vn","Tạp chí Y học Việt Nam","ISSN: 1859-1868","1 điểm","10/04/2024","Vi khuẩn đa kháng thuốc trên bệnh nhân viêm phổi mắc phải cộng đồng ở người lớn tại Bệnh viện Đa Khoa Trung Ương Cần Thơ","Bạch Thái Dương, Nguyễn Quang Thái, Nguyễn Thị Ngọc Lan, Trương Thành Phát, Nguyễn Đcứ Trọng, Nguyễn Thị Diệu Hiền, Trần Thị Như Lê, Đào Thanh","Trần Thị Như Lê","8","Tập 543,  số 3 (2024)","https://drive.google.com/open?id=1LQKRdbDdc1gvDxzUYQFve1e4J-bNPt8J","","","","","","","",""
"10/12/2024 15:00:35","nltty@ctump.edu.vn","Vietnam medical Journal","ISSN 1859-1868","1 điểm","29/11/2024","IMPROVING THERAPEUTIC ADHERENCE IN ELDERLY OUTPATIENT AT CAN THO UNIVERSITY OF MEDICINE AND PHARMACY HOSPITAL: SOME SUPPORTIVE SOLUTIONS","Pham Thi Thanh Anh, Nguyen Lan Thuy Ty, Nguyen Hoang Bach, Huynh Tuan An, Tran Khang Thinh","Phạm Thị Thanh Anh","5","Tập 544, số 2, trang 58-63","https://drive.google.com/open?id=1B3Mhu0TS6Wz8gWmbeYme0e0HnM33QDMk","Tôi là người hướng dẫn của học viên Phạm Thị Thanh Anh, kết quả bài báo là đề tài cao học DL-DLS hướng ứng dụng.","","","","","","",""
"10/12/2024 16:59:56","ltkngan@ctump.edu.vn","Tạp chí Y học Việt Nam","1859-1868","1 điểm","29/10/2024","ĐẶC ĐIỂM LÂM SÀNG VÀ KẾT QUẢ ĐIỀU TRỊ TẠI CHỖ VẢY NẾN MẢNG BẰNG CALCIPOTRIOL KẾT HỢP VỚI BETAMETHASONE","Lạc Thị Kim Ngân, Cao Thảo Hiền, Nguyễn Thị Thùy Trang, Huỳnh Văn Bá","Lạc Thị Kim Ngân","4","Tập 543, số 3, trang 365-369","https://drive.google.com/open?id=13LNapR4ekElMhKn1RQ68TUOeo8QTNKsO","","","","","","","",""
"11/12/2024 9:20:19","davu@ctump.edu.vn","Tạp chí Y học Việt Nam","1859-1868","1 điểm","15/05/2024","CHẾ ĐỘ DINH DƯỠNG SAU PHẪU THUẬT CỦA BỆNH NHÂN UNG THƯ ĐẠI TRỰC TRÀNGTẠI BỆNH VIỆN ĐA KHOA THÀNH PHỐCẦN THƠ NĂM 2023","La Văn Phú, Trần Minh Thiện, Đoàn Anh Vũ","La Văn Phú","3","Tập 539, số 1, trang 89-93","https://drive.google.com/open?id=1KcDio5g7rzmuPdxaa9VoyLS0Uy5EhI_2","https://tapchiyhocvietnam.vn/index.php/vmj/article/view/9699/8538","","","","","","",""
"11/12/2024 9:44:43","davu@ctump.edu.vn","Tạp chí Y học Việt Nam","1859-1868","1 điểm","29/07/2024","KẾT QUẢ ĐIỀU TRỊ VÀ CHẤT LƯỢNG CUỘC SỐNG SAU PHẪU THUẬT CẮT TOÀN BỘ ĐẠI TRỰC TRÀNG ĐIỀU TRỊ BỆNH ĐA POLYP GIA ĐÌNH: KẾT QUẢ 5 TRƯỜNG HỢP TẠI BỆNH VIỆN ĐA KHOA THÀNH PHỐ CẦN THƠ","La Văn Phú, Tống Hải Dương, Đoàn Anh Vũ, La Vĩnh Phúc, Trần Minh Điền, Dương Tuấn Tú, Trần Minh Quân","La Văn Phú","7","Tập 542, số chuyên đề, trang 153-160","https://drive.google.com/open?id=19weIkTvhqpaXNwBPnIvwsQJbh0xsfLcX","https://tapchiyhocvietnam.vn/index.php/vmj/article/view/11632/10142","","","","","","",""
"11/12/2024 14:37:52","tlphuong@ctump.edu.vn","Kỷ yếu hội thảo ""Quản trị tri thức: dẫn dắt và đổi mới""","Kỷ yếu. ISBN: 9786044797687","Kỷ yếu có phản biện","18/10/2024","Vai trò của năng lực công nghệ thông tin - truyền thông trong quản trị tri thức sinh viên","Trần Linh Phương","Trần Linh Phương","","Kỷ yếu, trang 369-378","https://drive.google.com/open?id=1za9uUc2jXLni9gpmwCPAtsrhVwmK59t2, https://drive.google.com/open?id=1pbuQpufT_98ndvl1PPu5t0OM7rZzWJPx","","","","","","","",""
"11/12/2024 15:10:58","dvdttncxh@ctump.edu.vn","Tạp chí Công Thương số 12 tháng 5 năm 2024","Tạp chí công thương ISSN:0866-7756","0.5 điểm","01/05/2024","Các yếu tố ảnh hưởng đến sự hài lòng của học viên đối với chất lượng dịch vụ tại Trung tâm Dịch vụ và Đào tạo theo nhu cầu xã hội","Phan Thị Luyện, Dương Thị Thảo Vy, Phạm Trần Nam, Trần Thảo Ngọc, Ngô Thùy Linh","Phan Thị Luyện","5","số 12, trang 211-216","https://drive.google.com/open?id=1_W_665cN-dZReTZXNQwoWuJabcrqFuCq","","","","","","","",""
"11/12/2024 15:34:25","ttlnguyen@ctump.edu.vn","Tạp chí Truyền nhiễm Việt Nam","0866-7829","0.75 điểm","20/09/2024","NGHIÊN CỨU ĐẶC ĐIỂM VÀ MỨC ĐỘ TỔN THƯƠNG TẾ BÀO GAN Ở BỆNH NHÂN SỐT XUẤT HUYẾT DENGUE NGƯỜI LỚN TẠI BỆNH VIỆN ĐA KHOA HOÀN MỸ CỬU LONG NĂM 2023","Ngô Văn Út, Nguyễn Thị Thu Thảo, Thạch Trần Hiếu, Huỳnh Anh Tuấn, Trương Thái Lam Nguyên","Trương Thái Lam Nguyên","5","Tập 3, số 47, trang 89-95","https://drive.google.com/open?id=1CryN9vBKRtLqNYHtsFfaCZo2PNEm0Skn","DOI: https://doi.org/10.59873/vjid.v3i47","","","","","","",""
"12/12/2024 10:43:35","hvtruong@ctump.edu.vn","TẠP CHÍ KHOA HỌC VÀ CÔNG NGHỆ -ĐẠI HỌC ĐÀ NẴNG, ","ISSN 1859-1531 ","1 điểm","26/09/2024","KHẢO SÁT HOẠT TÍNH ỨC CHẾ ENZYME TYROSINASE CỦA VI KHUẨN NỘI SINH PHÂN LẬP TỪ CÂY RAU DỆU (ALTERNANTHERA SESSILIS (L.) R.Br. ex DC., AMARANTHACEAE)","Trần Chí Linh1, Nguyễn Tấn Thành2, Đỗ Văn Mãi1, Ngô Thị Lan Hương1, Huỳnh Văn Trương3* ","Huỳnh Văn Trương3* ","5","VOL. 22, NO. 11A, 2024","https://drive.google.com/open?id=1cjj6VFHsNSm1mtmGt2ezgZ8L_ynqt74j","Bai bao Dai hoc Da Nang","","","","","","",""
"12/12/2024 10:46:02","tlphuong@ctump.edu.vn","Tạp chí khoa học Đại học Đồng Tháp","0866-7675","0.25 điểm","12/12/2024","Thư viện đại học với công tác đào tạo năng lực công nghệ thông tin -truyền thông cho người sử dụng thư viện","Trần Linh Phương","Trần Linh Phương","","Tập 13, Số 9, trang 87-95","https://drive.google.com/open?id=12yNdroWX9nQNIZfCBLNoWaVTCDHPluAs, https://drive.google.com/open?id=1LVGWXP5cUDdIZ6q46rej8mwS9VH-AmX2","","","","","","","",""
"12/12/2024 14:33:31","nntphuong@ctump.edu.vn","Tạp chí Y học Việt Nam ","1859-1868","1 điểm","17/10/2024","TỶ LỆ, ĐẶC ĐIỂM LÂM SÀNG VÀ CẬN LÂM SÀNG CỦA BỆNH NHÂN VIÊM PHỔI CỘNG ĐỒNG NHẬP VIỆN DO NHÓM VI KHUẨN PES","Trần Trương Kim Ngân1, Võ Phạm Minh Thư1,, Dương Thị Thanh Vân1, Trần Công Đăng2","Võ Phạm Minh Thư","4","Tập 543 Số 2 (2024)","https://drive.google.com/open?id=1UF7k4hJvpRPeSaaayia8zEjfrnWMQw0T","","","","","","","",""
"12/12/2024 14:37:35","nntphuong@ctump.edu.vn"," Tạp chí Y học Việt Nam","1859-1868","1 điểm","26/08/2024","ĐÁNH GIÁ SỰ TƯƠNG ĐỒNG KẾT QUẢ BÃO HÒA OXY MÁU GIỮA MÁY ĐO ĐỘ BÃO HÒA OXY MÁU KHI NGỦ VỚI ĐA KÝ HÔ HẤP VÀ KHẢ NĂNG TẦM SOÁT NGƯNG THỞ TẮC NGHẼN KHI NGỦ BẰNG MÁY ĐO ĐỘ BÃO HÒA OXY MÁU KHI NGỦ Ở BỆNH NHÂN ĐÁI THÁO ĐƯỜNG TÍP 2","Trần Xuân Quỳnh1  , Võ Phạm Minh Thư1 ,  Phan Trần Xuân Quyên2  , Trát Quốc Trung2","Trần Xuân Quỳnh","4","tẬP 542 - tháng 9 - số 2 - 2024","https://drive.google.com/open?id=1TAQ6DaMwX03jtCJr2ihnhX86xhuTJvhC","","","","","","","",""
"13/12/2024 9:01:40","pkhue@ctump.edu.vn","Tạp chí Dinh dưỡng và Thực Phẩm","1859-0381","0.25 điểm","28/10/2024","Một số vấn đề về thực phẩm và bữa ăn lành mạnh","Trần Thanh Dương, Hoàng Thị Đức Ngàn, Hoàng Thị Thảo Nghiên, Trần Phương Thảo, Lê Danh Tuyên, Phan Kim Huệ, Vũ Văn Tán, Lê Thị Hiệp, Phạm Quỳnh Anh, Nguyễn Việt Dũng, Đặng Thị Đoàn Dư, Phùng Ngọc Hải","Hoàng Thị Đức Ngàn","12","Tập 20, Số 5, trang 1-8","https://drive.google.com/open?id=17nhmkmkjuGh2OmvQ4mH07MeGMHCEHzMH","","","","","","","",""
"13/12/2024 19:53:59","mhntan@ctump.edu.vn","Tạp chí Y học Việt Nam","1859-1868","1 điểm","10/07/2024","NỒNG ĐỘ VITAMIN B12 VÀ MỘT SỐ YẾU TỐ LIÊN QUAN Ở BỆNH NHÂN BỆNH THẬN MẠN GIAI ĐOẠN CUỐI LỌC MÁU ĐỊNH KỲ","Phạm Thị Lan Phương, Nguyễn Như Nghĩa, Nguyễn Hoàng Bảo Ngọc, Mai Huỳnh Ngọc Tân","Nguyễn Như Nghĩa","4","tập 540 số 1","https://drive.google.com/open?id=1Ip3I6m-T_qK4S6ub1FvWJ_UZDjzjMDzl","","","","","","","",""
"14/12/2024 10:55:55","nhgiau@ctump.edu.vn","Tạp chí Y học Việt Nam","Tạp chí Y học Việt Nam có mã số ISSN: 1859-1868","1 điểm","18/11/2024","ĐÁNH GIÁ KẾT QUẢ SỬ DỤNG VẠT TẠI CHỖ ĐIỀU TRỊ UNG THƯ DA VÙNG MŨI-MÁ TẠI BỆNH VIỆN UNG BƯỚU THÀNH PHỐ CẦN THƠ NĂM 2021-2023","Trương Văn Dủ, Huỳnh Thảo Luật, Nguyễn Hữu Giàu, Nguyễn Văn Lâm","Nguyễn Văn Lâm","2","tập 544, số 1, trang 360 - 364","https://drive.google.com/open?id=1FaRMDjSpZvwI3y6zoJnrHEZWUeqB_JhC","","","","","","","",""
"14/12/2024 16:19:23","nthphuc@ctump.edu.vn","Tạp chí Khoa học Đại học Cần Thơ","1859-2333","0.75 điểm","01/01/2024","ĐẶC ĐIỂM HÌNH THÁI, CẤU TRÚC GIẢI PHẪU VÀ THÀNH PHẦN HÓA HỌC CỦA AN XOA (Helicteres hirsuta Lour.) TẠI AN GIANG VÀ KIÊN GIANG","Phan Thị Yến Nhi, Phan Thành Đạt, Nguyễn Trọng Hồng Phúc, Nguyễn Quốc Khương, Nguyễn Khởi Nghĩa, Phùng Thị Hằng","Phùng Thị Hằng","6","60, 2A (2024), trang 75-86","https://drive.google.com/open?id=1WGtyKu89sWKJuWhV8DhmNwEmjUY_LunS","","","","","","","",""
"14/12/2024 16:23:56","nthphuc@ctump.edu.vn","Tạp chí khoa học Đại học Cần Thơ","1859-2333","0.75 điểm","20/08/2024","ĐA DẠNG CÁC LOÀI THỰC VẬT CÓ HOA DƯỚI TÁN RỪNG Ở KON PLÔNG VÀ CẤU TRÚC GIẢI PHẪU MỘT SỐ CÂY THUỐC TIỀM NĂNG","Ngô Thanh Phong, Nguyễn Thiên Thiện, Trần Bảo Toàn, Phan Thành Đạt, Huỳnh Phong Phúc, Trần Thanh Mến, Nguyễn Trọng Hồng Phúc, Phùng Thị Hằng","Phùng Thị Hằng","8","60; Chuyên đề KHTN (Hóa-Sinh), 498-510","https://drive.google.com/open?id=14VS2b42y2lowP6eCdR91dYMjUKKoLAD6","","","","","","","",""
"14/12/2024 21:16:02","lktha@ctump.edu.vn","Tạp chí Nghiên cứu Y học","2354-080x","0.5 điểm","28/11/2024","Factors associated with depression, anxiety, and stress among medical college students","Nguyễn Việt Phương, Nguyễn Quang Thông, Phạm Văn Vẻ, Võ Thị Hiếu, Lê Thị Cẩm Tú, Lê Kim Tha, Trần Thị Thúy Hằng","Trần Thị Thúy Hằng","","Tập 15, số 11, trang 96-105","https://drive.google.com/open?id=1HoCEiCvjhJzHA1RDf9_3iTeKpBkZcFL2","Chỉ có 2 tác giả trong Trường: Nguyễn Việt Phương, Lê Kim Tha","","","","","","",""
"15/12/2024 4:37:21","tqpho@ctump.edu.vn","Tạp chí y học việt Nam tập 543 tháng 10 số 3 2024","Tạp chí y học việt Nam tập 543 tháng 10 số 3 2024","1 điểm","08/10/2024","Nghiên cứu đặc điểm lâm sàng, cận lâm sàng và một số yếu tố liên quan đến loãng xương ở bệnh nhân suy thượng thận mạn","Danh lâm mỹ Phương, Lâm hữu Giang, Huỳnh văn Tính, Trương Quang Phổ","Danh Lâm Mỹ Phương","4","Tập 543, số 3, Trang 204-208","https://drive.google.com/open?id=1JJCY3hVK9pOCZjzEF0rDHCZqA39TcoBf","","","","","","","",""
"15/12/2024 9:50:13","vtatrinh@ctump.edu.vn","Tạp chí nghiên cứu Y học","2354-080X","1 điểm","31/05/2024","PREVALENCE AND ASSOCIATED FACTORS OF GESTATIONAL DIABETES MELLITUS: A MULTICENTER, CROSS-SECTIONAL STUDY IN MEKONG DELTA REGION","Tran Khanh Nga, Cao Ngoc Thanh, Pham Van Linh, Vo Thi Anh Trinh","Vo Thi Anh Trinh","4","Tập 177 Số 4E14 (2024)","https://drive.google.com/open?id=1127n7YzHGqBj5qGRlAE3mP6yNk8blV2g","","","","","","","",""
"15/12/2024 10:09:19","vtatrinh@ctump.edu.vn","Tạp chí phụ sản","1859 – 3844","0.75 điểm","10/05/2024","Kết cục thai kỳ của nhóm thai phụ được dự phòng rối loạn tăng huyết áp trong thai kỳ bằng Aspirin liều thấp tại Bệnh viện Phụ sản thành phố Cần Thơ","Nguyễn Tấn Hưng, Nguyễn Hữu Trung, Lâm Đức Tâm, Võ Thị Ánh Trinh, Quan Kim Phụng, Đoàn Thanh Điền, Nguyễn Thị Thư","Lâm Đức Tâm","7","tập 22, số 1 (2024)","https://drive.google.com/open?id=1vt1vFejWIzczAmgf4zIg8On5PhStzc-M","","","","","","","",""
"15/12/2024 11:57:43","vpthinh@ctump.edu.vn","Tạp chí Y Dược học Cần Thơ","ISSN 2354-1210","Tạp chí Y Dược học Cần Thơ","26/02/2024","ĐÁNH GIÁ HIỆU QUẢ CAN THIỆP CỦA QUY TRÌNH GIẶT, SẤY TRONG VIỆC GIẢM MỨC ĐỘ Ô NHIỄM VI SINH VẬT TRÊN ĐỒ VẢI Y TẾ TẠI BỆNH VIỆN TRƯỜNG ĐẠI HỌC Y DƯỢC CẦN THƠ","Võ Phước Thịnh, Phạm Phú Niên, Võ Thanh Nhựt, Trà Lê Thiên Phúc, Lâm Phước Nguyên, Lê Kim Nguyên, Trần Thị Hồng Anh, Phan Minh Sang, Trần Thị Thư, Trần Thị Như Lê","Võ Phước Thịnh","10","Số 71, trang 103-109","https://drive.google.com/open?id=1gsJceXGLITJYr-NjC2dMds-hz-097hCs","Bổ sung MSCB Võ Phước Thịnh 00857","","","","","","",""
"16/12/2024 10:27:11","ndlinh@ctump.edu.vn","Tạp chí Y học Việt Nam","1859-1868","1 điểm","06/12/2024","Cộng hưởng từ khuếch tán sức căng phối hợp định vị thần kinh trong phẫu thuật u thần kinh đệm đường dẫn truyền vận động: Kết quả phẫu thuật và các yếu tố liên quan","Dương Đại Hà, Phạm Hoàng Anh, Chu Thành Hưng, Nguyễn Duy Hùng, Phạm Tuấn Dũng, Đồng Văn Hệ, Nguyễn Duy Linh","Dương Đại Hà","7","Tập 545, số chuyên đề tháng 12, 221-226","https://drive.google.com/open?id=1Y364j8nw1T-j9p6AQ_DgPpT8MPa2upSh","","","","","","","",""
"16/12/2024 16:08:58","tqpho@ctump.edu.vn","Tạp chí Y Học Việt Nam ","Tạp chí Y Học Việt Nam ","Kỷ yếu có phản biện","08/10/2024","Nghiên cứu đặc điểm lâm sàng, cận lâm sàng và một số yếu tố liên quan đến loãng xương ở bệnh nhân suy thượng thận mạn","Danh lâm mỹ phương, Lâm hữu Giang, Huỳnh Văn Tính, Trương Quang Phổ ","Trương Quang Phổ ","4","Tập 543 số 3- trang 204-208","https://drive.google.com/open?id=1tYSu35cQJq4piEwGDGGd5MBIhIgwuLYa","Sửa lại tên tác giả liên hệ ","","","","","","",""
"16/12/2024 16:52:54","tqpho@ctump.edu.vn","Hội nghị khoa học thường niên Trung Tâm Cơ Xương Khớp 2024","Kỷ yếu Hội nghị khoa học thường niên Trung Tâm Cơ Xương Khớp 2024","Kỷ yếu có phản biện","11/10/2024","Triển vọng của thuốc sinh học tương đương trong điều trị viêm khớp dạng thấp và một số bệnh cơ xương khớp ","Trương Quang Phổ","Trương Quang Phổ","1","Trang 62-63","https://drive.google.com/open?id=1hAhXp5hPBdqJ4HN54ExJNxlOuQfnmr_0","Trang 62-63 năm 2024 của Kỷ yếu Hội nghị khoa học thường niên Trung tâm CƠ Xương Khớp ( BV Bạch Mai) 2024","","","","","","",""
"16/12/2024 17:15:41","tqpho@ctump.edu.vn","Hội nghị Khoa Học Thường niên Trung Tâm Cơ Xương Khớp ","Kỷ yếu Hội nghị Khoa Học Thường niên Trung Tâm Cơ Xương Khớp  2024","Kỷ yếu có phản biện","12/10/2024","Nghiên cứu đa hình RS 1042034 gen APOB ở bệnh nhân rối loạn lipid máu ","Phạm công phi, Đoàn Thị Kim Châu, Trương Quang Phổ, Lê Tân tố Anh","Trương Quang Phổ ","4","Trang 75-77","https://drive.google.com/open?id=1pCEFArE6zOIceCqfG9DW9BpQSCqJU77w, https://drive.google.com/open?id=1DYdO3nL21luJfwVuceUnCIbQdP7xG0kl","Kỷ yếu Hội nghị Khoa Học Thường niên Trung Tâm Cơ Xương Khớp 2024""Nghiên cứu đa hình RS 1042034 gen APOB ở bệnh nhân rối loạn lipid máu "" theo chương trình chi tiết Hội thảo khoa học BV Bạch Mai Hà Nội tháng 10.2024","","","","","","",""
"17/12/2024 0:07:56","nvtuan@ctump.edu.vn","Khoa học Điều dưỡng"," 2615-9589","0.25 điểm","09/12/2024","Quan điểm của sinh viên Trường Đại học Điều dưỡng Nam Định  về môi trường thực hành lâm sàng năm 2024","Trần Vũ Hà My, Lê Thanh Tùng, Mai Thị Hương,  Lưu Thị Xuân, Nguyễn Văn Tuấn, Lê Thanh Hà","Trần Vũ Hà My","6","Tập 7, số 6, trang 146-157","https://drive.google.com/open?id=1tncSYMChfQDwLWFIFDx_zwT-DmeMLIQX","","","","","","","",""
"17/12/2024 9:19:08","nphung@ctump.edu.vn","Tạp chí Y học Việt Nam","1859-1868","1 điểm","26/11/2024","KHẢO SÁT THỰC TRẠNG CUNG ỨNG MỘT SỐ NHÓM THUỐC TẠI CÁC CƠ SỞ BÁN LẺ THUỐC Ở ĐỒNG BẰNG SÔNG CỬU LONG NĂM 2023","Nguyễn Phục Hưng, Võ Thị Mỹ Hương, Nguyễn Dĩnh Khiêm, Ngô Thanh Ngọc, Phạm Thành Suôl, Nguyễn Việt Tính, Trương Kiều My","Võ Thị Mỹ Hương","7","544, số 2, trang 230-236","https://drive.google.com/open?id=16rCIZ9Ca-_6HxNZvZiULNf-y4kwvIsg1","có thêm 1 tác giả đứng chung trong trường (PGS.TS.Phạm Thành Suôl)","","","","","","",""
"17/12/2024 9:22:45","nphung@ctump.edu.vn","Tạp chí Y học Việt Nam","1859-1868","1 điểm","26/11/2024","PHÂN TÍCH CÁC YẾU TỐ LIÊN QUAN ĐẾN CHI PHÍ Y TẾ TRỰC TIẾP TRÊN BỆNH NHÂN ĐÁI THÁO ĐƯỜNG TÍP 2 ĐIỀU TRỊ NỘI TRÚ TẠI TRUNG TÂM Y TẾ THÀNH PHỐ VĨNH LONG NĂM 2022","Nguyễn Chí Thanh, Nguyễn Phục Hưng, Đỗ Thị Hồng Xuyến, Phạm Thị Tố Liên, Võ Thị Mỹ Hương, Nguyễn Văn Bộ, Trương Kiều My, Lê Thị Thanh Thảo","Phạm Thị Tố Liên","8","tập 544, số 2, trang 365-373","https://drive.google.com/open?id=1gL5y6g9SqYja1vccbgCnlYibW8cVf9sl","có thêm 3 tác giả trong trường (PGS.Nguyễn Phục Hưng, Ths.Võ Thị Mỹ Hương, CN.Nguyễn Văn Bộ)","","","","","","",""
"17/12/2024 16:14:16","kimngannguyent1108@gmail.com","Tạp chí Khoa học Đại học Cần Thơ","1859-2333","0.5 điểm","30/08/2024","Phân lập và tuyển chọn vi khuẩn nội sinh trong cây bí kỳ nam (Hydnophytum formicarum) có khả năng chống oxy hoá in vitro","Nguyễn Thị Kim Ngân, Trần Chí Linh, Võ Vy Anh, Tô Hoàng Duy, Võ Hoàng Long, Trần Nguyễn Kim Ngân, Đái Thị Xuân Trang","Đái Thị Xuân Trang","7","Tập 60, trang 419-428","https://drive.google.com/open?id=1JSOhzAde5ik4lo6XxblqWyGfyUPAf7yW","","","","","","","",""
"17/12/2024 16:17:37","kimngannguyent1108@gmail.com","Tạp chí Khoa học Đại học Cần Thơ"," 1859-2333","0.5 điểm","30/08/2024","Khảo sát khả năng kháng oxy hóa và đối kháng sinh học của vi khuẩn nội sinh phân lập từ cây mắc cỡ tàn dù (Biophytum sensitivum L.)","Võ Hoàng Long, Trần Chí Linh, Nguyễn Thị Kim Ngân, Trần Nguyễn Kim Ngân, Nguyễn Hữu Thoại, Tô Hoàng Duy, Đái Thị Xuân Trang","Đái Thị Xuân Trang","7","Tập 60, trang 409-418","https://drive.google.com/open?id=1AdkOAAKE8Mpq6B9ELqBs9NyrkgvKFqJo","","","","","","","",""
"17/12/2024 16:19:46","kimngannguyent1108@gmail.com","Tạp chí Khoa học Đại học Cần Thơ"," 1859-2333","0.5 điểm","30/08/2024","Khảo sát khả năng chống oxy hóa của vi khuẩn nội sinh cây lan gấm (Anoectochilus setaceus)","Trần Nguyễn Kim Ngân  , Nguyễn Thị Kim Ngân  , Võ Hoàng Long  , Trần Chí Linh  và Đái Thị Xuân Trang","Đái Thị Xuân Trang","5","Tập 60, trang 358-365","https://drive.google.com/open?id=16T1O2nbKwIU2qiwJ4WMUSvca3RvfFnps","","","","","","","",""
"17/12/2024 16:22:32","nnnghia@ctump.edu.vn","Y học Cộng đồng","ISSN: 2354-0613","0.75 điểm","30/10/2024","TÌNH HÌNH XƠ HOÁ GAN VÀ HIỆU QUẢ CAN THIỆP KIẾN THỨC VÀ THỰC HÀNH Ở NAM GIỚI TRUNG NIÊN SỬ DỤNG RƯỢU","Nguyễn Như Nghĩa, Nguyễn Thế Bảo, Đặng Nhật Hoàng, Kim Thanh Hùng","Nguyễn Thế Bảo","4","Tập 65, số 6, trang 192-197","https://drive.google.com/open?id=1VOGf1kEieCHmF9OOHmNwYHsOyrhZUAO5","","","","","","","",""
"17/12/2024 16:27:40","kimngannguyent1108@gmail.com","Tạp chí Khoa học và Công nghệ Đại học Thái Nguyên","2734-9098","0.5 điểm","17/06/2024","KHẢO SÁT HOẠT TÍNH KHÁNG OXY HÓA VÀ KHÁNG VIÊM IN VITRO CỦA VI KHUẨN NỘI SINH TRONG CÂY DỪA CẠN (Catharanthus roseus)","Trần Chí Linh, Tạ Lâm Tài, Nguyễn Thị Kim Ngân, Võ Hoàng Long, Lý Khôi Nguyên, Trần Nguyễn Kim Ngân, Nguyễn Thị Kim Ngân, Huỳnh Văn Trương, Nguyễn Tấn Thành ","Huỳnh Văn Trương","8","Tập 229, số 10, trang 254-261","https://drive.google.com/open?id=1YWD6lYGao8i3LX6pvGw5fha1tEZ-kaIs","","","","","","","",""
"17/12/2024 16:32:35","nnnghia@ctump.edu.vn","Tạp chí Y học Việt Nam","ISSN: 1859-1868","1 điểm","29/11/2024","THE EFFECT OF CONCOMITANT VITAMIN B12 AND FERRITIN DEFICIENCY ON CERTAIN RED BLOOD CELL PARAMETERS IN END-STAGE RENAL DISEASE PATIENTS UNDERGOING REGULAR HEMODIALYSIS","Nguyễn Như Nghĩa, Phạm Thị Lan Phương, Trần Thái Thanh Tâm, Trần Công Đăng, Nguyễn Thị Diễm Thuý, Nguyễn Thế Bảo","Nguyễn Như Nghĩa","6","Tập 544, số 2, trang 70- 76","https://drive.google.com/open?id=16dFltBorFFjvrMlBeGqsWagx5p0NNoYq","","","","","","","",""
"17/12/2024 16:39:47","nnnghia@ctump.edu.vn","Tạp chí Nghiên cứu Y học","ISSN: 2354-080X","0.75 điểm","28/11/2024","Predictive value of platelet-to-albumin ratio for acute kidney injury in patients with decompensated cirrhosis: A double-center study","Nguyễn Như Nghĩa, Nguyễn Thế Bảo","Nguyễn Như Nghĩa","2","Tập 184, số 11E15, trang 169- 175","https://drive.google.com/open?id=1Pk3jXQflX4vGbVWXZdxPd_JJry72v2Tf","","","","","","","",""
"17/12/2024 16:45:19","nnnghia@ctump.edu.vn","Tạp chí Y học Việt Nam","ISSN: 1859-1868","1 điểm","16/12/2024","GIÁ TRỊ DỰ BÁO CỦA TỶ SỐ BUN/ALBUMIN HUYẾT THANH TRONG ĐIỀU TRỊ TỔN THƯƠNG THẬN CẤP Ở BỆNH NHÂN XƠ GAN MẤT BÙ","Nguyễn Như Nghĩa, Nguyễn Thế Bảo","Nguyễn Như Nghĩa","2","Tập 545, số 1, trang 173-177","https://drive.google.com/open?id=1056kVKIYvCUSs-Myscl9ocjTYuJJXh4S","","","","","","","",""
"17/12/2024 16:50:34","nnnghia@ctump.edu.vn","Tạp chí Y học Việt Nam","ISSN: 1859-1868","1 điểm","17/10/2024","TỶ LỆ VÀ MỘT SỐ YẾU TỐ LIÊN QUAN ĐẾN TĂNG ÁP LỰC ĐỘNG MẠCH PHỔI TRONG BỆNH THẬN MẠN GIAI ĐOẠN 5","Nguyễn Như Nghĩa,, Lâm Thị Thu Ba, Nguyễn Hoàng Bảo Ngọc","Nguyễn Như Nghĩa","3","Tập 543, số 2, trang 302-306","https://drive.google.com/open?id=1YvgGD4xCYa5SuR65jhBHtQ2PXQLEtB6Q","","","","","","","",""
"17/12/2024 17:11:56","lvphuc@ctump.edu.vn","Y học lâm sàng Bệnh viện Trung ương Huế","3030-4415","1 điểm","01/01/2024","KẾT QUẢ BƯỚC ĐẦU ĐIỀU TRỊ U DƯỚI NIÊM MẠC Ở ĐƯỜNG TIÊU HÓA BẰNG KỸ THUẬT NỘI SOI CẮT U QUA ĐƯỜNG HẦM DƯỚI NIÊM MẠC","La Vĩnh Phúc, Phạm Văn Lình","Phạm Văn Lình","2","Số 93, trang 98-102","https://drive.google.com/open?id=1oyekWdUg6kd3kbSt1tMBOLB4re1CzujX","","","","","","","",""
"17/12/2024 17:35:57","lvphuc@ctump.edu.vn","Y học lâm sàng Bệnh viện Trung ương Huế","3030-4415","1 điểm","24/11/2023","KẾT QUẢ ỨNG DỤNG PHƯƠNG PHÁP CẮT TÁCH DƯỚI NIÊM MẠC QUA NỘI SOI ĐIỀU TRỊ UNG THƯ SỚM VÀ THƯƠNG TỔN TIỀN UNG THƯ ỐNG TIÊU HÓA","La Vĩnh Phúc, Phạm Văn Lình","Phạm Văn Lình","2","số 90, trang 110-114","https://drive.google.com/open?id=1tkkJGF5mdQHDmlZGo6gEPRZdoxnyNouk","","","","","","","",""
"17/12/2024 18:40:20","lvphuc@ctump.edu.vn","Tạp chí Y học Việt Nam","1859-1868","1 điểm","29/07/2024","KẾT QUẢ ĐIỀU TRỊ VÀ CHẤT LƯỢNG CUỘC SỐNG SAU PHẪU THUẬT CẮT TOÀN BỘ ĐẠI TRỰC TRÀNG ĐIỀU TRỊ BỆNH ĐA POLYP GIA ĐÌNH, KẾT QUẢ 5 TRƯỜNG HỢP TẠI BỆNH VIỆN ĐA KHOA THÀNH PHỐ CẦN THƠ","La Văn Phú, Tống Hải Dương, Đoàn Anh Vũ, La Vĩnh Phúc, Trần Minh Điền, Dương Tuấn Tú, Trần Minh Quân ","La Văn Phú","7","Tập 542,  Tháng 9 - số chuyên đề 2024, trang 152-158","https://drive.google.com/open?id=1oTBm8qtHTFOp3oKemJ_dL6-8rQTtn1ym","","","","","","","",""
"17/12/2024 21:13:14","ltbinh@ctump.edu.vn","Tạp chí Y dược học Việt Nam","Kỷ yếu","1 điểm","19/06/2024","PHẫu thuật nội soi ổ bụng cắt toàn bộ TTL trong điều trị ung thư TTL . Báo cáo ca lâm sàng","Lê Thanh Bình1 , Đỗ Anh Toàn2 , Nguyễn Ngọc Thái2 , Dương Văn Huynh1 , Nguyễn Trung Hiếu 1 , Trần Huỳnh Tuấn 1 , Trần Thanh Mỹ 1 , Trần Thị Cẩm Lừng1 , Phạm Ngọc Lợi 1 , Trần Minh Hưng1 , Phạm Minh Tuấn 1 , Huỳnh Duy Hải 1 , Đặng Chí Công1 , Nguyễn Mạnh Hiệp 1","Lê Thanh Bình","14","Tập 539, 417-420","https://drive.google.com/open?id=1MFqZjMNGbAnituSSpnqatdg68rMVVxQn","","","","","","","",""
"17/12/2024 21:47:50","lctru@ctump.edu.vn","Tạp chí Y học Việt Nam","1859-1868","1 điểm","14/10/2024","Khảo sát đặc tính của mẫu bệnh phẩm thông qua các chỉ số huyết thanh tại Bệnh viện Trường Đại học Y Dược Cần Thơ","Trần Thị Thu Thảo, Phan Minh Tài, Nguyễn Như Ngân,  Nguyễn Thị Bảo Trâm ,Phan Thị Quế Chân, Lê Công Trứ","Lê Công Trứ","6","Tập 1, số 543, trang 345-349","https://drive.google.com/open?id=1lpaJil4btFvgothdEAtPDeVQQDKYNgjm","","","","","","","",""
"17/12/2024 21:50:25","lctru@ctump.edu.vn","Tạp chí Y học Việt Nam","1859-1868","1 điểm","26/11/2024","Nghiên cứu nồng độ non-HDL-cholesterol và một số yếu tố liên quan ở bệnh nhân đái tháo đường type 2 tại Bệnh viện Trường Đại học Y Dược Cần Thơ","Nguyễn Thị Thùy Trang, Lê Thị Lan Anh, Dương Lê Đăng Khoa, Lạc Minh Thư, Trương Thị Huỳnh Trân, Trần Đỗ Hùng, Lê Công Trứ, Trần Thị Thu Thảo","Trần Thị Thu Thảo","8","Tập 2, số 544, trang 308-312","https://drive.google.com/open?id=1BfpUxO5PL_O6zqCRMWh8nks0lhIPv1L8","","","","","","","",""
"18/12/2024 9:48:37","ntdkhanh@ctump.edu.vn","Tạo chí khoa học thể thao USH","ISSN: 0866-8108","0.5 điểm","11/12/2023","ĐÁNH GIÁ THỰC TRẠNG THỂ LỰC  CỦA NỮ SINH VIÊN LỨA TUỔI 18 ĐẾN 20 TRƯỜNG ĐẠI HỌC Y DƯỢC CẦN THƠ","VÕ THÀNH TRINH, NGUYỄN NHẬT TƯỜNG, TRƯƠNG THỊ TUYẾT CHÂU, NGUYỄN TRẦN ĐĂNG KHÁNH, NGUYỄN LÂM MINH ĐĂNG","Nguyễn Nhật Tường","5","số 3, trang 37 -40","https://drive.google.com/open?id=1uVTBfau-Bbg77AZLuWzCiQ1DaTPy8YQ1","","","","","","","",""
"18/12/2024 15:27:35","vhnghia@ctump.edu.vn","TẠP CHÍ Y HỌC VIỆT NAM","1859-1868","1 điểm","27/08/2024","TÌNH HÌNH BỆNH THẬN MẠN VÀ KẾT QUẢ BƯỚC ĐẦU ĐIỀU TRỊ Ở BỆNH NHÂN TĂNG HUYẾT ÁP TẠI THÀNH PHỐ CẦN THƠ: NGHIÊN CỨU THỰC HIỆN TRONG CỘNG ĐỒNG","Nguyễn Như Nghĩa1, Phạm Văn Bùi2, Võ Hoàng Nghĩa1, Nguyễn Thế Bảo1, Mai Huỳnh Ngọc Tân1, Ngô Đại Dương","NGUYỄN THẾ BẢO","","tẬP 542 - th¸ng 9 - sè 2 - 2024","https://drive.google.com/open?id=1J-ImO4Ro0FOgbUWUUAQpvFzvaYDmd9Le","","","","","","","",""
"18/12/2024 22:03:28","phtnga@ctump.edu.vn","Tạp chí Y học Việt Nam","ISSN 1859-1868","1 điểm","07/09/2024","ỨNG DỤNG CÁC PHƯƠNG PHÁP ƯỚC LƯỢNG TRỌNG LƯỢNG THAI QUA LÂM SÀNG VÀ SIÊU ÂM Ở PHỤ NỮ MANG THAI ĐỦ THÁNG TẠI BỆNH VIỆN ĐA KHOA TRUNG ƯƠNG CẦN THƠ 2022-2024","Lê Bá Phú, Trần Khánh Nga, Phan Hữu Thúy Nga, Phan Thị Kim Thi","Lê Bá Phú","4","Tập 541, số 3, trang 146-151","https://drive.google.com/open?id=1Lzl9TC1AlLwT9lnuYkHbVrmSjYnvG5xD","","","","","","","",""
"19/12/2024 13:41:27","nthithuytrang@ctump.edu.vn","Tạp chí Y học Việt Nam"," ISSN: 1859-1868","1 điểm","29/10/2024","ĐẶC ĐIỂM LÂM SÀNG VÀ KẾT QUẢ ĐIỀU TRỊ TẠI CHỖ VẢY NẾN MẢNG BẰNG CALCIPOTRIOL KẾT HỢP VỚI BETAMETHASONE","Lạc Thị Kim Ngân1,, Cao Thảo Hiền1, Nguyễn Thị Thùy Trang1, Huỳnh Văn Bá","Lạc Thị Kim Ngân","4","Tập 543, số 3, trang 365-369","https://drive.google.com/open?id=1-5Yu5pgQ0CbqmqxqJeYBp15yETqBkQv2","","","","","","","",""
"19/12/2024 14:32:12","ntklan@ctump.edu.vn","Tạp chí Y Dược học Cần Thơ","2354-1210","0.5 điểm","25/08/2024","TÌNH HÌNH RỐI LOẠN PHỔ TỰ KỶ VÀ MỘT SỐ YẾU TỐ LIÊN QUAN Ở TRẺ TỰ KỶ TỪ 18 ĐẾN 36 THÁNG TUỔI RỐI LOẠN PHỔ TỰ KỶ TRÊN ĐỊA BÀN TỈNH VĨNH LONG NĂM 2023","Trần Huỳnh Như, Hồ Thị Thu Hằng, Nguyễn Tấn Đạt","Nguyễn Tấn Đạt","3","số 79, 184-191","https://drive.google.com/open?id=1gG0bQAWX2cPkkwKKMcrdB27PjXrmTa3g","","","","","","","",""
"19/12/2024 14:41:19","ntklan@ctump.edu.vn","Tạp chí Y học Việt Nam","1859-1868","1 điểm","18/11/2024","CHỈ SỐ HÌNH THÁI THỂ LỰC VÀ CÁC YẾU TỐ LIÊN QUAN CỦA SINH VIÊN TỪ 19 ĐẾN 21 TUỔI TẠI TRƯỜNG ĐẠI HỌC Y DƯỢC CẦN THƠ","Nguyễn Trần Hữu Tuấn, Châu Quốc Thạnh, Huỳnh Nguyễn Phương Thảo, Nguyễn Tấn Đạt","Nguyễn Tấn Đạt","4","Tập 544(1), 377-381","https://drive.google.com/open?id=13dtGXasZ4oMflQcDq0eolgTCxc2gpRaK","","","","","","","",""
"19/12/2024 18:39:22","lmnhan@ctump.edu.vn","Tạp chí Khoa học Đại học Cần Thơ","1859-2333","0.75 điểm","27/05/2024","NGHIÊN CỨU SỬ DỤNG BỘT VỎ TRỨNG LÀM TÁ DƯỢC TRONG VIÊN NÉN CHỨA HOẠT CHẤT ACETAMINOPHEN","Nguyễn Quốc Châu Thanh1,2, Nguyễn Hửu Khiêm1,2, Trần Quang Đệ1 và Lê Minh Nhân3","Lê Minh Nhân","4","Tập 60, số 3A, trang 81-88","https://drive.google.com/open?id=1QUf4RZTV1EcF51TG9VtQDCs72yW9KR1m","","","","","","","",""
"19/12/2024 18:42:41","lmnhan@ctump.edu.vn","Tạp chí Giáo chức Việt Nam","1859-2902","0.25 điểm","01/08/2024","The measures to manage self-study activities of the students at Can Tho University of Medicine and Pharmacy","Cao Lương Bình, Phan Huy Hùng, Cốm Minh Tiến, Lê Minh Nhân","Cao Lương Bình","4","Tập 201, số 8, trang 76-79","https://drive.google.com/open?id=1URlT1w-rgFyU0F2rSdm8oFynYuyCQ6Kg","","","","","","","",""
"19/12/2024 18:45:13","lmnhan@ctump.edu.vn","Tạp chí Khoa học Đại học Cần Thơ","1859-2333","0.75 điểm","30/08/2024","Chiết xuất betacyanin từ vỏ qủa thanh long (Hylocereus undatus) với sự hỗ trợ của sóng siêu âm: thông số chiết, sự ổn định, và hoạt tính sinh học","Nguyễn Việt Nhẫn Hòa  , Nguyễn Dương Thanh Trúc  , Nguyễn Anh Tú  , Trương Thị Hồng Ái  , Huỳnh Thị Cẩm Đào  , Phạm Gia Mỹ  , Nguyễn Quốc Châu Thanh  , Lê Minh Nhân  và Trần Thanh Tuấn","Trần Thanh Tuấn","9","Tập 1, số 2024, trang 81-92","https://drive.google.com/open?id=1CyECfOk7ZE3hUkPuoreC_oeV89YXK-1r","","","","","","","",""
"20/12/2024 0:16:20","davu@ctump.edu.vn","Vietnam Journal of Surgery and Endolaparosurgery","1859-4506","1 điểm","30/09/2024","Totally extraperitoneal inguinal hernia repair without mesh fixation: Experiences with 250 cases at Can Tho General Hospital","La Van Phu, Tong Hai Duong, Doan Anh Vu","La Van Phu","3","Tập 14, số 3, trang 40-46","https://drive.google.com/open?id=10TC28Kux1E6dO983pl2lLKT740vn1TTH","","","","","","","",""
"20/12/2024 14:21:03","qkphung@ctump.edu.vn","Tạp chí Y học Việt Nam","1859-1868","1 điểm","20/12/2024","Đánh giá hiệu quả dự phòng tiền sản giật - sản giật bằng Aspirin liều thấp ở những thai phụ nguy cơ cao tại Bệnh viện Phụ sản Thành phố Cần Thơ năm 2020-2022","Nguyễn Tấn Hưng, Quan Kim Phụng, Trần Hoài Ân, Ngô Thị Thúy Hằng, Nguyễn Hữu Trung, Lâm Đức Tâm","Lâm Đức Tâm","","tập 545, số 2, tháng 12, 2024, trang 63- 67","https://drive.google.com/open?id=134fOp9Tqw1kahEW1_4CihsBpN2hc-MRz","","","","","","","",""
"20/12/2024 15:20:24","dpgiau@gmail.com","Tạp chí Y học Việt Nam","1859-1868","1 điểm","29/11/2024","OUTCOMES OF UNILATERAL BIPORTAL ENDOSCOPIC LUMBAR DISCECTOMY FOR LUMBAR DISC HERNIATION AT CAN THO UNIVERSITY OF MEDICINE AND PHARMACY HOSPITAL","Đặng Phước Giàu, Nguyễn Lê Hoan, Nguyễn Hữu Thuyết, Võ Văn Phúc Toàn, Võ Dương Thành Thái, Lê Đình Tùng, Văn Minh Khén, Huỳnh Kim Hiệu","Huỳnh Kim Hiệu","8","Tập 544, số 2, trang 228-234","https://drive.google.com/open?id=1KHC62VbeAxEwCP1VRp-y2isDiNQd8Bpk","","","","","","","",""
"20/12/2024 16:35:36","nhdat@ctump.edu.vn","Tạp chí Y học Việt Nam","1859-1868","1 điểm","22/07/2024","ĐÁNH GIÁ KẾT QUẢ ĐIỀU TRỊ GÃY MẤT VỮNG KHUNG CHẬU BẰNG PHƯƠNG PHÁP KẾT HỢP XƯƠNG BÊN TRONG","Nguyễn Hữu Đạt, Nguyễn Việt Nam, Nguyễn Tâm Từ, Nguyễn Hữu Thuyết, Nguyễn Văn Hết, Nguyễn Thành Tấn","Nguyễn Thành Tấn","6","Tập 540, số 3, tháng 7, năm 2024, trang 132-137","https://drive.google.com/open?id=1oYIZ2lGYrcwLrlN_xUFmjgkWkcSJ1AET","","","","","","","",""
"20/12/2024 17:50:04","ttnngoc@ctump.edu.vn","Kỷ yếu Đề tài nghiên cứu khoa học kỹ thuật điều dưỡng mở rộng năm 2024","Kỷ yếu","Kỷ yếu có phản biện","06/12/2024","Tình hình tuân thủ dùng thuốc của người bệnh đái tháo đường típ 2 tại khoa Nội Tổng hợp Bệnh viện Trường Đại học y dược Cần Thơ","Trần Thị Như Ngọc","Trần Thị Như Ngọc","1","114","https://drive.google.com/open?id=1asI_DWo6TKgc28Dd_BzIRXeO4xD8AHR3","","","","","","","",""
"20/12/2024 23:32:11","vcqanh@ctump.edu.vn","Tạp chí Y học Việt Nam","1859-1868","1 điểm","26/11/2024","Nghiên cứu lâm sàng, cận lâm sàng của các trường hợp ung thư buồng trứng tại Bệnh viện Phụ sản thành phố Cần Thơ","Trần Văn Nam, Võ Châu Quỳnh Anh, Nguyễn Hữu Trung","Trần Văn Nam","","Tập 544, số 2","https://drive.google.com/open?id=1m0UwSFXVOLj0EUjMRKUzhsbLW4xLphQt","","","","","","","",""
"21/12/2024 22:35:20","tvnam@ctump.edu.vn","Tạp chí Y học Việt Nam","1859-1868","1 điểm","26/11/2024","NGHIÊN CỨU ĐẶC ĐIỂM LÂM SÀNG, CẬN LÂM SÀNG CỦA CÁC TRƯỜNG HỢP UNG THƯ BUỒNG TRỨNG TẠI BỆNH VIỆN PHỤ SẢN TP. CẦN THƠ","Trần Văn Nam, Võ Châu Quỳnh Anh, Nguyễn Hữu Trung","Trần Văn Nam","3","Tập 544, số 2, trang 186 - 190","https://drive.google.com/open?id=1z-_syybN16woN6SaAfAFEKh9AIlDLDTM, https://drive.google.com/open?id=1jvEROcPdIKnJlGm6cBzdNP4EjevPAyhp","","","","","","","",""
"21/12/2024 17:55:31","dtngan@ctump.edu.vn","Tạp chí Y học Việt Nam","1859-1868","1 điểm","27/08/2024","ĐẶC ĐIỂM CỦA LƯU HUYẾT NÃO TRÊN BỆNH NHÂN CAO TUỔI TĂNG HUYẾT ÁP CÓ CHỨNG HUYỄN VỰNG","Lâm Quang Vinh, Lê Minh Hoàng, Đặng Tiến Đăng Khoa, Trần Thừa Nguyên, Đoàn Văn Minh","Lâm Quang Vinh","5","Tập 542, số 2, tháng 9","https://drive.google.com/open?id=1jOEvJlKvI9-6WpUo2jCA7g3J1jd0tA1-","","","","","","","",""
"21/12/2024 20:59:48","ntktuong@ctump.edu.vn","Tạp chí Khoa học Điều dưỡng","ISSN: 2615-9589 | e_ISSN: 2734-9632","0.25 điểm","15/11/2024","Kiến thức và thái độ về phòng ngừa chuẩn của sinh viên hộ sinhTrường Đại học Y Dược Cần Thơ","Nguyễn Lê Khả Ái, Nguyễn Văn Tuấn, Nguyễn Thị Kim Tường, Nguyễn Quang Huy, Trần Như Ngọc, Nguyễn Thị Thanh Mai, Trần Thị Minh Thi","Nguyễn Văn Tuấn","7","Tập 7, số 6, trang 70-76","https://drive.google.com/open?id=1-mKds2f0mRd90rKzeg6orPKQSU1cwayo","","","","","","","",""
"21/12/2024 23:10:22","nvtuan@ctump.edu.vn","Tạp chí Khoa học Điều dưỡng","2615-9589","0.25 điểm","18/12/2024","Thực trạng trầm cảm sau sinh và một số yếu tố liên quan ở bà mẹ có con đang điều trị tại khoa sơ sinh Bệnh viện Phụ sản tỉnh Nam Định năm 2024","Nguyễn Thị Thanh Tâm, Lê Thanh Tùng, Phạm Thị Thanh Hương, Mai Thị Hương, Lê Thanh Hà, Nguyễn Văn Tuấn","Nguyễn Thị Thanh Tâm","6","Tập 7, số 6, trang 178-189","https://drive.google.com/open?id=19Degq91tE8IVmdVVtrQpJaQlwiAxEd5L","","","","","","","",""
"22/12/2024 9:38:56","ntliem@ctump.edu.vn","Tạp chí Y học Việt Nam","1859-1868","1 điểm","07/10/2024","NGHIÊN CỨU TÌNH HÌNH, ĐẶC ĐIỂM LÂM SÀNG, CẬN LÂM SÀNG  TRÊN BỆNH NHÂN VIÊM GAN VI RÚT C MẠN TẠI BỆNH VIỆN  ĐA KHOA BẠC LIÊU NĂM 2023-2024","Thạch Ngọc Đăng Châu, Nguyễn Thanh Liêm, Bồ Kim Phương","Nguyễn Thanh Liêm","3","Tập 543, số 2, trang 364-367","https://drive.google.com/open?id=1ho-s-O6WCKAL4Fj694bURGgIkHRyWHli","","","","","","","",""
"22/12/2024 11:59:16","ncquang@ctump.edu.vn","Tạp chí Y học Việt Nam","1859-1868","1 điểm","01/11/2023","Tác nhân gây bệnh viêm phổi nặng cần hỗ trợ oxy ở trẻ em từ 2 tháng đến 5 tuổi tại bệnh viện Nhi đồng 1","Ngô Chí Quang, Phan Hữu Nguyệt Diễm","Ngô Chí Quang","2","Tập 1B, số 531","https://drive.google.com/open?id=1iIn1V1kvi_MLgdtg7dAfE3eSj-zszXIt","","","","","","","",""
"22/12/2024 21:24:59","lcnhan@ctump.edu.vn","Hội thảo khoa học quốc gia ""Phát triển nguồn nhân lực trong bối cảnh cuộc cách mạng công nghiệp 4.0”","Kỷ yếu","Kỷ yếu có phản biện","30/10/2024","Phát triển nguồn nhân lực chất lượng cao đáp ứng mục tiêu phát triển nông nghiệp tuần hoàn trong bối cảnh cuộc cách mạng 4.0: Thực tiễn thành phố Cần Thơ","Lê Chí Nhân, Đinh Văn Phương, Trần Thị Hồng Lê, Lương Thị Hoài Thanh, Nguyễn Thanh Trạng, Trương Bảo Trúc","Lê Chí Nhân","6","trang 72-84","https://drive.google.com/open?id=1e1pfmdYgBaoxRAfHK1vFHNM3IGIwyrUE","","","","","","","",""
"22/12/2024 21:28:34","lcnhan@ctump.edu.vn","Diễn đàn Quốc tế SDMD lần II năm 2024 với chủ đề: CÔNG NGHIỆP HÓA – HIỆN ĐẠI HÓA Động lực cho phát triển bền vững Đồng bằng sông Cửu Long","Kỷ yếu","Kỷ yếu có phản biện","27/11/2024","Phát triển kinh tế tuần hoàn trong lĩnh vực nông nghiệp công nghệ cao ở thành phố Cần Thơ: Thời cơ và thách thức","Lê Chí Nhân","Lê Chí Nhân","1","trang 82-93","https://drive.google.com/open?id=16BbUPDmsX1AGaT2tl35otQKoE0zTjlhX","","","","","","","",""
"22/12/2024 22:05:34","dcmvtho@ctump.edu.vn","Tạp chí Kiểm nghiệm Dược và Mỹ phẩm","ISSN: 1859-0055","0.75 điểm","29/12/2025","NGHIÊN CỨU ỨNG DỤNG PHƯƠNG PHÁP UPLC-MS/MS PHÂN TÍCH DƯ LƯỢNG THUỐC HÓA TRỊ UNG THƯ IFOSFAMID CÓ TRONG CÁC MẪU NƯỚC THẢI XUNG QUANH CÁC BỆNH VIỆN CÓ KHOA UNG BƯỚU THỰC HIỆN HÓA TRỊ UNG THƯ","Huỳnh Phương Thảo, Nguyễn Thị Diễm Linh, Đỗ Châu Minh Vĩnh Thọ.","Đỗ Châu Minh Vĩnh Thọ","3","tập 22, số 2, trang 36-42","https://drive.google.com/open?id=1B7r-sXzmDx8vdluXg-5U8z2l2yozSPF8","","","","","","","",""
"22/12/2024 22:19:14","ndlinh@ctump.edu.vn","Tạp chí Y học Việt Nam","1859-1868","1 điểm","06/12/2024","Hiệu quả dẫn lưu não thất kết hợp bơm thuốc tiêu sợi huyết trong điều trị xuất huyết não thất tự phát gây giãn não thất cấp tính","Nguyễn Duy Linh, Nguyễn Quang Hưng, Trần Chí Cường, Phạm Việt Mỹ, Nguyễn Nhựt Thái, Trần Duy Vũ, Nguyễn Thị Ngọc Tuyền, Lê Thị Chi Lan, Hà Thoại Kỳ, Tôn Nữ Thị Điểm, Nguyễn Hải Đăng, Võ Đăng Khương","Võ Đăng Khương","12","55-62","https://drive.google.com/open?id=1Ng3bR1VLQ62dXpIhwFVuKW19hbXiaqdw","","","","","","","",""
"22/12/2024 22:59:58","ntdiem@ctump.edu.vn","Tạp chí y học Việt Nam","ISSN: 1859-1868","0.75 điểm","01/05/2024","NGHIÊN CỨU LÂM SÀNG, CẬN LÂM SÀNG VÀ MỐI LIÊN QUAN  GIỮA SỰ THAY ĐỔI QTC VÀ TÌNH TRẠNG RỐI LOẠN CHỨC NĂNG TIM  Ở BỆNH NHÂN UNG THƯ HOÁ TRỊ BẰNG ANTHRACYCLINE ","Huỳnh Anh Đức, Nguyễn Thị Diễm,  Trần Diệu Hiền, Võ Đức Tính ","Huỳnh Anh Đức","3","số 3","https://drive.google.com/open?id=1T1Cjr6tN6qb5rSx2VTx0hG4HiSD6cQUa","","","","","","","",""
"22/12/2024 23:04:05","ntdiem@ctump.edu.vn","Tạp chí Y học Việt Nam","ISSN: 1859-1868","0.75 điểm","01/07/2024","SO SÁNH KẾT QUẢ ĐIỀU TRỊ TERLIPRESSIN VÀ OCTREOTIDE  KẾT HỢP THẮT VÒNG CAO SU TRÊN BỆNH NHÂN XƠ GAN  CÓ XUẤT HUYẾT TIÊU HÓA DO VỠ GIÃN TĨNH MẠCH THỰC QUẢN ","Lê Huỳnh Thảo Quyên, Kha Hữu Nhân,  Nguyễn Thị Diễm, Lâm Phước Thiện","Lê Huỳnh Thảo Quyên","3","tập 1","https://drive.google.com/open?id=1InkSY0Pb_EfG_U0jmvO3Dqu-R6gDFRkK","","","","","","","",""
"23/12/2024 9:06:06","lmhuu@ctump.edu.vn","Y học Việt Nam","1859-1868)","1 điểm","01/12/2024","NGHIÊN CỨU TÌNH HÌNH HOÀN THÀNH NHIỆM VỤ VÀ MỘT SỐ YẾU TỐ LIÊN QUAN CỦA NHÂN VIÊN Y TẾ KHU ẤP TẠI TỈNH BÌNH DƯƠNG NĂM 2022","Huỳnh Minh Chín, Lê Nguyễn Đăng Khoa, Nguyễn Minh Phương, Lê Minh Hữu, Nguyễn Triều Việt","Huỳnh Minh Chín","","545, số 1, trang 288-293","https://drive.google.com/open?id=1A7Qkum8KBi-L7LuYxQ1y_anwA2c0joYk","","","","","","","",""
"23/12/2024 9:10:36","lmhuu@ctump.edu.vn","Tập chí Y học Việt Nam","1859-1868","1 điểm","01/12/2024","KẾT QUẢ CAN THIỆP MỨC ĐỘ HOÀN THÀNH NHIỆM VỤ CỦA NHÂN VIÊN Y TẾ KHU ẤP TẠI TỈNH BÌNH DƯƠNG NĂM 2023 – 2024","Huỳnh Minh Chín, Lê Nguyễn Đăng Khoa, Nguyễn Minh Phương, Lê Minh Hữu, Nguyễn Triều Việt","Huỳnh Minh Chín","","Tập 545, số 1, trang 363-370","https://drive.google.com/open?id=1W90CFQL1vjYh2cF6JuuoFHWTsn55xolE","","","","","","","",""
"23/12/2024 9:58:50","pmquan@ctump.edu.vn","Tạp chí Y học Việt Nam","1859-1868","1 điểm","08/05/2023","Đặc điểm lâm sàng, cận lâm sàng và một số tác nhân vi khuẩn viêm phổi liên quan thở máy trên trẻ từ 2 tháng đến 15 tuổi tại khoa hồi sức tích cực và chống độc Bệnh viện Nhi đồng Cần Thơ","Võ Minh Châu, Phạm Minh Quân, Bùi Quang Nghĩa, Tạ Văn Trầm","Võ Minh Châu","4","Tập 541, số 3, trang 239 - 243","https://drive.google.com/open?id=1uZe6Q4vDCF5XPx7U7EyRY98sWG-jp3-z","","","","","","","",""
"23/12/2024 10:11:50","nthong@ctump.edu.vn","Tạp chí y học Việt Nam","ISSN: 1859-1868","1 điểm","01/11/2024","KHẢO SÁT KIẾN THỨC VỀ CÁC BƯỚC SƠ CỨU XỬ LÝ TỔN THƯƠNG,  PHƠI NHIỄM VỚI MÁU VÀ DỊCH CƠ THỂ KHI THỰC TẬPTẠI CÁC BỆNH VIỆN THỰC HÀNH CỦA SINH VIÊN","Nguyễn Thị Hồng, Lê Thị Thùy Trang, Nguyễn Thị Thùy Trang, Lạc Minh Thư, Lưu Gia Tuyền, Nguyễn Ngọc Anh Thư, Trần Ngọc Lel, Nguyễn Kim Cương, Ngô Thị Dung","Nguyễn Thị Hồng","9","tập 544, số 1, trang 275-279","https://drive.google.com/open?id=1LoqZwCZ1MAXl9LJhuXq0OxFtWCzQoPOB","","","","","","","",""
"23/12/2024 14:17:41","ntdkhanh@ctump.edu.vn","Tạp chí Y Học TP.HCM","1859-1779","1 điểm","31/08/2024","PHẪU THUẬT NỘI SOI HÀN KHỚP CỔ CHÂN TIẾP CẬN QUA LỐI TRƯỚC TRONG ĐIỀU TRỊ THOÁI HÓA KHỚP CỔ CHÂN","Lý Tuyết Nhi, Vũ Hải Nam, Nguyễn Tâm Từ, Trương Nhật Tôn, Nguyễn Thành Tấn","Lý Tuyết Nhi","5","Tập 27, số 3, trang 142 - 151","https://drive.google.com/open?id=1N1ZBUOqOUBeJ9ubjWtobGTRD2ZTOh3HC","","","","","","","",""
"23/12/2024 14:22:16","dtngan@ctump.edu.vn","Tạp chí Y học Việt Nam","1859-1868","1 điểm","24/10/2024","NGHIÊN CỨU ĐẶC ĐIỂM LÂM SÀNG VÀ MỘT SỐ YẾU TỐ LIÊN QUAN THEO Y HỌC CỔ TRUYỀN Ở BỆNH NHÂN ĐÁI THÁO ĐƯỜNG TÍP 2 TẠI BỆNH VIỆN Y HỌC CỔ TRUYỀN THÀNH PHỐ CẦN THƠ","Lê Ngọc Diễm, Nguyễn Ngọc Anh Thư, Lê Minh Hoàng","Lê Minh Hoàng","3","Tập 544, số 1, 381-385","https://drive.google.com/open?id=1a9B5zKdFvdByC02hVHs3laeWMvfimAZF","","","","","","","",""
"23/12/2024 14:27:07","dtngan@ctump.edu.vn","Tạp chí Y học Việt Nam"," 1859-1868","1 điểm","15/02/2024"," Ngày xuất bản: 15/02/2024 Số lượt xem tóm tắt: 658 Số lượt xem pdf: 318 DOI: https://doi.org/10.51298/vmj.v535i1B.8462 Số xuất bản Tập 535 Số 1B (2024) Chuyên mục Các bài báo Trích dẫn bài báo Lê, M. H., Phan, A. T., & Đào, T. N. P. (2024). TỔNG QUAN VỀ VÔ SINH NAM THEO Y HỌC CỔ TRUYỀN VÀ TÌNH HÌNH NGHIÊN CỨU ĐIỀU TRỊ VÔ SINH NAM BẰNG Y HỌC CỔ TRUYỀN TẠI VIỆT NAM. Tạp Chí Y học Việt Nam, 535(1B). https://doi.org/10.51298/vmj.v535i1B.8462 TỔNG QUAN VỀ VÔ SINH NAM THEO Y HỌC CỔ TRUYỀN VÀ TÌNH HÌNH NGHIÊN CỨU ĐIỀU TRỊ VÔ SINH NAM BẰNG Y HỌC CỔ TRUYỀN TẠI VIỆT NAM","Lê Minh Hoàng, Phan Anh Tuấn, Đào Trần Nhất Phong","Lê Minh Hoàng","3","Tập 535, số 1B, trang 353-358","https://drive.google.com/open?id=1jnT8wGNqSQBfRYp8e-aC540BfQHNcd-S","","","","","","","",""
"23/12/2024 14:29:25","dtngan@ctump.edu.vn","Tạp chí Y học Việt Nam","1859-1868","1 điểm","15/02/2024","Nhân một trường hợp điều trị xơ cứng bì bằng Y học cổ truyền: Báo cáo lâm sàng và nhìn lại Y văn","Nguyễn Trí, Lê Minh Hoàng, Nguyễn Thị Thanh Trúc, Trương Phương Thảo","Lê Minh Hoàng","4","Tập 535, số 1B, trang 345-348","https://drive.google.com/open?id=1lbxSFdaualldGapYyK9ZbRDwIkRIgue4","","","","","","","",""
"23/12/2024 14:36:59","dtngan@ctump.edu.vn","Tạp chí Giáo dục","2354-0753","1 điểm","20/04/2024","Các yếu tố sư phảm ảnh hưởng đến động cơ học tập của sinh viên trường Đại học Cần Thơ","Lữ Quốc Vinh, Nguyễn Ngọc Chi Lan","Nguyễn Ngọc Chi Lan","2"," Tập 24, số 8","https://drive.google.com/open?id=10bnPXYlsh_IP-GTEUVWubcZOfFYVplOc","","","","","","","",""
"23/12/2024 14:40:23","dtngan@ctump.edu.vn","Tạp chí Giáo dục","2354-0753","1 điểm","20/06/2024","Thực trạng phát triển đội ngũ giáo viên các trường tiểu học Huyện Long Mỹ, tỉnh Hậu Giang","Lữ Quốc Vinh, Cù Dạ Lý, Nguyễn Ngọc Chi Lan","Nguyễn Ngọc Chi Lan","3","24 (5),  207-212","https://drive.google.com/open?id=1TcqNXiv43M-XPw_nDoM6Tdf3zbRbAmdq","","","","","","","",""
"23/12/2024 14:43:15","dtngan@ctump.edu.vn","Tạp chí giáo dục và xã hội","1859-3917","0.75 điểm","27/02/2024","PHÁT TRIỂN ĐỘI NGŨ GIÁO VIÊN CÁC TRƯỜNG PHỔ THÔNG CÓ NHIỀU CẤP HỌC QUẬN NINH KIỀU, THÀNH PHỐ CẦN THƠ ĐÁP ỨNG YÊU CẦU ĐỔI MỚI GIÁO DỤC HIỆN NAY","Nguyễn Hoàng Nam, Lữ Quốc Vinh, Nguyễn Ngọc Chi Lan","Nguyễn Ngọc Chi Lan","3","Tháng 7, kì 2","https://drive.google.com/open?id=1kuMblACD2m7vWEFPW_V_NVsE7MyarTqt","","","","","","","",""
"23/12/2024 15:47:47","nthong@ctump.edu.vn","Tạp chí Y học Việt Nam","ISSN: 1859-1868","1 điểm","01/11/2024","KHẢO SÁT KIẾN THỨC VỀ CÁC BƯỚC SƠ CỨU XỬ LÝ TỔN THƯƠNG,  PHƠI NHIỄM VỚI MÁU VÀ DỊCH CƠ THỂ KHI THỰC TẬPTẠI CÁC BỆNH VIỆN THỰC HÀNH CỦA SINH VIÊN","Nguyễn Thị Hồng, Lê Thị Thùy Trang, Nguyễn Thị Thùy Trang, Lạc Minh Thư, Lưu Gia Tuyền, Nguyễn Ngọc Anh Thư, Trần Ngọc Lel, Nguyễn Kim Cương, Ngô Thị Dung","Nguyễn Thị Hồng","9","Tập 544, số 1, trang 275-279","https://drive.google.com/open?id=1lVlbpdf55ec_6gHq3WY1zmHdSbXvTf33","","","","","","","",""
"23/12/2024 17:13:29","dtngan@ctump.edu.vn","Tạp chí Y học Việt Nam"," Tạp chí Y học Việt Nam","1 điểm","22/01/2024","Nghiên cứu phân biệt về thực vật học và di truyền học của 3 loài mắm (Avicennia sp.) thu hái tại tỉnh Cà Mau","Nguyễn Thị Ngọc Vân,, Dương Tuyết Ngân, Nguyễn Ngọc Nhã Thảo, Nguyễn Văn Cường, Phạm Bích Kiểu","Nguyễn Thị Ngọc Vân","5"," Tập 535 Số 1B","https://drive.google.com/open?id=1erfUjHItZ41hmgGqvj1niR_2FUQfEUsk","Dương Tuyết Ngân - 00862","","","","","","",""
"23/12/2024 17:19:04","dtngan@ctump.edu.vn","Tạp chí Y học Việt Nam","1859-1868","1 điểm","05/04/2024","Nghiên cứu xây dựng tiêu chuẩn cơ sở của lá cây mắm lưỡi đồng (Avicennia officinalis L.)","Dương Tuyết Ngân, Nguyễn Thị Ngọc Vân, Đặng Duy Khánh, Nguyễn Ngọc Nhã Thảo, Nguyễn Văn Cường","Nguyễn Thị Ngọc Vân","5"," Tập 537 Số 1","https://drive.google.com/open?id=1P9efXapmlYjVv_p1f3gzQ52JUBF24a5-","Dương Tuyết Ngân - 00862","","","","","","",""
"23/12/2024 17:18:28","dtngan@ctump.edu.vn","Tạp chí Y Dược học Cần Thơ","2354-1210","0.5 điểm","28/04/2024","Nghiên cứu quy trình chiết xuất vitamin nhóm B (B2, B3, B6, B9) trong mẫu sữa bột công thức","Nguyễn Thị Ngọc Vân*, Dương Tuyết Ngân, Lâm Vĩ Trang, Nguyễn Ngọc Nguyên Trang, Phạm Tuấn Thành, Hà Phi Long, Lê Thị Nhân Duyên, Nguyễn Thị Đặng, Đỗ Trung Hiền","Nguyễn Thị Ngọc Vân","9","số 70, trang 210-216","https://drive.google.com/open?id=1UIkMUPScEQkA3KbLJixgh3BOV5dPcJVu","Dương Tuyết Ngân - 00862","","","","","","",""
"23/12/2024 17:21:02","dtngan@ctump.edu.vn","Tạp chí Y Dược học Cần Thơ","2354-1210","0.5 điểm","25/03/2024","Nghiên cứu tác dụng ổn định đường huyết trên mô hình in-vitro và in-vivo của cao chiết thù lù cạnh (Physalis angulata L.)","Nguyễn Thị Mỹ Duyên, Dương Xuân Chữ, Đặng Duy Khánh, Nguyễn Thị Ngọc Vân*, Võ Thanh Toàn, Phạm Ngọc Ngà, Lê Đỗ Trúc Ngân, Nguyễn Thị Thanh Hiền, Dương Tuyết Ngân","Nguyễn Thị Ngọc Vân","9","Số 72, trang 199-205","https://drive.google.com/open?id=1PFJg3lHWPwsJeBr_xnU8j7gOrGHLFUx0","Dương Tuyết Ngân - 00862","","","","","","",""
"23/12/2024 17:23:47","dtngan@ctump.edu.vn","Tạp chí Y Dược học Cần Thơ","2354-1210.","0.5 điểm","25/06/2024","Nghiên cứu thực vật học và sơ bộ thành phần hóa học của cây phèn đen (Phyllanthus reticulatus)Nghiên cứu thực vật học và sơ bộ thành phần hóa học của cây phèn đen (Phyllanthus reticulatus)","Nguyễn Văn Cường, Nguyễn Thị Ngọc Vân, Dương Tuyết Ngân, Nguyễn Thị Thúy Nga, Cao Nguyễn Hồng Khanh, Nguyễn Phương Trình, Lê Thị Thanh Nhàn, Nguyễn Trương Thái An, Hồng Thị Xuân Liễu","Nguyễn Thị Ngọc Vân","9","Số 75, 202-221","https://drive.google.com/open?id=1GpsIjhKP1QfocKI0LNhulYVsYVr88Aqi","Dương Tuyết Ngân - 00862","","","","","","",""
"23/12/2024 17:26:03","dtngan@ctump.edu.vn","Tạp chí Y Dược học Cần Thơ","2354-1210","0.5 điểm","25/08/2024","ĐÁNH GIÁ TÁC DỤNG CHỐNG OXY HÓA IN VITRO CỦA CAO CHUẨN HÓA QUẢ THỂ NẤM VÂN CHI ĐỎ (PYCNOPORUS SANGUINEUS MH225776)","Đặng Bảo Trân, Nguyễn Thị Ngọc Vân, Đặng Duy Khánh,, Dương Tuyết Ngân, Đặng Thị Tú Mai, Phạm Thanh Toàn, Lý Ngọc Yến Linh, Cao Yến Linh, Trần Đức Tường, Dương Xuân Chữ","Đặng Duy Khánh","10","Số 79 ","https://drive.google.com/open?id=15ksxYESk-JEYDJS21K2fS1y69QnaIQqX","Dương Tuyết Ngân - 00862","","","","","","",""
"23/12/2024 18:13:58","qkphung@ctump.edu.vn","Tạp chí Phụ sản","1859-3844","0.75 điểm","15/11/2024","Đau lưng trong thai kỳ","Lâm Đức Tâm, Phạm Đắc Lộc, Phan Vinh Nghi","Lâm Đức Tâm","3","Tập 22, số 3, trang 9-13","https://drive.google.com/open?id=1gK-FPyr24aGHiRnWoLkbxi8NSRJu5i4Q","","","","","","","",""
"23/12/2024 23:25:53","ptbtram@ctump.edu.vn","Tạp chí Y học Việt Nam","1859-1868","1 điểm","14/10/2024","NGHIÊN CỨU TÌNH HÌNH RỐI LOẠN GIẤC NGỦ TRÊN BỆNH NHÂN MỤN TRỨNG CÁ TRƯỞNG THÀNH TẠI BỆNH VIỆN DA LIỄU CẦN THƠ NĂM 2023","Phạm Thị Bảo Trâm, Huỳnh Chí Tâm, Huỳnh Bạch Cúc, Huỳnh Văn Bá","Huỳnh Văn Bá","4","Tập 543, số 1, trang 155-159","https://drive.google.com/open?id=1ooAuXzvM9GY3eIq3mi-AXfgDTCI-wWAN","","","","","","","",""
"23/12/2024 23:29:57","vhtuan@ctump.edu.vn","Kỷ yếu Hội nghị Khoa học thường niên Hội chấn thương chỉnh hình Việt Nam lần thứ 21","Kỷ yếu Hội nghị Khoa học thường niên Hội chấn thương chỉnh hình Việt Nam lần thứ 21","Kỷ yếu có phản biện","24/10/2024","Các yếu tố tiên lượng chất lượng cuộc sống sau phẫu thuật ở bệnh nhân gãy khung chậu","Nguyễn Thành Tấn, Nguyễn Việt Nam, Huỳnh Thống Em, Trần Quang Sơn, Võ Hoàng Tuấn, Nguyễn Hữu Đạt, Nguyễn Tư Thái Bảo, Nguyễn Lâm Minh Tân","Nguyễn Hữu Đạt","8","Kỷ yếu Hội nghị Khoa học thường niên Hội chấn thương chỉnh hình Việt Nam lần thứ 21 Trang 197-198","https://drive.google.com/open?id=12bYyFRyIVapTIGH6jFO2Bp40m_5rQVu6","","","","","","","",""
"23/12/2024 23:39:59","vhtuan@ctump.edu.vn","Kỷ yếu Hội nghị khoa học thường niên Hội chấn thương chỉnh hình Việt Nam lần thứ 21","Kỷ yếu","Kỷ yếu có phản biện","24/10/2024","Đánh giá kết quả sớm điều trị khuyết hổng phần mềm vùng cổ tay, bàn ngón tay bằng vạt bẹn cuống mạch liền","Nguyễn Tấn Phát, Võ Hoàng Tuấn, Nguyễn Thành Tấn, Ngô Đức Hiệp, Nguyễn Công Lập, Phan Chí Linh, Đỗ Văn Khải, Nguyễn Minh Luân","Nguyễn Tấn Phát","8","Kỷ yếu Hội nghị khoa học thường niên Hội chấn thương chỉnh hình Việt Nam lần thứ 21, trang 252-253","https://drive.google.com/open?id=1kCjykl9_ZWrV2m6UOqhaExkbaMWbJvpg","","","","","","","",""
"24/12/2024 0:08:51","khnhan@ctump.edu.vn","Tạp chí Y học Việt nam","1859-1868","1 điểm","22/07/2024","Đặc điểm lâm sàng, hình ảnh nội soi và một số yếu tố liên quan tổn thương dạ dày tá tràng trên bệnh nhân dùng thuốc kháng viêm không steroid","Mã trúc Sơn, Kha Hữu Nhân, Nguyễn Thị Quỳnh Mai","Mã Trúc Sơn","3","Tập 540, số 3, trang  229-233","https://drive.google.com/open?id=1-gyc4gu5BUOoGDAupJCFvG50ZIwigZS-","","","","","","","",""
"24/12/2024 0:26:01","khnhan@ctump.edu.vn","Tạp chí y học Việt nam","1859-1868","1 điểm","10/07/2024","So sánh kết quả điều trị Terlipressin và Octreotide kết hợp thắt vòng cao su trên bệnh nhân xơ gan có xuất huyết tiêu hóa do vỡ giãn tĩnh mạch thực quản","Lê Huỳnh Thảo Quyên, Kha Hữu Nhân, Nguyễn Thị Diễm, Lâm Phước Thiện","Lê Huỳnh Thảo Quyên","4","Tạp 540, số 1, Trang 384-388","https://drive.google.com/open?id=1rzjHq_M5MOsL61HpsHzsPtAbdLXRLZD4","","","","","","","",""
"24/12/2024 12:26:23","thhanh.bv@ctump.edu.vn","TẠP CHÍ Y HỌC VIỆT NAM ","ISSN: 1859-1868","1 điểm","09/06/2024","VAI TRÒ CỦA MẢNH GHÉP SỤN TRONG TẠO HÌNH MÀNG NHĨ TÝP 1  QUA NỘI SOI: KẾT QUẢ THÍNH HỌC VÀ HÌNH THÁI HỌC","Nguyễn Triều Việt","Nguyễn Triều Việt","1","TẬP 542 - tháng 9 - số 3 - 2024","https://drive.google.com/open?id=1g9FCZA-yRSR6drcY3RaoDGdrKFqwAPf5","QUÝ 3 CHƯA ĐƯỢC TÍNH ĐIỂM","","","","","","",""
"24/12/2024 12:33:03","thhanh.bv@ctump.edu.vn","vietnam medical journal","mã số ISSN là 0042-4305","1 điểm","28/08/2024","SỰ ẢNH HƯỞNG CỦA CÁC TẾ BÀO TRÊN TẾ BÀO AGGER NASI  ĐẾN TÌNH TRẠNG VIÊM XOANG TRÁN TRÊN PHIM CẮT LỚP VI TÍNH  TẠI BỆNH VIỆN ĐA KHOA MINH ĐỨC – BẾN TRE","Mai Võ Kim Thanh, Nguyễn Triều Việt","Mai Võ Kim Thanh","2","n02 -  SEPTEMBER - 2024","https://drive.google.com/open?id=1Sp9QSFs4PjXA6c9PRYOycMiuJnTLKNWf","quý 3 chưa được tính điểm","","","","","","",""
"24/12/2024 12:50:29","thhanh.bv@ctump.edu.vn","Vietnam Journal of Community Medicine","mã số ISSN là 2354-0613.","0.75 điểm","22/11/2024"," BÁO CÁO CA LÂM SÀNG: ÁP DỤNG THÀNH CÔNG KỸ THUẬT MỚI   “NĂM BƯỚC GIẢM TRẬT KHỚP SỤN PHỄU”   QUA NỘI SOI ĐẦU TIÊN TẠI VIỆT NAM","Nguyễn Triều Việt*, Nguyễn Thị Kiều Tuyên, Đỗ Hội","Nguyễn Triều Việt","","Vol. 65, Special Issue 11, 186-189","https://drive.google.com/open?id=1_16Ts7-wGRFMn97oFJ58YHLxIHFeX1nS","","","","","","","",""
"24/12/2024 12:52:53","thhanh.bv@ctump.edu.vn"," Vietnam Journal of Community Medicine","mã số ISSN là 2354-0613","0.75 điểm","22/11/2024","BÁO CÁO CA LÂM SÀNG: PHẪU THUẬT TẠO HÌNH   ĐIỀU TRỊ SẸO LỒI SỤN VÀNH TAI SAU CHẤN THƯƠNG KÍN","Nguyễn Triều Việt*, Bùi Đặng Như Thảo","Nguyễn Triều Việt","","Vol. 65, Special Issue 11, 190-194","https://drive.google.com/open?id=160DyUvQQWd1xcSZDtc4yD8twjEpMLVa_","","","","","","","",""
"24/12/2024 15:08:00","vtmhuong@ctump.edu.vn","Tạp chí Y học Việt Nam","1859-1868","1 điểm","02/10/2024","Phân tích các yếu tố liên quan đến chi phí y tế trực tiếp trên bệnh nhân đái tháo đường típ 2 điều trị nội trú tại trung tâm y tế thành phố Vĩnh Long năm 2022","Nguyễn Chí Thanh, Nguyễn Phục Hưng, Đỗ Thị Hồng Xuyến, Phạm Thị Tố Liên, Võ Thị Mỹ Hương, Nguyễn Văn Bộ, Trương Kiều My, Lê Thị Thanh Thảo","Phạm Thị Tố liên","8","Tập 544, tháng 11, trang 365-373","https://drive.google.com/open?id=1iNWsVLIZaB_qngPQ9pYTikGRPPtoKtTN","","","","","","","",""
"24/12/2024 15:11:42","vtmhuong@ctump.edu.vn","Tạp chí Y học Việt Nam","1859-1868","1 điểm","02/10/2024","Khảo sát thực trạng cung ứng một số nhóm thuốc tại cơ sở bán lẻ thuốc ở đồng bằng Sông Cửu Long năm 2023","Nguyễn Phục Hưng, Võ Thị Mỹ Hương, Nguyễn Dĩnh Khiêm, Ngô Thanh Ngọc, Phạm Thành Suôl, Nguyễn Việt Tính, Trương Kiều My","Võ Thị Mỹ Hương","7","Tập 544, tháng 11, trang 230-236","https://drive.google.com/open?id=1LWIRVKJQpnO_og1LqJU9uoFgr0K7O2Bx","","","","","","","",""
"24/12/2024 15:33:47","ddtien@ctump.edu.vn","Tạp chí Y học Việt Nam","ISSN: 1859-1868","1 điểm","01/09/2024","ĐẶC ĐIỂM LÂM SÀNG, CẬN LÂM SÀNG VÀ KẾT QUẢ XỬ TRÍ TỔN THƯƠNG CỔ TỬ CUNG TẠI BỆNH VIỆN PHỤ SẢN THÀNH PHỐ CẦN THƠ NĂM 2023 - 2024","Hoàng Thị Tuyết Nhung1, Nguyễn Hữu Dự, Bành Dương Yến Nhi, Đoàn Dũng Tiến","Hoàng Thị Tuyết Nhung","4","Tập 542, số 1, trang 74-78","https://drive.google.com/open?id=17XSxjZEV0W5pnatn6gPC3nuV6kQBN0sL, https://drive.google.com/open?id=1HTya1EibnqSwrmn9UbQ_TVbIiKvi-O0U","","","","","","","",""
"24/12/2024 16:04:24","ntthu@ctump.edu.vn","Tạp chí Y học Việt Nam","1859-1868","1 điểm","07/10/2024","Trần Khánh Nga","Trần Khánh Nga, Trần Khánh Dung, Nguyễn Như Nghĩa, Nguyễn Thị Thư","Trần Khánh Nga","","Tập 545, tháng 12","https://drive.google.com/open?id=1MXdcL8xtMdBnuzAjoP-4EKw_mzMakaUj","","","","","","","",""
"24/12/2024 16:21:50","ntthu@ctump.edu.vn","Tạp chí Y học Việt Nam","Tạp chí y học Việt Nam","1 điểm","29/11/2024","GESTATIONAL DIABETES MELLITUS IN LOW-RISK POPULATIONS: TO SCREEN OR NOT TO SCREEN?","Tran Khanh Nga, Tran Khanh Dung, Nguyen Nhu Nghia, Nguyen Thi Thu","Trần Khánh Nga","4","544, số 2, 2024","https://drive.google.com/open?id=1HODGjOtw1LpPGJmR2VnlHENTqrG-atNB","","","","","","","",""
"25/12/2024 13:07:53","txquynh@ctump.edu.vn","Tạp chí Y học Việt Nam","1859-1868","1 điểm","24/09/2024","Đánh giá sự tương đồng kết quả bão hòa oxy máu giữa máy đo độ bão hòa oxy máu khi ngủ với đa ký hô hấp và khả năng tầm soát ngưng thở tắc nghẽn khi ngủ bằng máy đo độ bão hòa oxy máu khi ngủ ở bệnh nhân đái tháo đường típ 2","Trần Xuân Quỳnh, Võ Phạm Minh Thư, Phan Trần Xuân Quyên, Trát Quốc Trung","Trần Xuân Quỳnh","4","Tập 542, số 2 - tháng 9, trang 357-361","https://drive.google.com/open?id=1u9qzU1IC1BRHHV0C-YC3MsL3E6JT6ZiB","","","","","","","",""
"26/12/2024 16:01:44","hmtu@ctump.edu.vn","Tạp chí Y học Việt Nam","1859-1868","1 điểm","26/10/2023","Tình hình gan nhiễm mỡ và một số yếu tố liên quan ở nhân viên công ty cổ phần SY VINA năm 2022 - 2023","Phan Thị Kim Anh, Hoàng Minh Tú","Hoàng Minh Tú","2","Tập 532 - Tháng 11-số 2-2023, trang 192 - 196","https://drive.google.com/open?id=1CH0VvD3xQIA5SV09SqoxpfEGSZwGk_NF","","","","","","","",""
"26/12/2024 16:05:31","hmtu@ctump.edu.vn","Tạp chí Y học Việt Nam","1859-1868","1 điểm","28/06/2024","Nghiên cứu tình hình, một số yếu tố liên quan đến tuân thủ điều trị và đánh giá kết quả can thiệp truyền thông giáo dục sức khỏe trên bệnh nhân đái tháo đường type 2 điều trị ngoại trú tại Trung tâm Y tế Huyện Bàu Bàng, Tỉnh Bình DƯơng năm 2023 - 2024","Phan Quang Toàn, Hoàng Minh Tú, Huỳnh Minh Chín, Lê Nguyễn Đăng Khoa","Huỳnh Minh Chín","4","Tập 540 - Tháng 7-số 2-2024, Trang 340 - 345","https://drive.google.com/open?id=13Oy1GK6W0p8yOjTlu5M5i9krpoKJaLJ3","","","","","","","",""
"27/12/2024 12:15:36","ptthao@ctump.edu.vn","Tạp chí Da liễu học Việt Nam ","1859-4824","0.75 điểm","10/05/2024","RỐI LOẠN LO ÂU, TRẦM CẢM, STRESS Ở BỆNH NHÂN VIÊM DA CƠ ĐỊA NGƯỜI LỚN TẠI BỆNH VIỆN DA LIỄU THÀNH PHỐ CẦN THƠ NĂM 2022","Nguyễn Thị Thùy Trang, Phạm Thị Bảo Trâm, Phạm Thanh Thảo, Huỳnh Văn Bá","Nguyễn Thị Thùy Trang","4","Số 43, trang 64-71","https://drive.google.com/open?id=1yjG_WUQp2FsX4IoI67xBbNI5pJXI6rO4","","","","","","","",""
"27/12/2024 12:19:34","ptthao@ctump.edu.vn","Tạp chí Y học Việt Nam","1859-1868","1 điểm","22/07/2024","NGHIÊN CỨU TỈ LỆ NHIỄM DEMODEX VÀ MỘT SỐ YÊU TỐ LIÊN QUAN TRÊN BỆNH NHÂN VIÊM DA LỆ THUỘC CORTICOID Ở MẶT TẠI BỆNH VIỆN DA LIỄU CẦN THƠ NĂM 2023","Phạm Thị Bảo Trâm, Khuất Thị Tú Anh, Nguyễn Thị Minh Ngọc, Phạm Thanh Thảo","Phạm Thanh Thảo","4","Tập 540, số 3, trang 357-362","https://drive.google.com/open?id=1AeY-GcMnA-KayAJhhKAZ8L8EsXRIaz0j","","","","","","","",""
"27/12/2024 12:22:06","ptthao@ctump.edu.vn","Tạp chí Y học Việt Nam","1859-1868","1 điểm","14/10/2024","NGHIÊN CỨU ĐẶC ĐIỂM LÂM SÀNG, MỘT SỐ YẾU TỐ LIÊN QUAN VÀ CHẤT LƯỢNG CUỘC SỐNG Ở BỆNH NHÂN ZONA TẠI BỆNH VIỆN DA LIỄU CẦN THƠ NĂM 2023","Nguyễn Thị Thuỳ Trang, Nguyễn Thuỵ Thảo My, Trần Gia Hưng, Phạm Thanh Thảo","Nguyễn Thị Thùy Trang","4","Tập 543, số 1, trang 302-307","https://drive.google.com/open?id=1HoKMY-3T5oQm6NZvDSnX8AeTrTaWrUDH","","","","","","","",""
"27/12/2024 16:40:58","ntbhai@ctump.edu.vn","Tạp chí kiểm định vacin và sinh phẩm y tế","ISSN: 2815-6269","0.25 điểm","12/02/2024","THỰC TRẠNG PHẢN ỨNG BẤT LỢI SAU TIÊM VẮC-XIN PFIZER PHÒNG COVID-19 Ở CÔNG NHÂN TẠI CÔNG TY NAM HẢI CẦN THƠ NĂM 2021","Đặng Tấn Lợi, Nguyễn Thị Bé Hai, Võ Hồng Nhi, Trần Nguyễn Anh, Duy Đường Gia Bửu, Nguyễn Thị Hải Yến, Lương Quốc Bình","Nguyễn Thị Bé Hai","7","Tập 4, số 4, trang 1-13","https://drive.google.com/open?id=1YNVa3iR9GRuTM7wramOEHzhmUZEM3kQ9","","","","","","","",""
"27/12/2024 18:17:27","lthieu@ctump.edu.vn","Tạp chí Y học Việt Nam","1859-1868","1 điểm","09/09/2024","ĐÁNH GIÁ HIỆU QUẢ CAN THIỆP VÀ SỰ THAY ĐỔI KIẾN THỨC,  THỰC HÀNH CHĂM SÓC SỨC KHỎE SINH SẢN CỦA HỌC SINH NỮ  TRUNG HỌC CƠ SỞ TẠI THÀNH PHỐ CẦN THƠ NĂM 2023 ","Nguyễn Tấn Đạt, Nguyễn Ngọc Huyền, Lê Trung Hiếu,  Trần Tú Nguyệt, Nguyễn Thị Kiều Lan, Nguyễn Thị Thanh Thảo,  Nguyễn Việt Phương, Võ Nhật Ngân Tuyền, Bùi Thị Bích Thuỷ,  Nguyễn Thành Tấn, Nguyễn Trung Kiên, Nguyễn Minh Phương","Nguyễn Tấn Đạt","12","Tập 542, số 3-2024, trang 335-340","https://drive.google.com/open?id=1JLrDQQL4STb3zeM0JzjTriJdEazsJtBR","","","","","","","",""
"27/12/2024 18:21:20","lthieu@ctump.edu.vn","Tạp chí Y học Việt Nam","1859-1868","1 điểm","19/07/2024","QUAN ĐIỂM VỀ SỨC KHỎE SINH SẢN VÀ ĐỀ XUẤT CAN THIỆP CHO  NỮ SINH TRUNG HỌC CƠ SỞ TẠI THÀNH PHỐ CẦN THƠ","Nguyễn Tấn Đạt, Nguyễn Ngọc Huyền, Lê Trung Hiếu,  Nguyễn Thị Kiều Lan, Trần Tú Nguyệt, Nguyễn Thị Thanh Thảo,  Nguyễn Thị Hồng Tuyến, Võ Nhật Ngân Tuyền, Lê Thị Nhân Duyên,  Nguyễn Thành Tấn, Nguyễn Trung Kiên, Nguyễn Minh Phương","Nguyễn Tấn Đạt","12","Tập 541, số 1 - 2024, trang 341-346","https://drive.google.com/open?id=1GKW8r_F6y5eEIXvi1F7ELMoceGtvAxNS","","","","","","","",""
"27/12/2024 23:24:16","ndkhuong@ctump.edu.vn","tạp chí y học VN","ISSN: 1859-1868","1 điểm","01/06/2024","mối tương quan giữa nồng độ Cystatin C và Creatinin huyết thanh trong DTD2","Nguyễn Duy Khương, Võ Nhật Khoa","Võ Nhật Khoa","5","3","https://drive.google.com/open?id=17yN_AbVHdpu1uQEY7Kh9Uud-KSNDYALq","không","","","","","","",""
"27/12/2024 23:29:59","ndkhuong@ctump.edu.vn","Tạp chí Y học Việt Nam","ISSN: 1859-1868","1 điểm","01/08/2024","Hiệu quả DT bằng phối hợp DAPA ở bệnh nhân suy tim cao tuổi có PXTM giảm nhẹ ở BV ĐKST","Lâm Ngọc Thái, Nguyễn Duy Khương, Bùi Thế Dũng","Lâm Ngọc Thái, Nguyễn Duy Khương","3","tập 541, số 3, trang 167","https://drive.google.com/open?id=1L3UpciHE1HJd3bpD8rQj-1gAwvNc1OoX","","","","","","","",""
"27/12/2024 23:38:49","ndkhuong@ctump.edu.vn","Tạp chí Y học Việt Nam","ISSN: 1859-1868","1 điểm","01/10/2024","NGHIÊN CỨU MÔ HÌNH DỰ ĐOÁN BIẾN CỐ TÁI NHẬP VIỆN TRONG 30 NGÀY, Ở BỆNH NHÂN NHỒI MÁU CƠ TIM CẤP TẠI BỆNH VIỆN TRƯỜNG ĐẠI HỌC Y DƯỢC CẦN THƠ","Trần Viết An, Huỳnh Tuấn An, Nguyễn Phương Anh, Nguyễn Duy Khuê, Nguyễn Duy Khương, Nguyễn Huyền Thoại","Nguyễn Duy Khuê","5","tập 543 (https://tapchiyhocvietnam.vn/index.php/vmj/issue/view/295","https://drive.google.com/open?id=1eQ9RoGu9clWfVfO-mjMQzOeAlL90Wuq0","","","","","","","",""
"28/12/2024 11:16:29","vttrinh@ctump.edu.vn","Tạp chí Khoa học và Đào tạo thể thao","2588-1345","Kỷ yếu có phản biện","20/12/2024","Building a scale to assess the motivation to participate in recreational sports activities of students at Can Tho University of Medicine and Pharmacy","Truong Thi Tuyet Chau, Nguyen Lam Minh Dang, Vo Thanh Trinh","Truong Thi Tuyet Chau, Nguyen Lam Minh Dang","3","60","https://drive.google.com/open?id=1xrrGKdcxcmXxwf64iknb-jKMSv2L-olb","","","","","","","",""
"28/12/2024 17:10:29","ltquynh@ctump.edu.vn","Tạp chí Giáo dục và Xã hội","Tạp chí Giáo dục và Xã hội có mã số ISSN: ISSN 1859 - 3917","0.5 điểm","20/12/2024","Biện pháp giáo dục phẩm chất đạo đức cho học sinh Tiểu học","Lê Thị Quỳnh","Lê Thị Quỳnh","1","Số 165 tháng 12/2024 (Kỳ 2), trang 99-103","https://drive.google.com/open?id=18ppNxgjmpphE-3BfilZAMDWuF7LtD1kb","","","","","","","",""
"28/12/2024 20:22:59","ltquynh@ctump.edu.vn","Tạp chí Giáo dục và Xã hội","Tạp chí Giáo dục và Xã hội có mã số ISSN: ISSN 1859 - 3917","0.5 điểm","20/12/2024","Biện pháp giáo dục phẩm chất đạo đức cho học sinh Tiểu học","Lê Thị Quỳnh","Lê Thị Quỳnh","1","Số 165 tháng 12/2024 (Kỳ 2), trang 99-103","https://drive.google.com/open?id=1h182NVmP9s91Nkj7oUefh2zchXNJ8hOw","Xin lỗi! Do lần đầu tiên nhập nên nhập nhầm thông tin và đã nhập lại.","","","","","","",""
"03/01/2025 8:33:36","tnkhue@ctump.edu.vn","Tạp chí Y học Việt Nam","ISSN: 1859-1868","1 điểm","01/08/2024","Đánh giá kết quả phẫu thuật cấy implant all-on 6 ở bệnh nhân mất răng có nhu cầu phục hình toàn hàm","Trần Thị Cẩm Vân, Trương Nhựt Khuê, Trần Ngọc Quảng Phi","Trần Thị Cẩm Vân","","tập 542, số 1 trang 43-","https://drive.google.com/open?id=15UK2kqyw0F19A6PJ3woh71xWaRZnwc8_","","","","","","","",""
"03/01/2025 8:38:26","tnkhue@ctump.edu.vn","Tạp chí Y học Việt Nam ","ISSN: 1859-1868","1 điểm","01/09/2024","Đánh giá một số yếu tố liên quan với kết quả phục hình tạm cố định bắt vít sau khi cấy 04 implant tức thì ở bệnh nhân mất răng toàn bộ","Nguyễn Hiếu Tùng, Trương Nhựt Khuê","Nguyễn Hiếu Tùng","2","tập 543, số 1, trang 298-302","https://drive.google.com/open?id=1wznmnWIKtiUJSN0nxhk-y_a_gOaiITms","","","","","","","",""
"03/01/2025 8:48:31","tnkhue@ctump.edu.vn","Tạp chí Y học Việt Nam","ISSN: 1859-1868","1 điểm","01/09/2024","Đặc điểm lâm sàng X quang và kết quả điều trị kết hợp xương nẹp vít nhỏ ở bệnh nhân gãy xương hàm dưới vùng góc hàm tại Bệnh viện Răng Hàm Mặt Thành phố Hồ Chí MInh","Phạm Văn Sáu, Trương Nhựt Khuê, Hồng Quốc Khanh","Phạm Văn Sáu","3","tập 542, số 1, trang 355-359","https://drive.google.com/open?id=1tS9QcDUB3gCw2rdgYsg_J6k57l1nKy8z","","","","","","","",""
"03/01/2025 8:51:40","tnkhue@ctump.edu.vn","Tạp chí Y học Việt Nam","ISSN: 1859-1868","1 điểm","01/10/2024","Kết quả phẫu thuật điều trị gãy phức hợp gò má bằng nẹp vít nhỏ tại Bệnh viện Đa khoa Trung ương Cần Thơ năm 2023-2024","Võ Bá Minh Trí, Lê Minh Thuận, Trần Minh Triết, Trần Linh Nam, Trương Nhựt Khuê","Võ Bá Minh Trí","5","tập 543, số 1, trang 310-314","https://drive.google.com/open?id=1JRdHgHr08Eo-FPE4OdaOAi8H_xtgnMDK","","","","","","","",""
"20/01/2025 10:31:43","nvtuan@ctump.edu.vn","Journal of Nursing Science","2615-9589","0.25 điểm","17/01/2025","Family support behaviors among type 2 diabetes patients at 108 Military Central Hospital","Le Thanh Ha, Ngo Thi Phuong, Nguyen Van Tuan","Le Thanh Ha","3","Tập 8, số 1, trang 39-46","https://drive.google.com/open?id=1Ml3Eu1yeGAUYnW4N3ufpFo1JK0yzer49","","","","","","","",""
"23/01/2025 17:30:53","nvtuan@ctump.edu.vn","Sức khỏe nội tiết ","2525-2542","0.25 điểm","20/12/2024","Chất lượng cuộc sống: Mô hình phân tích khái niệm","Lê Thanh Hà, Nguyễn Trường Sơn, Nguyễn Văn Tuấn","Lê Thanh Hà","3","Tập 23, số 4, trang 23-29","https://drive.google.com/open?id=14R09BRmdykX5VxENigfJvygpZPFWE3VC","","","","","","","",""
"23/01/2025 22:55:06","nvttrang@ctump.edu.vn","Tạp chí Nghiên Cứu Y Học","ISSN: 2354-080X","1 điểm","10/01/2025","Sốc nhiễm khuẩn tại Bệnh viện Hoàn Mỹ Cửu Long: Kết quả điều trị và một số yếu tố tiên lượng","Nguyễn Việt Thu Trang, Nguyễn Thành Luân","Nguyễn Việt Thu Trang","2","Tập 186, số 1 (2025), trang 208-215","https://drive.google.com/open?id=1uEycIUgKKvEnTGMsAiCBJpoLgefZTjpl, https://drive.google.com/open?id=1XPJzASLKN_SwC445fybYw-0Kg-BB3CWX","","","","","","","",""
"23/01/2025 23:02:02","nvttrang@ctump.edu.vn","Tạp chí Nghiên Cứu Y Học- Trường Đại học Y Hà Nội","ISSN: 2354-080X","1 điểm","10/01/2025","Sốc nhiễm khuẩn tại Bệnh viện Hoàn Mỹ Cửu Long: Kết quả điều trị và một số yếu tố tiên lượng","Nguyễn Việt Thu Trang, Nguyễn Thành Luân","Nguyễn Việt Thu Trang","2","Tập 186, số 1 (2025), trang 208-215","https://drive.google.com/open?id=1I6pbjrck-6wcd5eAy2JAXjBNO2N-kST4, https://drive.google.com/open?id=1aKTzVNswuBYGUlWEA7qC_xVdH8JDfr2T","","","","","","","",""
"10/02/2025 19:29:25","nvtuan@ctump.edu.vn","Y Dược học Phạm Ngọc Thạch","2815-6366","0.25 điểm","20/01/2025","Suy giảm nhận thức ở người bệnh đái tháo đường: phân tích khái niệm","Lê Thanh Hà, Ngô Thị Phượng, Lương Tuấn Anh, Nguyễn Văn Tuấn, Lê Mỹ Duyên, Nguyễn Trường Sơn","Lê Thanh Hà","6","Tập 4, số 3, trang 5-11","https://drive.google.com/open?id=1zQ3GgqOe1KzIkFNe-yX8Wb7OI7iK1zRh","","","","","","","",""
"14/02/2025 5:51:53","tthongnhung@ctump.edu.vn","Tạp chí Y học Việt Nam","1859-1868","1 điểm","27/01/2025","ĐẶC ĐIỂM ĐA HÌNH RS676210 GEN APOB Ở BỆNH NHÂN RỐI LOẠN LIPID MÁU","Nguyễn Thái Hoà, Trần Viết An, Thái Thị Hồng Nhung, Phan Hữu Hên, Nguyễn Thuý Quyên, Nguyễn Thị Ngọc Hân, Nguyễn Thế Bảo","Nguyễn Thế Bảo","7","Tập 546 Số 1 (2025), trang 165-169","https://drive.google.com/open?id=1_g2yEx9l8C4w7kW2nCFrCXcJf8aG9zJS","","","","","","","",""
"14/02/2025 6:05:59","nthoa@ctump.edu.vn","Tạp chí Y học Việt Nam","1859-1868","1 điểm","27/01/2025","ĐẶC ĐIỂM ĐA HÌNH RS676210 GEN APOB Ở BỆNH NHÂN RỐI LOẠN LIPID MÁU","Nguyễn Thái Hoà1,, Trần Viết An1, Thái Thị Hồng Nhung1, Phan Hữu Hên2, Nguyễn Thuý Quyên1, Nguyễn Thị Ngọc Hân1, Nguyễn Thế Bảo1","Nguyễn Thế Bảo","7","Tập 546 Số 1 (2025), trang 165-169","https://drive.google.com/open?id=1wFmumY4Rc55fSxkcVFSZ3TTMxB80u7Rd","","","","","","","",""
"21/02/2025 10:51:58","nhlong@ctump.edu.vn","Tạp chí Y Dược Huế","3030-4318","1 điểm","25/12/2024","Đặc điểm lâm sàng và cận lâm sàng ở bệnh nhân gãy xương đốt sống do loãng xương","Ngô Hoàng Long, Nguyễn Hoàng Thanh Vân, Hà Thoại Kỳ","Ngô Hoàng Long (Tác giả chính)","3","Tập 14/2024, số 7, trang 102-107","https://drive.google.com/open?id=1xwzR2UPi8cutZbOjGBkhbCz3C4w_5LrM","","","","","","","",""
"03/03/2025 9:49:27","nvttrang@ctump.edu.vn","Tạp chí Y học Việt Nam","1859-1868","1 điểm","28/02/2025","Biến đổi rối loạn chức năng cơ quan và mối liên quan với kết cục trong sốc nhiễm khuẩn","Nguyễn Việt Thu Trang, Võ Minh Phương, Đoàn Đức Nhân, Lê Quang Trung, Nguyễn Thành Luân","Nguyễn Việt Thu Trang","5","Tập 547, số 1, trang 276 - 281","https://drive.google.com/open?id=1pqgPYJZHduV22lP-e6QhDplH-QZAK2wF, https://drive.google.com/open?id=146W7vaGyiMJSn7PDhQQrlHMnrzPop1yl","","","","","","","",""
"05/03/2025 15:46:06","nvtuan@ctump.edu.vn","Tạp chí Dinh dưỡng và Thực phẩm ","1859-0381","0.5 điểm","28/02/2025","THỰC TRẠNG DINH DƯỠNG Ở NGƯỜI BỆNH ĐIỀU TRỊ NỘI TRÚ  TẠI KHOA NỘI TIẾT BỆNH VIỆN TRUNG ƯƠNG QUÂN ĐỘI 108","Lê Thanh Hà, Ngô Thị Phượng, Nguyễn Văn Tuấn","Lê Thanh Hà","3","Tập 21, số 3, trang 131-137","https://drive.google.com/open?id=1R_n6o3nAp02zmItDiY6egqA4VsRuIsGg","","","","","","","",""
"16/03/2025 14:25:34","mnttruc@ctump.edu.vn","Tạp chí nghiên cứu y học ","ISSN: 2354-080X","1 điểm","28/02/2025","Một số yếu tố liên quan đến năng lực lâm sàng của sinh viên điều dưỡng Trường Đại học Y Dược Cần Thơ năm 2024","Nguyễn Thị Thanh Trúc, Lê Thị Kim Chi, Mai Nguyễn Thanh Trúc, Nguyễn Hồng Thiệp, Nguyễn Thị Thanh Nhàn","Nguyễn Thị Thanh Trúc","5","187, số 2, trang 314 - 321","https://drive.google.com/open?id=1gGCgBEoS2UpkHiTqWzMX-WOw56C6047W","","","","","","","",""
"16/03/2025 23:19:48","hkhieu@ctump.edu.vn","Tạp chí Y học Việt Nam","1859-1868","1 điểm","05/02/2025","ĐÁNH GIÁ KẾT QUẢ ĐIỀU TRỊ VIÊM CÂN GAN CHÂN BẰNG PHƯƠNG PHÁP TIÊM CORTICOID TẠI CHỖ","Đặng Phước Giàu, Nguyễn Chí Nguyện, Lý Tuyết Nhi1, Võ Văn Phúc Toàn, Lê Thị Tuyết Đoan, Huỳnh Kim Hiệu,","Huỳnh Kim Hiệu","6","Tập 546 Số 3 (2025)","https://drive.google.com/open?id=1VLkJoFverFsfjDvAfmqC17kH97UQyGbh","https://doi.org/10.51298/vmj.v546i3.12758","","","","","","",""
"16/03/2025 23:32:38","hkhieu@ctump.edu.vn","Nghiên cứu Y học","2354-080X","1 điểm","27/02/2025","Kết quả điều trị gãy kín hai xương cẳng tay bằng hai nẹp vít qua một đường mổ giữa mặt trước","ương Khải, Huỳnh Văn Thế, Trang Tiến Đạt, Nguyễn Hửu Phước, Trần Quốc Cường, Võ Văn Toàn Phúc, Nguyễn Hoài Đức, Huỳnh Kim Hiệu","Huỳnh Kim Hiệu","8","Tập 187 Số 2 (2025)","https://drive.google.com/open?id=1rEt4QMhoUFDIKd_xOE0d_K9Gu62d9neX","","","","","","","",""
"17/03/2025 15:19:19","ndlinh@ctump.edu.vn"," Tạp chí Y học Việt Nam","1859-1868","1 điểm","28/02/2025","KẾT QUẢ VI PHẪU THUẬT ĐIỀU TRỊ TÚI PHÌNH ĐỘNG MẠCH NÃO VỠ TẠI BỆNH VIỆN ĐA KHOA TRUNG ƯƠNG CẦN THƠ","Trần Thiện Khiêm, Nguyễn Hữu Tài, Trần Văn Minh, Nguyễn Duy Linh, Hà Thoại Kỳ","Trần Thiện Khiêm","5","Tập 547, số 1, trang 378-383","https://drive.google.com/open?id=1s2AXDY-rLZAvXbZeacGOj9Qoj7O0X53b","bài cuối file","","","","","","",""
"18/03/2025 8:41:09","nbthuy@ctump.edu.vn","Tạp chí Y học Việt Nam","1859-1868","1 điểm","30/12/2024","TỶ LỆ NHIỄM, THÀNH PHẦN LOÀI VÀ MỘT SỐ YẾU TỐ LIÊN QUAN ĐẾN NHIỄM VI NẤM NGOÀI DA Ở BỆNH NHÂN ĐẾN KHÁM TẠI BỆNH VIỆN TRƯỜNG ĐẠI HỌC Y DƯỢC CẦN THƠ","Phan Hoàng Đạt , Nguyễn Thị Pha , Trịnh Thị Hồng Của , Nguyễn Thị Thảo Linh , Lê Nguyễn Uyên Phương , Nguyễn Bùi Thái Huy","Nguyễn Thị Thảo Linh","6","Tập 546, tháng 1, số 3, 2025 trang 343-347","https://drive.google.com/open?id=1-trYPr5R4h_jCCMZl4OJM2UgXXyLNCQS","","","","","","","",""
"19/03/2025 9:54:33","nthithuytrang@ctump.edu.vn","Tạp chí Y học Việt Nam","1859-1868","1 điểm","30/03/2025","Assessment of sleep disorders before and after itraconazol treatment in seborrheic dermatitis","Ha My Quyen, Nguyen Thi Thuy Trang, Pham Thi Bao Tram, Lac Thi Kim Ngan, Truong Dieu Hien, Đang Hoang Chương, Nguyen Trung Hau, Le Van Đat, Đo Hoang Long, Huynh Van Ba, Tran Đo Hung, Tran Gia Hung","Tran Gia Hung","11","Tập 550, số 1","https://drive.google.com/open?id=14NUAv_eReJKBYaZT_CsD5DWEX7sNu-ZL","","","","","","","",""
"19/03/2025 11:47:51","nhkhiem@ctump.edu.vn","Tạp chí Da liễu học Việt Nam","1859-4824","0.75 điểm","30/09/2024"," ĐẶC ĐIỂM VI KHUẨN HỌC, KHÁNG SINH ĐỒ  VÀ KẾT QUẢ ĐIỀU TRỊ VIÊM MÔ BÀO  TẠI BỆNH VIỆN DA LIỄU THÀNH PHỐ CẦN THƠ NĂM 2022"," Nguyễn Hoàng Khiêm, Nguyễn Thị Thùy Trang, Nguyễn Hải Đăng, Huỳnh Văn Bá","Nguyễn Hoàng Khiêm","4","Số 45, trang 17-26","https://drive.google.com/open?id=1MX6QjjLEl7bh3sI6pkp2FhUqglCoOOpL, https://drive.google.com/open?id=127nYjpvzj8xddvXgijc-UHEa6qb1Kprv","","","","","","","",""
"19/03/2025 11:56:43","nvphuong@ctump.edu.vn","Tạp chí Khoa học Điều dưỡng","2734-9632","0.25 điểm","21/02/2025","Adversity quotient and professional quality of life among nurses in two public hospitals in southern Vietnam: A cross-sectional study","Nguyễn Việt Phương, D Edreck Estioko ","Nguyễn Việt Phương","2","Tập 8(01), 107–118.","https://drive.google.com/open?id=1dxXhss0qBi3L0BagIm9aW1ST4OWzMwsD","","","","","","","",""
"19/03/2025 13:37:28","ntktuong@ctump.edu.vn","Tạp chí Y học Việt Nam","1859-1868","1 điểm","30/12/2024","Đặc điểm nội soi, mô bệnh học và kết quả cắt đốt kết hợp với kẹp clip qua nội soi polyp có cuống ở đại trực tràng","Nguyễn Thanh Liêm, Lê Thị Thúy Loan, Huỳnh Văn Lộc, Trần Đặng Đăng Khoa, Lương Thị Thúy Loan, Nguyễn Văn Tuấn, Nguyễn Việt Phương, Nguyễn Thị Kim Tường ","Lê Thị Thúy Loan","8","Tập 546, số 3, trang 383-387","https://drive.google.com/open?id=1QpX9zFBQxsHGp4XD4OP8qnQ5RUaZbI7q","","","","","","","",""
"19/03/2025 14:05:39","ntklan@ctump.edu.vn","Tạp chí Y Dược học Cần Thơ","2354-1210","0.5 điểm","25/10/2024","THỰC TRẠNG VÀ MỘT SỐ YẾU TỐ LIÊN QUAN ĐẾN VIỆC HÚT THUỐC LÁ, THUỐC LÁ ĐIỆN TỬ CỦA SINH VIÊN TRƯỜNG ĐẠI HỌC Y DƯỢC CẦN THƠ NĂM 2023","Nguyễn Minh Trung1,, Lê Minh Hữu1, Trần Nguyễn Du2, Lâm Nhựt Anh1, Trần Văn Đệ1, Nguyễn Lê Ngọc Giàu1, Nguyễn Thị Kiều Lan1, Huỳnh Khải Quang2","Nguyễn Minh Trung","8","số 81,2024 ","https://drive.google.com/open?id=1uZhbsOmJA_lXT93MH7U5mZQfRHx4MUWd","","","","","","","",""
"19/03/2025 17:20:12","nthong@ctump.edu.vn","Tạp chí Y học Việt Nam","1859-1868","1 điểm","12/11/2024","ĐÁNH GIÁ TÍNH ĐỒNG NHẤT VÀ ĐỘ ỔN ĐỊNH CỦA CHỈ SỐ APTT  (ACTIVATED PARTIAL THROMBOPLASTIN TIME) TRONG HUYẾT TƯƠNG ĐÔNG KHÔ ỨNG DỤNG CHO CHƯƠNG TRÌNH NGOẠI KIỂM ĐÔNG MÁU","Nguyễn Thị Hồng , Lê Thị Thùy Trang, Nguyễn Khánh Cường ,  Nguyễn Tiến Huỳnh , Trần Nhật Nguyên , Lê Thanh Tùng ,  Lê Văn Chương, Nguyễn Đức Thắng , Trần Thanh Tùng , Nguyễn Thị Thảo , Vũ Quang Huy","Nguyễn Thị Hồng","11","Tập 544, số 3, trang 145-149","https://drive.google.com/open?id=1HODRC_jjAh7r8atgwrjPWwiGxVdxKQh4","","","","","","","",""
"19/03/2025 20:00:06","ntktuong@ctump.edu.vn","Tạp chí Khoa học Điều dưỡng","2734-9632","0.25 điểm","15/11/2024","Kiến thức và thái độ về phòng ngừa chuẩn của sinh viên hộ sinh Trường Đại học Y dược Cần Thơ","Nguyễn Lê Khả Ái , Nguyễn Văn Tuấn, Nguyễn Thị Kim Tường, Nguyễn Quang Huy, Trần Như Ngọc, Nguyễn Thị Thanh Mai, Trần Thị Minh Thi","Nguyễn Văn Tuấn","8","Tập 7, số 06, trang 70–76","https://drive.google.com/open?id=1Fd1vphE6ZpytpKB5jkvppIwfb1dsfE1J","","","","","","","",""
"20/03/2025 10:11:37","htmduyen@ctump.edu.vn","Science and Technology Development Journal","1859-0128","1 điểm","30/09/2024","Solid dispersion system – An effective solution to enhance solubility of mangiferin","Huỳnh Thị Mỹ Duyên, Đặng Ái Nhi, Đỗ Hoàng Quyên, Nguyễn Phước Vinh","Nguyễn Phước Vinh","4","27(3), 2024, trang 3542-3549","https://drive.google.com/open?id=1fyJgbnA4gvqXTgXNnfFyoPToJO9f2M1u","","","","","","","",""
"20/03/2025 10:17:36","htmduyen@ctump.edu.vn","Y học Việt Nam","1859-1868","1 điểm","14/10/2024","THỰC TRẠNG VÀ MỘT SỐ YẾU TỐ LIÊN QUAN ĐẾN SỰ HÀI LÒNG CỦA NGƯỜI BỆNH NGOẠI TRÚ VỀ DỊCH VỤ CẤP PHÁT THUỐC BHYT TẠI BỆNH VIỆN ĐA KHOA VĨNH LONG","Trương Minh Thùy, Hoàng Đình Tiếng, Võ Quang Lộc Duyên, Huỳnh Thị Mỹ Duyên","Huỳnh Thị Mỹ Duyên","4","543(1) 2024, trang 287-291","https://drive.google.com/open?id=1ci-S4Qx4oBv-0CSHsDdssIp7bHoP-LfR","","","","","","","",""
"21/03/2025 7:21:45","tthcua@ctump.edu.vn","Tạp chí Y học Việt Nam","1859-1868","1 điểm","01/02/2025","Tần suất kiểu gen HLA-A và HLA-B ở bệnh nhân ung thư vòm mũi họng","Trịnh Thị Hồng Của, Trần Ngọc Dung, Phan Thị Phi Phi, Nguyễn Trịnh Gia Minh, Nguyễn Trần Phương Vy, Trần Tín Nghĩa","Trần Tín Nghĩa","6","Tập 2, số 1, trang 240-244","https://drive.google.com/open?id=11Y_2H9bWln6_dEQtzgRm3g0LdWUbBo4S","","","","","","","",""
"21/03/2025 7:26:08","tthcua@ctump.edu.vn","Tạp chí Y học Việt Nam","1859-1868","1 điểm","01/01/2025","Tỷ lệ nhiễm, thành phần loài và một số yếu tố liên quan đến nhiễm vi nấm ngoài da ở bệnh nhân đến khám tại Bệnh viện Trường Đại học Y Dược Cần Thơ","Phan Hoàng Đạt, Nguyễn Thị Pha, Trịnh Thị Hồng Của, Nguyễn Thị Thảo Linh, Lê Nguyễn Uyên Phương, Nguyễn Bùi Thái Huy","Nguyễn Thị Thảo Linh","6","Tập 546, số 3, trang 343-348","https://drive.google.com/open?id=1uAz0R96CH-d_DJDYmn65TLMq7jk2NF7k","","","","","","","",""
"23/03/2025 14:53:17","ttdtrinh@ctump.edu.vn","Tạp chí Y Dược học Cần Thơ","2354-1210","0.5 điểm","25/06/2024","SURVEY ON SLEEP QUALITY AND RELATED FACTORS AMONG NURSING STUDENTS AT CAN THO UNIVERSITY OF MEDICINE AND PHARMACY IN 2023","Lê Kim Nguyên, Trương Thị Diễm Trinh, Võ Thị Tường Vi, Nguyễn Thị Minh Khuê, Nguyễn Thị Yến Nhi, Ngô Thị Dung, Mai Nguyễn Thanh Trúc","Lê Kim Nguyên","7","Tập 10, số 7 (2024): số tiếng Anh, trang 146-151","https://drive.google.com/open?id=1sgLyOARiTUEF90XZHcFlDufv0LNifjqS","","","","","","","",""
"23/03/2025 18:05:55","dtngan@ctump.edu.vn","Tạp chí Nghiên cứu Y học"," 2354-080X ","0.5 điểm","10/01/2025","Tác dụng phục hồi vận động của cấy chỉ kết hợp Bổ dương hoàn ngũ thang, điện châm, xoa bóp bấm huyệt trên bệnh nhân sau nhồi máu não thể khí suy huyết ứ","Lê Minh Hoàng, Vũ Đình Quỳnh, Huỳnh Thanh Vũ, Lâm Quang Vinh, Đào Minh Phúc, Nguyễn Thị Minh Châu","Nguyễn Thị Minh Châu","6","Tập 186 Số 1 (2025)","https://drive.google.com/open?id=1pGnrucayXJNKV02j1tZVpWfuKWmpLNmx","Lê Minh Hoàng (00490),  Lâm Quang Vinh (00681)","","","","","","",""
"23/03/2025 18:11:29","dtngan@ctump.edu.vn","Tạp Chí Khoa học Và Công nghệ - Đại học Đà Nẵng","1859-1531","Kỷ yếu có phản biện","31/01/2025","Khảo sát hoạt tính kháng oxy hóa và ức chế enzyme tyrosinase của vi khuẩn nội sinh phân lập từ cây dừa cạn (Catharanthus roseus)","Trần Chí Linh*,Nguyễn Huỳnh Bích Liễu,Lê Thị Xuân Diễm,Dương Tuyết Ngân, Nguyễn Thị Hồng Hạnh","Trần Chí Linh","5","Vol. 23, No. 1, 2025 ","https://drive.google.com/open?id=1IqgE3jnDw0zxFEtacICe7dtgf0PvJ3bv","Dương Tuyết Ngân (00862)","","","","","","",""
"23/03/2025 18:14:32","dtngan@ctump.edu.vn","Tạp chí Y học Việt Nam","1859-1868","1 điểm","13/02/2025","Đánh giá hiệu quả điều trị liệt dây thần kinh VII ngoại biên bằng phương pháp điện châm kết hợp xoa bóp bấm huyệt tại Bệnh viện y học cổ truyền thành phố Cần Thơ năm 2024","Sơn Võ Duy Dương, Nguyễn Trí, Nguyễn Thị Hồng Vân, Đào Minh Phúc, Lê Minh Hoàng","Lê Minh Hoàng","5"," Số 2 (Tập 547) 2/2025","https://drive.google.com/open?id=1gqxNa3lFlM2epl91_i_Lm1qddQT1benT","","","","","","","",""
"23/03/2025 20:16:26","dpgiau@ctump.edu.vn","Tạp chí Y học Việt Nam","1859-1868","1 điểm","05/02/2025","ĐÁNH GIÁ KẾT QUẢ ĐIỀU TRỊ VIÊM CÂN GAN CHÂN BẰNG PHƯƠNG PHÁP TIÊM CORTICOID TẠI CHỖ","Đặng Phước Giàu, Nguyễn Chí Nguyện, Lý Tuyết Nhi, Võ Văn Phúc Toàn, Lê Thị Tuyết Đoan, Huỳnh Kim Hiệu","Đặng Phước Giàu","6","Tập 546, Số 3, Trang 290-293 ","https://drive.google.com/open?id=15iEsFSleL3EXkW897KlSd1Dp3iTQgHlO","","","","","","","",""
"24/03/2025 0:44:42","nqtuan@ctump.edu.vn","Tạp chí nghiên cứu y học","ISSN 2354-080X","1 điểm","10/01/2025","BÁO CÁO HÀNG LOẠT CA: ĐẶC ĐIỂM NHỮNG TRƯỜNG HỢPTHAI NGOÀI TỬ CUNG VỠ MẤT MÁU ≥ 300ML ","Nguyễn Quốc Tuấn, Lê Hồng Thịnh, Nguyễn Thái Hoàng, Lê Trần Xuân Thảo, Nguyễn Xuân Mỹ","Nguyễn Xuân Mỹ","","Tập 186, số 1, trang 333-339","https://drive.google.com/open?id=1t0ch99H3bq39JI9lAyNUm_OuHDDEjJEQ","","","","","","","",""
"24/03/2025 10:59:57","ntliem@ctump.edu.vn","Tạp chí Y học Việt Nam","1859-1868","1 điểm","05/02/2025","ĐẶC ĐIỂM NỘI SOI, MÔ BỆNH HỌC VÀ KẾT QUẢ CẮT ĐỐT KẾT HỢP VỚI KẸP CLIP QUA NỘI SOI POLYP CÓ CUỐNG Ở ĐẠI TRỰC TRÀNG","Nguyễn Thanh Liêm, Lê Thị Thúy Loan, Huỳnh Văn Lộc, Trần Đặng Đăng Khoa, Lương Thị Thúy Loan, Nguyễn Văn Tuấn, Nguyễn Việt Phương, Nguyễn Thị Kim Tường","Lê Thị Thúy Loan","8","Tập 546, số 3, trang 383-387","https://drive.google.com/open?id=1LDHft8u7LBDJ2eEVSJciMHTaGxg956-E","","","","","","","",""
"24/03/2025 11:06:15","tvhoang@ctump.edu.vn","Tạp chí Nghiên cứu Y Học","2354-080X","1 điểm","15/02/2025","ĐÁNH GIÁ KẾT QUẢ NGẮN VÀ TRUNG HẠN PHẪU THUẬT HẠ ĐẠI TRÀNG QUA HẬU MÔN ĐIỀU TRỊ BỆNH HIRSCHSPRUNG TẠI BỆNH VIỆN NHI ĐỒNG 1 - 2","Trần Việt Hoàng, Huỳnh Minh Tuấn, Vũ Trường Nhân, Huỳnh Thị Phương Anh, Trương Nguyễn Uy Linh","Trần Việt Hoàng","5","Tập 187, số 2, trang 1760-184","https://drive.google.com/open?id=1CJjVzt7HlmoOBBo5yZK3_F01ti-WP-2q","","","","","","","",""
"24/03/2025 14:02:07","dtngan@ctump.edu.vn","Tạp chí Y học cộng đồng","2354 - 0613","0.75 điểm","24/03/2025","ĐÁNH GIÁ HIỆU QUẢ GIẢM ĐAU CỦA PHƯƠNG PHÁP ĐIỆN CHÂM GIÁP TÍCH VÙNG THẮT LƯNG SO VỚI ĐIỆN CHÂM THEO NGUYÊN TẮC NGUYÊN LẠC TRÊN BỆNH NHÂN ĐAU THẮT LƯNG DO THOÁI HÓA CỘT SỐNG","Sầm Huyền Sanh, Nguyễn Thị Hằng, Trương Công Khanh, Phạm Thanh Việt, Nguyễn Thị Linh Hoa, Nguyễn Thị Thanh Trúc, Lê Minh Hoàng","Nguyễn Thị Thanh Trúc","7","Số 66, tập 2, 267-273","https://drive.google.com/open?id=1EmWl3IkSOYNQlIqYVL6Zs0Vi_Eg9fyXy","Lê Minh Hoàng (00490)","","","","","","",""
"24/03/2025 14:05:04","dtngan@ctump.edu.vn","Tạp chí Y học cộng đồng","2354 - 0613","0.75 điểm","24/03/2025","BƯỚC ĐẦU ĐÁNH GIÁ KẾT QUẢ LÂM SÀNG CỦA BÀI THUỐC QUYÊN TÝ THANG GIA QUẾ CHI, TẠO GIÁC THÍCH TRÊN BỆNH NHÂN CÓ HỘI CHỨNG CỔ VAI CÁNH TAY DO THOÁI HÓA CỘT SỐNG CỔ","Lê Minh Hoàng, Võ Chí Hiếu, Đào Minh Phúc, Hồ Hà Duy, Nguyễn Thị Thanh Trúc","Nguyễn Thị Thanh Trúc","5","Số 66, tập 2, 287-292","https://drive.google.com/open?id=1_0YmBmNvGeFnHamRlWqK_GwFAQtTTn1-","Lê Minh Hoàng (00490)","","","","","","",""
"24/03/2025 14:07:57","dtngan@ctump.edu.vn","Tạp chí Y học cộng đồng","2354 - 0613","0.75 điểm","24/03/2025","HIỆU QUẢ CỦA BÀI THUỐC HOÀNG KỲ QUẾ CHI NGŨ VẬT THANG TRÊN BỆNH NHÂN CÓ HỘI CHỨNG CHÈN ÉP RỄ THẦN KINH ĐIỀU TRỊ TẠI BỆNH VIỆN Y HỌC CỔ TRUYỀN THÀNH PHỐ CẦN THƠ","Lê Minh Hoàng, Lâm Quang Vinh, Đào Minh Phúc, Nguyễn Thị Bích Tiên","Nguyễn Thị Bích Tiên","4","Số 66, tập 2, 293-299","https://drive.google.com/open?id=1VvQfKdmdCcllL8KSLxGV0hKbDSJg43mq","Lê Minh Hoàng (00490), Lâm Quang Vinh (00681)","","","","","","",""
"24/03/2025 15:28:02","nvbo@ctump.edu.vn","Kỷ yếu","Kỷ yếu","Kỷ yếu có phản biện","22/02/2025","Cơ hội, thách thức và tư duy khởi nghiệp đổi mới sáng tạo","Nguyễn Phục Hưng, Võ Thị Mỹ Hương, Ngô Phương Thảo, Nguyễn Văn Bộ, Lê Thị Thanh Yến","Nguyễn Phục Hưng","5","Trang 12-20","https://drive.google.com/open?id=1cB2lFT4fg0CatGwf5cFbX1-Joh33X8zv","","","","","","","",""
"24/03/2025 16:21:06","ntthanhnhan@ctump.edu.vn","Tạp chí Nghiên cứu Y học (Trường Đại học Y Hà Nội)","ISSN: 2354-080X","1 điểm","27/02/2025","Một số yếu tố liên quan đến năng lực lâm sàng của sinh viên điều dưỡng Trường Đại học Y Dược Cần Thơ năm 2024","Nguyễn Thị Thanh Trúc, Lê Thị Kim Chi, Mai Nguyễn Thanh Trúc, Nguyễn Hồng Thiệp, Nguyễn Thị Thanh Nhàn","Nguyễn Thị Thanh Trúc","5","Tập 187, số 2, trang 314-321","https://drive.google.com/open?id=1deUqtbS-TpTg9lLFslyndBBrm3YDuL4-","","","","","","","",""
"24/03/2025 16:24:32","lttyen@ctump.edu.vn","Kỷ yếu ","Kỷ yếu","Kỷ yếu có phản biện","22/02/2025","Co hội, thách thức và tư duy khởi nghiệp đổi mới sáng tạo","""Nguyễn Phục Hưng"", 'Võ Thị Mỹ Hương"", ""Ngô Phương Thảo"", ""Nguyễn Văn Bộ"", ""Lê Thị Thanh Yến"""", ","Võ Thị Mỹ Hương","5","Trang 12","https://drive.google.com/open?id=1EZFzqkbSKEMFhPM_wgQi76-dJoBgm0af","","","","","","","",""
"24/03/2025 16:49:49","hmtu@ctump.edu.vn","Tạp chí Y học Việt Nam","1859-1868","1 điểm","25/12/2024","Đặc điểm lâm sàng và cận lâm sàng ối vỡ non ở tuổi thai 28 tuần 0 ngày đến tuổi thai 34 tuần 0 ngày tại Bệnh viện Phụ Sản Cần Thơ năm 2024","Bành Dương Yến Nhi, Trần Thị Sơn Trà, Phạm Thị Thùy Linh, Đặng Thị Mai Anh, Chung Cẩm Ngọc, Nguyễn Hửu Phước, Đoàn Dũng Tiến, Hoàng Minh Tú","Hoàng Minh Tú","8","Tập 546, số 2 tháng 1-2025, trang 340-345","https://drive.google.com/open?id=1wv4w_6qg64h64bv7po86WAOBkSPhV_bc","","","","","","","",""
"24/03/2025 23:07:50","hmtu@ctump.edu.vn","Tạp chí Y học Việt Nam","1859-1868","1 điểm","20/01/2025","Đánh giá kết quả điều trị u xơ tử cung bằng phương pháp cắt tử cung toàn phần qua ngả bụng tại Bệnh viện Đa khoa Trung ương Cần Thơ năm 2024","Bành Dương Yến Nhi, Trần Thị Sơn Trà, Nguyễn Minh Vũ, Nguyễn Minh Nghiêm, Chung Cẩm Ngọc, Nguyễn Hửu Phước, Đoàn Dũng Tiến, Hoàng Minh Tú","Hoàng Minh Tú","8","547, số 1 tháng 1-2025, trang 44-48","https://drive.google.com/open?id=1KhbhSB8Puc_4fVREekwqOaIRGgOjaRm9","","","","","","","",""
"24/03/2025 16:57:38","hmtu@ctump.edu.vn","Tạp chí Y học Việt Nam","1859-1868","1 điểm","22/01/2025","Đặc điểm lâm sàng, cận lâm sàng và kết quả điều trị viêm lộ tuyến cổ tử cung bằng phương pháp áp lạnh tại Bệnh viện Phụ sản Cần Thơ năm 2023-3034","Bành Dương Yến Nhi, Trần Thị Sơn Trà, Hoàng Thị Tuyết Nhung, Chung Cẩm Ngọc, Nguyễn Hữu Phước, Đặng Thị Mai Anh, Đoàn Dũng Tiến, Hoàng Minh Tú","Hoàng Minh Tú","8","Tập 547, số 1 tháng 2-2025, trang 184-189","https://drive.google.com/open?id=1VNmaKX1gefZrqvX_asoxyBo_jXAtHHUO","","","","","","","",""
"24/03/2025 17:01:10","hmtu@ctump.edu.vn","Tạp chí Y học Việt Nam","1859-1868","1 điểm","26/12/2024","Đặc điểm lâm sàng và cận lâm sàng của bệnh nhân u xơ tử cung được phẫu thuật cắt tử cung toàn phần qua ngả bụng tại Bệnh viện Đa khoa Trung ương Cần Thơ năm 2024","Bành Dương Yến Nhi, Trần Thị Sơn Trà, Nguyễn Minh Vũ, Nguyễn Minh Nghiêm, Chung Cẩm Ngọc, Nguyễn Hữu Phước, Đoàn Dũng Tiến, Hoàng Minh Tú","Hoàng Minh Tú","8","Tập 546, số 2 tháng 01-2025, trang 336-340","https://drive.google.com/open?id=18_tXU9jHYAY6ZCBS8qRYA4mpvgucBXQt","","","","","","","",""
"24/03/2025 17:05:51","hmtu@ctump.edu.vn","Tạp chí Y học Việt Nam","1859-1868","1 điểm","10/03/2025","Đặc điểm lâm sàng, hình ảnh X quang và cắt lớp vi tính trên bệnh nhân gãy xương hàm trên Le Fort II được điều trị phẫu thuật tại Bệnh viện Đa khoa Trung ương Cần Thơ","Lâm Huỳnh Phước Minh, Nguyễn Phương Thảo, Nguyễn Đoàn Thảo Nguyên, Bùi Ngọc Hoa, Nguyễn Huỳnh Khánh Băng, Trần Minh Triết, Hoàng Minh Tú","Hoàng Minh Tú","7","Tập 548, số 1 tháng 3-2025, trang 117-121","https://drive.google.com/open?id=1c_LQRqvy1-mmtO8apDL6RHezYXJjkOiT","","","","","","","",""
"24/03/2025 20:15:13","hmtu@ctump.edu.vn","Tạp chí Y học Việt Nam","1859-1868","1 điểm","10/03/2025","Đánh giá kết quả điều trị gãy kín thân xương cánh tay bằng nẹp khóa","Nguyễn Thanh Chơn, Nguyễn Văn Lâm, Ngô Trí Minh Phương, Võ Thị Hậu, Hoàng Minh Tú, Nguyễn Hữu Giàu","Nguyễn Hữu Giàu","6","Tập 548, số 1 tháng 3-2025, trang 304-308","https://drive.google.com/open?id=1gY_B6cvu4-bUV-59GA1D3ST1uRMjb1Cd","","","","","","","",""
"24/03/2025 22:30:28","ddtien@ctump.edu.vn","Tạp chí Y học Việt Nam","1859-1868","0.5 điểm","01/02/2025","Đặc điểm lâm sàng, cận lâm sàng và kết quả điều trị viêm lộ tuyến cổ tử cung bằng phương pháp áp lạnh tại Bệnh viện Phụ sản Cần Thơ","Bành Dương Yến Nhi, Bành Dương Yến Nhi, Trần Thị Sơn Trà, Hoàng Thị Tuyết Nhung, Chung Cẩm Ngọc, Nguyễn Hửu Phước, Đặng Thị Mai Anh, Đoàn Dũng Tiến, Hoàng Minh Tú","Bành Dương Yến Nhi,","8","Tập 547, số2, trang 184-189","https://drive.google.com/open?id=1h1Ho1mvKSsrGHfYPKoXk-A2P6OrPCCXY","","","","","","","",""
"24/03/2025 23:05:42","ddtien@ctump.edu.vn","Tạp chí Y học Việt Nam"," ISSN: 1859-1868","0.5 điểm","01/02/2025","ĐÁNH GIÁ KẾT QUẢ ĐIỀU TRỊ U XƠ TỬ CUNG BẰNG PHƯƠNG PHÁP CẮT TỬ CUNG TOÀN PHẦN QUA NGẢ BỤNG TẠI BỆNH VIỆN ĐA KHOA TRUNG ƯƠNG CẦN THƠ NĂM 2024","Bành Dương Yến Nhi1, Trần Thị Sơn Trà2, Nguyễn Minh Vũ1, Nguyễn Minh Nghiêm1, Chung Cẩm Ngọc1, Nguyễn Hửu Phước1, Đoàn Dũng Tiến3, Hoàng Minh Tú","Bành Dương Yến Nhi","8","Tập547,số 1, trang 44-48","https://drive.google.com/open?id=1znFtZ7uz95vJ1uMR97RK85NU-vYLfS_A","","","","","","","",""
"24/03/2025 23:29:49","ddtien@ctump.edu.vn","Tạp chí Y học Việt Nam","ISSN: 1859-1868","0.5 điểm","28/01/2025","ĐẶC ĐIỂM LÂM SÀNG VÀ CẬN LÂM SÀNG CỦA BỆNH NHÂN U XƠ TỬ CUNG ĐƯỢC PHẪU THUẬT CẮT TỬ CUNG TOÀN PHẦN QUA NGẢ BỤNG TẠI BỆNH VIỆN ĐA KHOA TRUNG ƯƠNG CẦN THƠ NĂM 2024","Bành Dương Yến Nhi, Trần Thị Sơn Trà, Nguyễn Minh Vũ, Nguyễn Minh Nghiêm, Chung Cẩm Ngọc, Nguyễn Hửu Phước, Đoàn Dũng Tiến Hoàng Minh Tú","Bành Dương Yến Nhi","8","Tập 546, số 2, trang ","https://drive.google.com/open?id=1R3Pq_Gf5mODto-r4EjwMnxRdkgO1iCkD","","","","","","","",""
"24/03/2025 23:36:51","ddtien@ctump.edu.vn","Tạp chí Y học Việt Nam","ISSN: 1859-1868","0.5 điểm","28/01/2025","ĐẶC ĐIỂM LÂM SÀNG VÀ CẬN LÂM SÀNG ỐI VỠ NON Ở TUỔI THAI 28 TUẦN 0 NGÀY ĐẾN TUỔI THAI 34 TUẦN 0 NGÀY TẠI BỆNH VIỆN PHỤ SẢN CẦN THƠ NĂM 2024","Bành Dương Yến Nhi1, Trần Thị Sơn Trà2, Phạm Thị Thùy Linh3, Đặng Thị Mai Anh4, Chung Cẩm Ngọc1, Nguyễn Hửu Phước1, Đoàn Dũng Tiến4, Hoàng Minh Tú4","Bành Dương Yến Nhi","8","Tập 546, số 2, trang 340 -345","https://drive.google.com/open?id=13cGzi99oDPwXgVBB-zkGylPOu_WYXhCo","","","","","","","",""
"24/03/2025 23:46:45","ddtien@ctump.edu.vn","Tạp chí Y học Việt Nam ","ISSN: 1859-1868","1 điểm","09/12/2024","ĐẶC ĐIỂM LÂM SÀNG, CẬN LÂM SÀNG VÀ KẾT QUẢ XỬ TRÍ TỔN THƯƠNG CỔ TỬ CUNG TẠI BỆNH VIỆN PHỤ SẢN THÀNH PHỐ CẦN THƠ NĂM 2023 - 2024","Hoàng Thị Tuyết Nhung1, Nguyễn Hữu Dự1, Bành Dương Yến Nhi2, Đoàn Dũng Tiến","Hoàng Thị Tuyết Nhung","4","Tập 542, số 1, trang 74-78","https://drive.google.com/open?id=1X4Uof0BgJhXmPS33popAl17_bjn8NzIW","","","","","","","",""
"25/03/2025 0:06:38","ddtien@ctump.edu.vn","Tạp chí  Điện quang và y học hạt nhân","1859 - 48432","0.5 điểm","07/09/2024","GIÁ TRỊ CỦA SIÊU ÂM DUPLEX TRONG CHẨN ĐOÁN HẸP ĐỘNG MẠCH CẢNH TRONG ĐOẠN NGOÀI SỌ Ở BỆNH NHÂN NHỒI MÁU NÃO","Đỗ Ngọc Cường*, Nguyễn Vũ Đằng*, Nguyễn Thị Xuân Mai*, Nguyễn Hoàng Thuấn*, Đoàn Dũng Tiến*, Nguyễn Hoàng Ẩn*, Phạm Quách Trân Trân*, Nguyễn Trần Như Ngọc*","Đỗ Ngọc Cường","8","số 54, trang 60-70","https://drive.google.com/open?id=1Q5rmGiuwAYumbsBqKqaFktuRvI6PNDby","","","","","","","",""
"25/03/2025 0:39:24","davu@ctump.edu.vn","Vietnam Journal of Surgery and Endolaparosurgery ","1859-4506","1 điểm","30/09/2024","Totally extraperitoneal inguinal hernia repair without mesh fixation: Experiences with 250 cases at Can Tho General Hospital","La Van Phu, Tong Hai Duong, Doan Anh Vu","La Văn Phú","3","Tập 14 , số 3, trang 40-46","https://drive.google.com/open?id=1QgfMpXJvkscOax3XO9sie4MBqylSig9s","","","","","","","",""
"25/03/2025 9:51:08","drnguyentrantran1987@gmail.com","Tạp chí Y học Việt Nam","1859-1868","1 điểm","01/02/2025","ĐÁNH GIÁ KIỂM SOÁT ĐÁI THÁO ĐƯỜNG NGƯỜI CAO TUỔI THEO KHUYẾN CÁO CỦA HIỆP HỘI ĐÁI THÁO ĐƯỜNG HOA KỲ NĂM 2021","Nguyễn Hải Thủy1, Phạm Thị Ánh Huy2, Nguyễn Trân Trân3","Nguyễn Trân Trân","3","tẬP 547 - th¸ng 2 - sè 3 - 2025, trang 381-384","https://drive.google.com/open?id=1_f9G3TPC9llmc_ejy9IwW55Q1ru9q-Gh","","","","","","","",""
"25/03/2025 10:02:53","drnguyentrantran1987@gmail.com","Tạp chí Y học Việt Nam","ISSN: 1859-1868","1 điểm","15/02/2025","KHẢO SÁT KIẾN THỨC PHÒNG BIẾN CHỨNG ĐÁI THÁO ĐƯỜNG Ở BỆNH NHÂN ĐÁI THÁO ĐƯỜNG TÍP 2 TẠI BỆNH VIỆN ĐA KHOA QUỐC TẾ S.I.S CẦN THƠ","Nguyễn Trân Trân1, Tô Văn Tân2, Nguyễn Thị Diệu Hằng2, Lê Lâm Tuyết Duy2, Trần Thị Thuý Vân2, Bùi Trần Minh Nguyệt2, Nguyễn Hải Thuỷ3","Nguyễn Hải Thuỷ3","7","tẬP 547 - tháng 2 - số 3 - 2025, trang 354-357","https://drive.google.com/open?id=1Jpl2EKLvNieo2OurcuNaFR32-dd_iQo-","","","","","","","",""
"25/03/2025 10:05:47","drnguyentrantran1987@gmail.com","Tạp chí Y học Việt Nam","ISSN: 1859-1868","1 điểm","15/03/2025","NGHIÊN CỨU GIÁ TRỊ SIÊU ÂM ĐÀN HỒI GIÁP TRONG CHẨN ĐOÁN UNG THƯ GIÁP THỂ NHÚ","Nguyễn Hải Thủy1, Nguyễn Trung Hưng2, Nguyễn Phước Bão Quân3, Nguyễn Trân Trân3","Nguyễn Trân Trân","4","548 - tháng 3 - số 1 - 2025, trang 59-62","https://drive.google.com/open?id=14WdnRhjm9mxnlSJojQYXs4aoWMTaFwz-","","","","","","","",""
"25/03/2025 10:08:24","drnguyentrantran1987@gmail.com","Tạp chí Y học Việt Nam","ISSN: 1859-1868)","1 điểm","15/03/2025","ĐÁNH GIÁ KIẾN THỨC PHÒNG BIẾN CHỨNG ĐÁI THÁO ĐƯỜNG SAU CAN THIỆP BẰNG TƯ VẤN TRÊN BỆNH NHÂN ĐÁI THÁO ĐƯỜNG TÍP 2 TẠI BỆNH VIỆN ĐA KHOA QUỐC TẾ S.I.S CẦN THƠ","Nguyễn Trân Trân1, Tô Văn Tân2, Nguyễn Thị Diệu Hằng2, Lê Lâm Tuyết Duy2, Trần Thị Thuý Vân2, Bùi Trần Minh Nguyệt2, Nguyễn Hải Thuỷ3","Nguyễn Hải Thuỷ3","7","tẬP 548 - th¸ng 3 - sè 1 - 2025, trang 265-267","https://drive.google.com/open?id=13TJtmCd0HI5wxsYse_OMAFWh_wJJU7cg","","","","","","","",""
"25/03/2025 10:54:22","vthau@ctump.edu.vn","Tạp chí Y học Việt Nam","ISSN: 1859-1868","1 điểm","03/01/2025","Đánh giá kết quả điều trị gãy kín thân xương cánh tay bằng nẹp khoá","Nguyễn Thanh Chơn, Nguyễn Văn Lâm, Ngô Trí Minh Phương, Võ Thị Hậu, Hoàng Minh Tú, Nguyễn Hữu Giàu","Nguyễn Hữu Giàu","6","Tập 543, số 1, trang 304","https://drive.google.com/open?id=1ZMQNTiMh7-As775vuYrtARUDhabkjilD","","","","","","","",""
"25/03/2025 10:56:58","vthau@ctump.edu.vn","Tạp chí Y học Việt Nam","ISSN: 1859-1868","1 điểm","03/01/2025","KẾT QUẢ ĐIỀU TRỊ MỤN TRỨNG CÁ MỨC ĐỘ NHẸ VÀ TRUNG BÌNH  BẰNG KEM CHỨA HOẠT CHẤT TỪ RAU MƯƠNG   TẠI CẦN THƠ NĂM 2023-2024 ","Nguyễn Văn Lâm, Nguyễn Thị Thu Trâm, Nguyễn Hữu Giàu,  Lê Minh Nhân, Nguyễn Thị Bé Hai, Quách Bùi Hồng Minh, Trần Văn Đệ","Nguyễn Hữu Giàu","7","Tập 548, số 1, trang 350-353","https://drive.google.com/open?id=1DDWm4HYCkQ-2qBN8oa_mWrOxGPm6m0vW","","","","","","","",""
"25/03/2025 11:04:26","ptnnga@ctump.edu.vn","TNU Journal of Science and Technology ","2615-9562","1 điểm","07/02/2025","ANALYSIS OF ANTIBIOTIC RESISTANCE IN THE TREATMENT OF   SEPSIS CAUSED BY Escherichia coli AT CAN THO CITY GENERAL HOSPITAL  IN 2022 - 2023","Phạm Thị Ngọc Nga, Nguyễn Phạm Anh Thi","Nguyễn Phạm Anh Thi","2","230(05)","https://drive.google.com/open?id=1SYQwNjlDwvrdFloxmGzya9pg71MPVuY6","","","","","","","",""
"25/03/2025 13:12:19","ovphat@ctump.edu.vn","Tạp chí Y học Việt Nam","Tạp chí Y học Việt Nam","1 điểm","01/03/2025","MỨC ĐỘ ĐỀ KHÁNG KHÁNG SINH CỦA MỘT SỐ VI KHUẨN GÂY VIÊM PHỔI BỆNH VIỆN TẠI KHOA HỒI SỨC TÍCH CỰC – CHỐNG ĐỘC BỆNH VIỆN ĐA KHOA THÀNH PHỐ CẦN THƠ NĂM 2023 – 2024","Ong Văn Phát, Phạm Thị Ngọc Nga","Phạm Thị Ngọc Nga","2","tập 548, số 1, trang 33.-337","https://drive.google.com/open?id=1nQyGJQo97Egqaqyq0MUdtfBIvxKpDi9M","","","","","","","",""
"25/03/2025 13:15:31","ovphat@ctump.edu.vn","Tạp chí Y học Việt Nam","1859-1868","1 điểm","01/02/2025","ĐẶC ĐIỂM VI KHUẨN GÂY BỆNH VIÊM PHỔI BỆNH VIỆN Ở BỆNH NHÂN ĐIỀU TRỊ TẠI KHOA HỒI SỨC TÍCH CỰC – CHỐNG ĐỘC, BỆNH VIỆN ĐA KHOA THÀNH PHỐ CẦN THƠ NĂM 2023 - 2024","Ong Văn Phát, Nguyễn Hữu Chường, Huỳnh Quang Minh, Phạm Thị Ngọc Nga","Phạm Thị Ngọc Nga","4","tập 547, số 3, trang 376-380","https://drive.google.com/open?id=1b0mVFO1tNlkLrvgZcYVtfiDIvktM_3kE","","","","","","","",""
"25/03/2025 15:01:48","vhnghia@ctump.edu.vn","TẠP CHÍ Y HỌC VIỆT NAM","1859-1868","1 điểm","04/02/2024","TÌNH HÌNH BỆNH THẬN MẠN VÀ KẾT QUẢ BƯỚC ĐẦU ĐIỀU TRỊ Ở BỆNH NHÂN TĂNG HUYẾT ÁP TẠI THÀNH PHỐ CẦN THƠ: NGHIÊN CỨU THỰC HIỆN TRONG CỘNG ĐỒNG","Võ Hoàng Nghĩa, Phạm Văn Bùi, Mai Huỳnh Ngọc Tân, Nguyễn Thế Bảo, Ngô Đại Dương","Nguyễn Thế Bảo","","TẬP 542; SỐ 2, THÁNG 9- 2024; trang 291-295","https://drive.google.com/open?id=1G-rLN3BEI1W_3Vb3mHoza49q9tRNCA7b","","","","","","","",""
"25/03/2025 15:58:51","txquynh@ctump.edu.vn","Tạp chí Y học Việt Nam","1859-","1 điểm","24/09/2024","Đánh giá sự tương đồng kết quả bão hòa oxy máu giữa máy đo độ bão hòa oxy máu khi ngủ với đa ký hô hấp và khả năng tầm soát ngưng thở tắc nghẽn khi ngủ bằng máy đo độ bão hòa oxy máu khi ngủ ở bệnh nhân đái tháo đường típ 2","Trần Xuân Quỳnh, Võ Phạm Minh Thư, Phan Trần Xuân Quyên, Trát Quốc Trung","Trần Xuân Quỳnh","4","Tập 542 Số 2 (2024), trang 357-","https://drive.google.com/open?id=1bX4zlBrJR_w6ttfa_CEGm4aLmxB1O3hs","","","","","","","",""
"25/03/2025 22:08:48","ptnnga@ctump.edu.vn","Tạp chí Y Học Viêt Nam","1859-1868","1 điểm","19/11/2024","TÌNH TRẠNG FOLATE Ở SẢN PHỤ MANG THAI MẮC ĐÁI THÁO ĐƯỜNG  THAI KỲ TẠI BỆNH VIỆN PHỤ SẢN CẦN THƠ NĂM 2023 – 2024","Nguyễn Thụy Thúy Ái, Phạm Thị Ngọc Nga, Nguyễn Ngọc Phương Anh,  Nguyễn Xuân Thảo, Lê Thị Kim Định, Nguyễn Hữu Chường","Nguyễn Hữu Chường","8","tập 547, số 1, trang 258 - 261","https://drive.google.com/open?id=13mngldV9BPwO_xMGOO2Ik7mPmT4_mHIB","","","","","","","",""
"25/03/2025 23:54:57","ntmngoc@ctump.edu.vn","Tạp chí Y học Việt Nam","1859-1868","1 điểm","27/01/2025","ĐẶC ĐIỂM KIỂU HÌNH KHÁNG THUỐC CỦA VI KHUẨN LAO TRÊN BỆNH NHÂN LAO PHỔI KHÁNG THUỐC HÀNG 1 TẠI TỈNH BẾN TRE","Trần Thanh Hùng, Trần Đỗ Hùng, Nguyễn Ngọc Bảo Vi , Lương Thị Mỹ Linh, Nguyễn Thị Minh Ngọc, Nguyễn Hồng Ngân","Nguyễn Hồng Ngân","6","Tập 1, số 1, trang 249-253","https://drive.google.com/open?id=1j3eHQMOc2taC7fuRXHEaIf05VLKtj6FF","","","","","","","",""
"26/03/2025 0:23:46","hdien@ctump.edu.vn","Tạp Chí Y học Việt Nam","1859-1868","1 điểm","27/01/2025","ĐẶC ĐIỂM KIỂU HÌNH KHÁNG THUỐC CỦA VI KHUẨN LAO TRÊN BỆNH NHÂN LAO PHỔI KHÁNG THUỐC HÀNG 1 TẠI TỈNH BẾN TRE","Trần Thanh Hùng, Trần Đỗ Hùng, Nguyễn Ngọc Bảo Vi, Lương Thị Mỹ Linh, Nguyễn Thị Minh Ngọc, Nguyễn Hồng Ngân","Trần Thanh Hùng","6"," Tập 546 Số 1 (2025)","https://drive.google.com/open?id=1qDrxo6_qfFNVcozlx7S6-C4t1StdCIs0","","","","","","","",""
"26/03/2025 10:31:48","tddkhoa@ctump.edu.vn","Tạp chí Tim mạch học Việt Nam","1859-2848","1 điểm","31/05/2024","Yếu tố liên quan đến không tuân thủ dùng thuốc ở người bệnh tăng huyết áp","Nguyễn Việt Phương, Nguyễn Thị Thùy Trang, Lê Kim Tha, Nguyễn Thanh Liêm, Trần Đặng Đăng Khoa, Nguyễn Tấn Đạt, Nguyễn Văn Tuấn","Nguyễn Việt Phương","7","109, 47-53","https://drive.google.com/open?id=1jR0rBJH9rj4Uj2XJeH0kMVA-NsRe8ogZ","","","","","","","",""
"26/03/2025 10:38:09","tddkhoa@ctump.edu.vn","Nội tiết và đái tháo đường","1859 – 4727","1 điểm","27/06/2024","Kết quả chương trình May Measurement Month năm 2022 tại Cần Thơ","Trần Kim Sơn, Ngô Hoàng Toàn, Nguyễn Hoàng Phi, Trần Đặng Đăng Khoa","Ngô Hoàng Toàn","4","63, 82-87","https://drive.google.com/open?id=1sQkYQzTxas52eJbJzHDiPA4pTMNyMDqQ","","","","","","","",""
"26/03/2025 10:43:03","tddkhoa@ctump.edu.vn","Nội tiết và đái tháo đường","1859 – 4727","1 điểm","27/06/2024","Nghiên cứu tình hình rối loạn lipid máu, một số yếu tố liên quan và kết quả điều trị rối loạn lipid máu bằng pitavastatin ở bệnh nhân tăng huyết áp nguyên phát tại Bệnh viện trường đại học Y dược Cần Thơ năm 2022-2023","Trần Kim Sơn, Nguyễn Hoàng Phi, Ngô Hoàng Toàn, Trần Đặng Đăng Khoa, Vũ Long Tuyền","Trần Kim Sơn","5","63, 73-81","https://drive.google.com/open?id=1rmqA_0IU9PeVXX1YX09sp-mo1QBKOsZD","","","","","","","",""
"26/03/2025 10:50:56","tddkhoa@ctump.edu.vn","Tạp chí Y Học Việt Nam ","1858-1868","1 điểm","05/02/2025","Đặc điểm nội soi, mô bệnh học và kết quả cắt đốt kết hợp với kẹp clip qua nội soi polyp có cuống ở đại trực tràng","Nguyễn Thanh Liêm, Lê Thị Thúy Loan, Huỳnh Văn Lộc, Trần Đặng Đăng Khoa, Lương Thị Thúy Loan, Nguyễn Văn Tuấn, Nguyễn Việt Phương, Nguyễn Thị Kim Tường","Lê Thị Thúy Loan","8"," Tập 546, Số 3, trang 383-387","https://drive.google.com/open?id=1Ouynh6JE-vky-zDSDwU3QB1z-65aALUR","","","","","","","",""
"26/03/2025 21:19:16","qkphung@ctump.edu.vn","Tạp chí Y học Việt Nam","1859-1868","1 điểm","20/12/2024","Đánh giá hiệu quả dự phòng tiền sản giật- sản giật bằng aspirin liều thấp ở những thai phụ có nguy cơ cao tại bệnh viện Phụ sản thành phố Cần Thơ năm 2020-2022","Nguyễn Tấn Hưng, Quan Kim Phụng, Trần Hoài Ân, Ngô Thị Thúy Hằng, Nguyễn Hữu Trung, Lâm Đức Tâm","Nguyễn Tấn Hưng","6","Tập 545, số 2, trang 63-67","https://drive.google.com/open?id=16W3AZ1IZ53s5UqjyjIxjorNBV2yqdz5X","https://scholar.google.com/citations?view_op=view_citation&hl=en&user=eaBh_9MAAAAJ&citation_for_view=eaBh_9MAAAAJ:Tyk-4Ss8FVUC","","","","","","",""
"27/03/2025 8:00:34","lmnhan@ctump.edu.vn","Tạp chí Y học Việt Nam","1859-1868","1 điểm","10/03/2025","KẾT QUẢ ĐIỀU TRỊ MỤN TRỨNG CÁ MỨC ĐỘ NHẸ VÀ TRUNG BÌNH BẰNG KEM CHỨA HOẠT CHẤT TỪ RAU MƯƠNG TẠI CẦN THƠ NĂM 2023-2024","Nguyễn Văn Lâm, Nguyễn Thị Thu Trâm, Nguyễn Hữu Giàu, Lê Minh Nhân, Nguyễn Thị Bé Hai, Quách Bùi Hồng Minh, Trần Văn Đệ","Nguyễn Hữu Giàu","7","Tập 548, số 1, trang 350-353","https://drive.google.com/open?id=1Jr_fJsnxASjQQD9lUMY2kovaLylP3flS","","","","","","","",""
"28/03/2025 3:52:43","nhtai@ctump.edu.vn","Tạp chí Y học Việt Nam","ISSN: 1859-1868","1 điểm","26/02/2025","KẾT QUẢ VI PHẪU THUẬT ĐIỀU TRỊ TÚI PHÌNH ĐỘNG MẠCH NÃO VỠ TẠI BỆNH VIỆN ĐA KHOA TRUNG ƯƠNG CẦN THƠ ","Trần Thiện Khiêm, Nguyễn Hữu Tài, Trần Văn Minh, Nguyễn Duy Linh, Hà Thoại Kỳ","Trần Thiện Khiêm","5","Tập 547, số 1, trang 378-382","https://drive.google.com/open?id=1qeWF15stinZvhmegFQ4lgxWEJamxRge8","","","","","","","",""
"29/03/2025 0:49:59","ltnhi@ctump.edu.vn","Tạp chí Y học Việt Nam","1859-1868","1 điểm","05/02/2025","ĐÁNH GIÁ KẾT QUẢ ĐIỀU TRỊ VIÊM CÂN GAN CHÂN BẰNG PHƯƠNG PHÁP TIÊM CORTICOID TẠI CHỖ","Đặng Phước Giàu, Nguyễn Chí Nguyện, Lý Tuyết Nhi, Võ Văn Phúc Toàn, Lê Thị Tuyết Đoan","Huỳnh Kim Hiệu","6","Tập 546, số 3, trang 290-","https://drive.google.com/open?id=1Nn9RitGy7izU4T8iFJq8bLRdl33VfKKF","","","","","","","",""
"30/03/2025 20:35:13","nttrang@ctump.edu.vn","Nhà xuất bản Công an nhân dân","Giá trị các tác phẩm của Tổng Bí thư Nguyễn Phú Trọng đối với phát triển vùng kinh tế trọng điểm phía Nam","0.75 điểm","20/02/2025","Vận dụng bài viết “Một số vấn đề lý luận và thực tiễn về chủ nghĩa xã hội và  con đường đi lên chủ nghĩa xã hội ở Việt Nam” trong giáo dục niềm tin chủ  nghĩa xã hội cho sinh viên các trường đại học khu vực Nam Bộ hiện nay","Nguyễn Thanh Trạng, Đinh Văn Phương, Trần Thị Hồng Lê, Lương Thị Hoài Thanh, Lê Chí Nhân","Nguyễn Thanh Trạng","5","Tập 1, Trang 144","https://drive.google.com/open?id=1CLelau9vWT6VY391l_Dr5em3b4iPNvD0","","","","","","","",""
"31/03/2025 14:15:57","phdat@ctump.edu.vn","Tạp chí Y học Việt Nam","1859-1868","1 điểm","05/02/2025","TỶ LỆ NHIỄM, THÀNH PHẦN LOÀI VÀ MỘT SỐ YẾU TỐ LIÊN QUAN ĐẾN NHIỄM VI NẤM NGOÀI DA Ở BỆNH NHÂN ĐẾN KHÁM TẠI BỆNH VIỆN TRƯỜNG ĐẠI HỌC Y DƯỢC CẦN THƠ","Phan Hoàng Đạt, Nguyễn Thị Pha, Trịnh Thị Hồng Của, Nguyễn Thị Thảo Linh, Lê Nguyễn Uyên Phương, Nguyễn Bùi Thái Huy","Nguyễn Thị Thảo Linh","6","tập 546, số 3, trang 343-347","https://drive.google.com/open?id=1gQSW5UUqn_-p2xXn2O5Ha-xDqL9ds9sk","","","","","","","",""
"31/03/2025 14:21:59","phdat@ctump.edu.vn","Tạp chí Y học cộng đồng","2354-0613","1 điểm","24/03/2025","TỶ LỆ NHIỄM, THÀNH PHẦN LOÀI VÀ SỰ ĐỀ KHÁNG VỚI NHÓM AZOLE CỦA CANDIDA SPP. Ở PHỤ NỮ ĐẾN KHÁM TẠI BỆNH VIỆN ĐA KHOA TRUNG ƯƠNG CẦN THƠ","Phan Hoàng Đạt, Nguyễn Lê Thị Cẩm Tú, Đinh Thị Hương Trúc, Nguyễn Thị Thảo Linh, Huỳnh Sĩ Hưng, Trương Phước Đặng, Bùi Chung Mỹ Anh, Trần Trang Bảo Ngọc, Võ Thành Trí, Lê Chí Dũng","Phan Hoàng Đạt","10","Tập 66, số CĐ3 - Hội nghị Ký sinh trùng VN lần 51, trang 29 - 33","https://drive.google.com/open?id=1KDwqsQr0jBw3UOggRfcNzCYFPo5XDNKj","","","","","","","",""
"31/03/2025 16:44:25","nthphuc@ctump.edu.vn","Tạp chí Khoa học và Công nghệ - Đại học Thái Nguyên","1859-2171","1 điểm","28/03/2025","SO SÁNH ĐẶC ĐIỂM HÌNH THÁI VÀ GIẢI PHẪU CỦA MỘT SỐ LOÀI THỰC VẬT THUỘC CHI AN XOA - Helicteres Ở VÙNG BẢY NÚI - AN GIANG","Phan Thành Đạt, Kiều Thị Diễm Trang, Nguyễn Trọng Hiếu,  Phùng Thị Hằng, Nguyễn Trọng Hồng Phúc","Phan Thành Đạt","5","Tập 230, số 09, trang 88-95","https://drive.google.com/open?id=1OFcVsYwIhUwBmGPq_ow2M5R5x83loaAe","","","","","","","",""
"01/04/2025 12:25:16","nhtoan@ctump.edu.vn","Tạp chí Nghiên cứu Y học","2354-080X","1 điểm","27/02/2025","Nghiên cứu đặc điểm một số biến thể gen microRNA-146a và mối liên quan với mức độ nặng lâm sàng của người bệnh nhồi máu cơ tim cấp","Ngô Hoàng Toàn, Trần Kim Sơn","Trần Kim Sơn","2","Tập 187, số 2","https://drive.google.com/open?id=1d9lUuRbBXCUqg2qjbWV9FlrzYlKQKRD_","","","","","","","",""
"01/04/2025 12:30:11","nhtoan@ctump.edu.vn","Tạp chí Y học Việt Nam","1859-1868","1 điểm","01/01/2025","NGHIÊN CỨU ĐẶC ĐIỂM LÂM SÀNG VÀ MỘT SỐ YẾU TỐ LIÊN QUAN ĐẾN MỨC ĐỘ TỔN THƯƠNG Ở BỆNH NHÂN VẨY NẾN CÓ KÈM RỐI LOẠN LIPID MÁU","Trịnh Tiến Thành, Trần Kim Sơn, Trần Phương Quyên, Bùi Thị Vân","Trịnh Tiến Thành","4","546 (1)","https://drive.google.com/open?id=1ZRXtWPGc_58REm7Nt4m3DmEmM71v5kyB","","","","","","","",""
"01/04/2025 12:37:04","nhtoan@ctump.edu.vn","Tạp chí Y học Việt Nam","1859-1868","1 điểm","01/01/2025","NGHIÊN CỨU TÌNH HÌNH RỐI LOẠN LIPID MÁU VÀ MỘT SỐ YẾU TỐ LIÊN QUAN Ở BỆNH NHÂN MẮC BỆNH VẨY NẾN","Trịnh Tiến Thành, Trần Kim Sơn, Trần Phương Quyên, Bùi Thị Vân","Trịnh Tiến Thành","4","Tập 546 Số 1 (2025)","https://drive.google.com/open?id=1y2MN6WwkQHPmRzhu0mh2nVjGCJqACDHY","","","","","","","",""
"01/04/2025 16:29:45","dcmvtho@ctump.edu.vn","Tạp chí khoa học đại học Đà lạt","ISSN: 0866-787X","0.5 điểm","25/03/2025","PHOTOCATALYTIC DEGRADATION OF METRONIDAZOLE BY  TiO2 AND Bi2Se2Te-TiO2 NANOMATERIALS","Phuoc Huu Le, Cao Nguyen Hong Khanh, Nguyen Chi Toan, Dang Long Quang,  Nguyen Thi Hong, Le Thi Cam Tuyen, Tho Chau Minh Vinh Do","Lê Hữu PHước","7","1, 1-2","https://drive.google.com/open?id=12zv5lKysou32A-U6TFhNluYkfIv9rbks","","","","","","","",""
"01/04/2025 19:05:13","cttnguyen2025@ctump.edu.vn","Tạp chí Khoa học và Công nghệ - Đại học Thái Nguyên","1859-2171","1 điểm","19/02/2025","BƯỚC ĐẦU ĐÁNH GIÁ BỘ CÂU HỎI MCQ BÀI CHU KỲ TẾ BÀO VÀ SỰ PHÂN CHIA TẾ BÀO BẰNG MÔ HÌNH IRT 2 THAM SỐ","Cao Thị Tài Nguyên","Cao Thị Tài Nguyên","1"," T. 230, S. 02 (2025), trang 160-168","https://drive.google.com/open?id=1KgQ_DIhnNIT3q_6aavEuUNcNboU9ViqX","","","","","","","",""
"17/04/2025 16:25:52","ntnhung@ctump.edu.vn","Tạp chí Khoa học Trường Đại học Quốc tế Hồng Bàng -","ISSN: 2615 - 9686","0.25 điểm","10/03/2025","Hậu quả lâm sàng của sâu răng sữa không điều trị ở trẻ mầm non tại Quận Ninh Kiều của thành phố Cần Thơ","Nguyễn Tuyết Nhung*, Đặng Vinh Quang và Đặng Quang Vinh","Nguyễn Tuyết Nhung ","3","Số 34 - 03/2025: 1-10","https://drive.google.com/open?id=1iS-VXoMsVVnKVgnvUua5lqf1A_ONV_CQ","","","","","","","",""
"06/05/2025 15:56:46","nmlinh@ctump.edu.vn","Tạp chí Y học Việt Nam","1859-1868","1 điểm","10/04/2025","Đặc điểm lâm sàng và một số yếu tố liên quan đến cơn nhược cơ","Trương Dương Hưng, Lê Văn Minh, Phạm Văn Phương, Phạm Kiều Anh Thơ","Phạm Kiều Anh Thơ","4","Tập 549, số 2, trang 360-364","https://drive.google.com/open?id=1NS2cAb795cGYVzbBAGIQLpshu3iV8tyI","","","","","","","",""
"06/05/2025 15:48:08","nmlinh@ctump.edu.vn","Tạp chí Y học Việt Nam","1859-1868","1 điểm","10/03/2025","Huyết khối tĩnh mạch não: Đặc điểm lâm sàng và yếu tố nguy cơ","Lê Quang Minh, Nguyễn Văn Khoe, Phạm Văn Phương, Lê Hoài Nam, Phạm Kiều Anh Thơ","Phạm Kiều Anh Thơ","5","Tập 548, số 1, trang 321-324","https://drive.google.com/open?id=1bKoOo0dBuM9GWkl8mWsyWVnJK1MKTjWD","","","","","","","",""
"06/05/2025 15:54:59","nmlinh@ctump.edu.vn","Tạp chí Y học Việt Nam","1859-1868","1 điểm","13/02/2025","Nghiên cứu đặc điểm chỉ số huyết áp tâm thu cổ chân-cánh tay (ABI) ở người cao tuổi tăng huyết áp tại Bệnh viên đại học Y Dược Cần Thơ năm 2023","Bùi Thị Trâm Anh, Nguyễn Huỳnh Kiều My, Võ Lê Quang Trí, Nguyễn Ngọc Đan Thanh, Huỳnh Thái Nhựt Duy, Phạm Kiều Anh Thơ","Phạm Kiều Anh Thơ","6","Tập 547, số 2, trang 334-338","https://drive.google.com/open?id=17pVONz15uFwHHs7ba0w9Md0ZEjFepuO9","","","","","","","",""
"07/05/2025 21:27:29","nvphuong@ctump.edu.vn","Tạp chí Khoa Học Điều dưỡng","2615-9589","0.25 điểm","23/04/2025","Nhu cầu học và sử dụng tiếng Anh chuyên ngành của sinh viên điều dưỡng Trường Đại học Y Dược Cần Thơ","Lưu Thị Như Ngọc, Triệu Ngọc Kim Ngân, Hồ Nguyễn Tố Như,Trịnh Xuân Thủy, Nguyễn Văn Tuấn, Nguyễn Việt Phương.","Nguyễn Việt Phương","6","Tâp 8, số 2, trang 171-181","https://drive.google.com/open?id=1YONU-cgzRPqG-6adEzIklLKSHjs94VMh","","","","","","","",""
"02/06/2025 11:39:22","ntkngan@ctump.edu.vn","Tạp chí Y học Việt Nam","1859-1868","0.75 điểm","11/04/2025","Mức độ đa đề kháng kháng sinh của các vi khuẩn Gram âm phân lập được từ bệnh phẩm đường hô hấp dưới tại bệnh viện Đa khoa thành phố Cần Thơ năm 2022 - 2024","Nguyễn Thị Phụng, Nguyễn Văn Thọ, Lâm Nguyễn Ngọc Anh, Nguyễn Ngọc Hạnh Dung, Nguyễn Thị Kim Ngân ","Nguyễn Thị Kim Ngân","5","Tập 549, số 2, trang 394-398","https://drive.google.com/open?id=19hwQoAloYULXeMQmn_gnIg8c2zm_evWi","","","","","","","",""
"06/06/2025 12:21:58","nvphuong@ctump.edu.vn","Tạp chí Khoa học Điều dưỡng","2615-9589","0.25 điểm","16/05/2025","Trầm cảm, lo âu, stress và một số yếu tố liên quan ở sinh viên dược tại Trường Cao Đẳng Y Tế Cần Thơ","Trần Thị Thúy Hằng, Nguyễn Thị Bích Trâm, Võ Thị Hiếu, Trần Thị Như Ngọc, Nguyễn Tấn Đạt, Nguyễn Việt Phương ","Nguyễn Việt Phương","6","8, số 3, 52-63","https://drive.google.com/open?id=1fW5DhNDFd3NPf0Zni4227gxi3mlNv_rh","","","","","","","",""
"07/06/2025 8:03:44","pthai@ctump.edu.vn","Tạp chí Thiết bị giáo dục","Tạp chí Thiết bị giáo dục có mã số ISN 1859-0810","1 điểm","05/05/2025","Stress ở Sinh viên đồng tính tại Trường Đại học Sài Gòn","Huỳnh Vạng Phước, Phan Thanh Hải","Phan Thanh Hải","","Số 329, trang 339-341","https://drive.google.com/open?id=1KSkXUscM393OPUyPgEbkoSUM1fo3tUQa, https://drive.google.com/open?id=1uZFHfi6jzfhdjPw5GJHD2FvKg4fIB9eN, https://drive.google.com/open?id=1IpsLGxIx40-WTJnuR0orx8Fl092xHjJn","","","","","","","",""
"08/06/2025 20:23:13","lctru@ctump.edu.vn","Tạp chí Y học Việt Nam","1859-1868","1 điểm","09/04/2025","Nghiên cứu đặc điểm lâm sàng của người bệnh vảy nến mảng tại Bệnh viện Da liễu Thành phố Cần Thơ năm 2024 ","Phạm Hồng Bửu Sang, Trần Văn Dương, Lê Ngọc Thư, Lê Công Trứ, Trần Thị Thu Thảo","Trần Thị Thu Thảo","5","1, 548, 371-375","https://drive.google.com/open?id=1iNKFfYOy1q_BnYIs8LaTQweJKvmpn1UU","","","","","","","",""
"08/06/2025 20:29:18","lctru@ctump.edu.vn","Tạp chí Nghiên cứu y học"," 2354-080X","1 điểm","28/04/2025","Các yếu tố liên quan đến nồng độ NON-HDL-Cholesterol trên bệnh nhân đái tháo đường type 2","Trần Thị Thu Thảo, Nguyễn Thị Thùy Trang, Lạc Minh Thư,  Dương Lê Đăng Khoa, Lê Thị Lan Anh, Trương Thị Huỳnh Trân,  Trương Thái Lam Nguyên, Lê Công Trứ","Lê Công Trứ","8","04, 189, 110-117","https://drive.google.com/open?id=1OviByL0S2Lv9feYj6xRhF0trWvQfFc84","","","","","","","",""
"17/06/2025 16:40:41","pvcu@ctump.edu.vn","Kỷ yếu","Kỷ yếu","Kỷ yếu có phản biện","07/06/2025","NGHIÊN CỨU ẢNH HƯỞNG CỦA MÔI TRƯỜNG NƯỚC ĐẾN SỰ  ỔN ĐỊNH CỦA BỜ SÔNG","Phạm Văn Cư*, Lê Gia Lâm, Lê Thị Ánh Hồng, Đỗ Hưng Thời","Phạm Văn Cư","4","11","https://drive.google.com/open?id=1JH3tmFfd4MPNd3iv-5mh1GUxEDd43WKU, https://drive.google.com/open?id=14O0KLUL8jrCxof9QNC2fQa-RF1IZ2RAg, https://drive.google.com/open?id=1zY1zBlX4UgxXBXHC1S0T2yGVtE5I-ZfQ","","","","","","","",""
"17/06/2025 16:45:27","pvcu@ctump.edu.vn","Kỷ yếu","Kỷ yếu","Kỷ yếu có phản biện","07/06/2025","NGHIÊN CỨU THAM SỐ VỀ CỘT ĐẤT-XI MĂNG ĐỂ GIA CỐ LỚP  ĐẤT YẾU SÂU: NGHIÊN CỨU TRƯỜNG HỢP TẠI THÀNH PHỐ CẦN  THƠ , VIỆT NAM ","Phạm Văn Cư* , Đỗ Hùng Thời , Phan Tiến Lập , Lê Quốc Hải , Nguyễn  Văn Tám  , Trần Duy Khương , Lê THị Ánh Hồng","Phạm Văn Cư*","7","14","https://drive.google.com/open?id=1dYKHrDv43sY3levVCT3xAsWWb9P3Eh22, https://drive.google.com/open?id=1VZklPnni6VUoNV660GAnYKRn96gmKNQa, https://drive.google.com/open?id=1QDLksCQbbh-Hd6d2YpIvvPSBosUo34fQ","","","","","","","",""
"19/06/2025 15:34:07","lththanh@ctump.edu.vn","Tạp chí Nghiên cứu triết học","2734-990X","0.75 điểm","01/03/2025","Giáo dục, rèn luyện chuẩn mực đạo đức cách mạng cho cán bộ đảng viên theo Quy định 144 của Bộ Chính trị vì một Việt Nam phát triển phồn vinh, hùng cường","Nguyễn Việt Thanh, Lương Thị Hoài Thanh","Nguyễn Việt Thanh","2","Số 20 (3.2025), tr.20-28","https://drive.google.com/open?id=1DKL5UzG4kea9LREN11EYwNWkyNjroaoc","","","","","","","",""
"19/06/2025 19:35:48","dhthanh@ctump.edu.vn","Tạp chí Y học Việt Nam","1859-1868","1 điểm","21/04/2025","KIẾN THỨC VỀ BỆNH TĂNG HUYẾT ÁP CỦA NGƯỜI BỆNH TĂNG HUYẾT ÁP ĐANG ĐIỀU TRỊ NGOẠI TRÚ TẠI KHOA KHÁM BỆNH, BỆNH VIỆN ĐA KHOA HÀ NỘI NĂM 2023","Dương Hoàng Thành, Nguyễn Phương Hoa, Nguyễn Thị Tuyết Nhung","Dương Hoàng Thành","","Tập 548, số 3, Trang 333 -337","https://drive.google.com/open?id=1p6we_unWBzZpTJsuhXIh_79-q5fR3arL","","","","","","","",""
"19/06/2025 19:39:52","dhthanh@ctump.edu.vn","Tạp chí Y học Việt Nam","1859-1868","1 điểm","21/04/2025","THỰC TRẠNG CHĂM SÓC SỨC KHỎE TRƯỚC SINH CỦA PHỤ NỮ CÓ CON DƯỚI 24 THÁNG TUỔI TẠI XÃ CHIỀNG CƠI, THÀNH PHỐ SƠN LA, TỈNH SƠN LA NĂM 2023","Nguyễn Thị Tuyết Nhung, Nguyễn Phương Hoa, Dương Hoàng Thành","Nguyễn Thị Tuyết Nhung","","Tập 548, Số 3, trang 234-239","https://drive.google.com/open?id=1mygMjrl2mHxUs87-lqYGw1RVru_UQQe0","","","","","","","",""
"20/06/2025 8:52:54","lthoangmy@ctump.edu.vn","Tạp chí Y học Việt Nam","Tạp chí Y học Việt Nam có mã số ISSN: 1859-1868","1 điểm","14/05/2025","ĐẶC ĐIỂM LÂM SÀNG VÀ TỶ LỆ RỐI LOẠN THẦN KINH TỰ CHỦ Ở BỆNH NHÂN PARKINSON TẠI BỆNH VIỆN ĐA KHOA TRUNG ƯƠNG CẦN THƠ","Lê Nhựt Tân, Thạch Minh Khoa, Lê Thị Hoàng My","lnhuttan@ctump.edu.vn","3","Tập 550, số 1, trang 319-323","https://drive.google.com/open?id=10PU0A7jHztHhvPdFaYrpcq0xB9Lspsea","","","","","","","",""
"20/06/2025 11:39:33","lpthien@ctump.edu.vn","Tạp chí Y học Việt Nam","1859-1868","1 điểm","24/04/2025","NGHIÊN CỨU TỈ LỆ MANG GEN CAGA CỦA VI KHUẨN HELICOBACTER PYLORI VÀ MỐI LIÊN QUAN VỚI MỘT SỐ BỆNH LÝ TIÊU HOÁ TRÊN","Lâm Phước Thiện, Nguyễn Thanh Liêm, Lê Đức Nhân, Võ Hoàng Nghĩa, Ngô Hoàng Long, Lâm Thị Kim Chi","Nguyễn Thanh Liêm","6","Tập 550 Số 1, trang 242-246","https://drive.google.com/open?id=1UqMGW0L_RD5SC4nhAvrIort_c6UA1p_T","https://tapchiyhocvietnam.vn/index.php/vmj/article/view/14105","","","","","","",""
"20/06/2025 22:12:07","khoay@ctump.edu.vn","Tạp chí Y học Việt Nam","1859-1868","1 điểm","11/04/2025","Khảo sát thực trạng và một số yếu tố liên quan đến rối loạn lo âu ở sinh viên trường Đại học Y dược Cần Thơ","Nguyễn Ngọc Lê, Lê Minh Hoàng, Lê Thị Gái, Huỳnh Quang Thái Huy, Lý Quốc Y, Thiên Vạn Phúc, Võ Đỗ Kim Như Ý, Nguyễn Văn Thống","Nguyễn Văn Thống","8","Tập 5548, số 2, trang 376-380","https://drive.google.com/open?id=1t5hePZEYdgUQqWuJS7oM1CqRFdwFo-J3","","","","","","","",""
"20/06/2025 22:43:18","nqtuan@ctump.edu.vn","Tạp chí Y học Việt Nam","ISN: 1859 - 1868","1 điểm","21/04/2025","ĐẶC ĐIỂM LÂM SÀNG, SIÊU ÂM VÀ KẾT CỤC THAI KỲ SAU KHI ỐI VỠ VỚI CỔ TỬ CUNG MỞ ≤3 CM","Nguyễn Quốc Tuấn, Nguyễn Đình Hào","Nguyễn Quốc Tuấn","","Tập 548 Số 3 (2025) trang 31-34","https://drive.google.com/open?id=1FUs6iZ1ATCEw4hdC3dO8KAL76hDlYSr0","","","","","","","",""
"20/06/2025 22:52:58","nqtuan@ctump.edu.vn","Tạp chí Y học Cộng Đồng","ISSN: 2354-0613","1 điểm","15/04/2025","NGHIÊN CỨU CÁC YẾU TỐ LIÊN QUAN VÀ KẾT QUẢ ĐIỀU TRỊ SA TẠNG CHẬU BẰNG PHẪU THUẬT NỘI SOI TẠI BỆNH VIỆN PHỤ SẢN THÀNH PHỐ CẦN THƠ","Ngô Ngọc Hà,Trịnh Hoài Ngọc, Nguyễn Quốc Tuấn, Đỗ Thị Minh Nguyệt","Ngô Ngọc Hà","","Tập 66 Số CĐ4-NCKH trang 13-17","https://drive.google.com/open?id=1ho3Vr4zyMET4J6nMCSDlDaLFB494qClh","","","","","","","",""
"20/06/2025 22:59:43","nqtuan@ctump.edu.vn","Tạp chí Y học Cộng Đồng","ISSN: 2354-0613","1 điểm","26/05/2025","Nghiên cứu đặc điểm lâm sàng, cận lâm sàng và kết cục thai kỳ ở những thai phụ đã mổ lấy thai từ 2 lần tại Bệnh viện Phụ Sản Thành Phố Cần Thơ từ năm 2023-2025","Nguyễn Minh Hằng, Nguyễn Văn Lâm, Nguyễn Quốc Tuấn*","Nguyễn Quốc Tuấn",""," Tập 66 Số 3 trang 16-21","https://drive.google.com/open?id=1j7XLfBtgxD3H9Mm1-VkzUAqGNaYwgNRR","","","","","","","",""
"21/06/2025 14:03:02","nthithuytrang@ctump.edu.vn","Tạp chí Y học Việt Nam (Vietnam Medical Journal)","ISSN: 1859-1868","1 điểm","29/04/2025","ASSESSMENT OF SLEEP DISORDERS BEFORE AND AFTER ITRACONAZOLE TREATMENT IN SEBORRHEIC DERMATITIS","Hua My Quyen1, Nguyen Thi Thuy Trang2, Pham Thi Bao Tram2, Lac Thi Kim Ngan2, Truong Dieu Hien3, Dang Hoang Chuong3, Nguyen Trung Hau3, Le Van Dat3, Do Hoang Long4, Huynh Van Ba2, Tran Do Hung5, Tran Gia Hung2","Tran Gia Hung","12","Tập 550, số 1, trang 84-92","https://drive.google.com/open?id=1snPRlRKEL3ZqiWCnUrvPqJmxjS7ejhxF","MÃ SỐ CÁN BỘ: 00558","","","","","","",""
"22/06/2025 20:46:50","ltquynh@ctump.edu.vn","Tạp chí Giáo dục và Xã hội ","1859 - 3917","0.5 điểm","01/05/2025","Một số biện pháp giáo dục trải nghiệm nhằm hình thành sự đồng cảm và chia sẻ ở trẻ khuyết tật trí tuệ trong môi trường tiểu học hòa nhập","Lê Thị Quỳnh","Lê Thị Quỳnh","","Kỳ 1, số 170, trang 235 - 239 và 256","https://drive.google.com/open?id=1W2pBaBCXAbDgNx_c0_BZOPRSFlEZhUi_, https://drive.google.com/open?id=1t-e1Nge1uol5uxn2mJxyE73mmbVrLXmX","Bài báo có 1 tác giả","","","","","","",""
"23/06/2025 11:10:32","tqkhai@ctump.edu.vn","Tạp chí Y học Việt Nam","1859-1868","1 điểm","12/03/2025","TÁC NHÂN VI SINH GÂY VIÊM PHỔI CỘNG ĐỒNG KÉM ĐÁP ỨNG ĐIỀU TRỊ Ở TRẺ EM TẠI BỆNH VIỆN ĐA KHOA ĐỒNG THÁP","Trần Quang Khải, Nguyễn Thị Kim Thoa, Lê Văn Khoa, Lê Thị Thúy Loan, Ngô Chí Quang","Nguyễn Thị Kim Thoa","5","Tập 548, số 1, trang 383-387 ","https://drive.google.com/open?id=18h9TZPabubJbJjizPgcFFrie_FFP3Bfg","","","","","","","",""
"23/06/2025 11:14:23","tqkhai@ctump.edu.vn","Tạp chí Nghiên cứu Y học","2354-080X","1 điểm","08/04/2025","SO SÁNH GIÁ TRỊ CỦA LACTATE MÁU VỚI PROCALCITONIN, C-REACTIVE PROTEIN TRONG TIÊN LƯỢNG SỐC NHIỄM TRÙNG Ở TRẺ EM TẠI BỆNH VIỆN CHUYÊN KHOA SẢN NHI SÓC TRĂNG","Trần Quang Khải, Nguyễn Minh Phương, Bùi Quang Nghĩa, Lý Quốc Trung và Sơn Phương","Sơn Phương","5","Tập 191, số 6, trang 151-158","https://drive.google.com/open?id=1zBce_Dgc1lPItaACUll7aVadVMPMu1nL","","","","","","","",""
"23/06/2025 11:17:17","tqkhai@ctump.edu.vn","Tạp chí Nghiên cứu Y học","2354-080X","1 điểm","08/04/2025","CĂN NGUYÊN VI SINH VÀ KẾT QUẢ ĐIỀU TRỊ TRẺ MẮC TIÊU CHẢY CẤP TẠI BỆNH VIỆN NHI ĐỒNG CẦN THƠ","Trần Quang Khải, Ngô Chí Quang và Nguyễn Thị Phương Uyên","Nguyễn Thị Phương Uyên","3","Tập 191, số 6, trang 131-138","https://drive.google.com/open?id=1Q5gIApyoGzxW5dXTQtl78HWE782Y80ho","","","","","","","",""
"23/06/2025 16:32:51","ntliem@ctump.edu.vn","Tạp chí Y học Việt Nam","1859-1868","1 điểm","14/05/2025","NGUYÊN NHÂN, ĐẶC ĐIỂM LÂM SÀNG, CẬN LÂM SÀNG  VÀ KẾT QUẢ ĐIỀU TRỊ Ở BỆNH NHÂN XƠ GAN  CÓ XUẤT HUYẾT TIÊU HÓA DO VỠ GIÃN TĨNH MẠCH THỰC QUẢN","Nguyễn Thanh Liêm, Phan Thị Kim Tuyến,  Võ Anh Hổ, Bồ Kim Phương","Nguyễn Thanh Liêm","4","Tập 550, số 1, trang 91-96","https://drive.google.com/open?id=1ltenHBzONx89pkBjACdzdb_rcG1fH7yq","","","","","","","",""
"23/06/2025 16:42:43","ntliem@ctump.edu.vn","Tạp chí Y học Việt Nam","1859-1868","1 điểm","14/05/2025","NGHIÊN CỨU TỈ LỆ MANG GEN CAGA CỦA VI KHUẨN HELICOBACTER  PYLORI VÀ MỐI LIÊN QUAN VỚI MỘT SỐ BỆNH LÝ TIÊU HOÁ TRÊN ","Lâm Phước Thiện, Nguyễn Thanh Liêm, Lê Đức Nhân,  Võ Hoàng Nghĩa, Ngô Hoàng Long, Lâm Thị Kim Chi","Nguyễn Thanh Liêm","6","Tập 550, số 1, trang 242-246","https://drive.google.com/open?id=1Ylpboe2c3hNIi-kxfiDNXDAvvBUez3-P","","","","","","","",""
"23/06/2025 16:19:30","ntliem@ctump.edu.vn","Tạp chí Y học Việt Nam","1859-1868","1 điểm","23/05/2025","NGHIÊN CỨU GEN CAGA CỦA HELICOBACTER PYLORI Ở BỆNH NHI  BỆNH LÝ DẠ D[Y – T\ TR[NG TẠI BỆNH VIỆN NHI ĐỒNG CẦN THƠ ","Lê Văn Khánh, Nguyễn Thanh Liêm, Nguyễn Thị Kim Nhi ","Nguyễn Thanh Liêm","3","Tập 550, số 2, trang 280-284","https://drive.google.com/open?id=1fXzeVJoBY85fLdJzRGLbhbI1vr_ouWuy","","","","","","","",""
"23/06/2025 16:22:50","ntliem@ctump.edu.vn","Tạp chí Y học Việt Nam","1859-1868","1 điểm","23/05/2025","ĐẶC ĐIỂM NỘI SOI, MÔ BỆNH HỌC V[ KẾT QUẢ CẮT ĐỐT KẾT HỢP VỚI  KẸP CLIP QUA NỘI SOI POLYP B\N CUỐNG Ở ĐẠI TRỰC TR[NG","Lê Thị Thúy Loan, Nguyễn Thanh Liêm, Huỳnh Văn Lộc, Nguyễn Phúc Duy, Nguyễn Văn Luân","Nguyễn Thanh Liêm","5","Tập 550, số 2, trang 96-99","https://drive.google.com/open?id=1F01umb9ks7zmHBkoJngV9FnQ_OFCCXl_","","","","","","","",""
"23/06/2025 16:26:32","ntliem@ctump.edu.vn","Tạp chí Y học Việt Nam","1859-1868","1 điểm","23/06/2025","ĐẶC ĐIỂM NỘI SOI, MÔ BỆNH HỌC V[ KẾT QUẢ ĐIỀU TRỊ  BẰNG PHƯƠNG PH\P EMR KẾT HỢP VỚI KẸP CLIP KHÉP DIỆN  CẮT POLYP KHÔNG CUỐNG ĐẠI TRỰC TR[NG TỪ 10-19 MM","Nguyễn Thanh Liêm, Lê Thị Thúy Loan, Huỳnh Văn Lộc","Lê Thị Thúy Loan","3","Tập 551, số 1, trang 94-98","https://drive.google.com/open?id=1b8GDV4qVS1dti6yT1KDKdeVw0_nAnqGL","","","","","","","",""
"23/06/2025 16:29:33","ntliem@ctump.edu.vn","Tạp chí Y học Việt Nam","1859-1868","1 điểm","23/06/2025","TỶ LỆ MANG GEN CAGA CỦA VI KHUẨN HELICOBACTER PYLORI  VÀ MỐI LIÊN QUAN VỚI BỆNH LÝ VIÊM V[ LOÉT DẠ D[Y – TÁ TRÀNG ","Võ Phúc Đại ,Nguyễn Thanh Liêm, Hà Tấn Đức","Nguyễn Thanh Liêm","3","Tập 551, số 1, trang 255-259","https://drive.google.com/open?id=1QrEmmb_E35Wv_OdyReNsyyb045uY2_mV","","","","","","","",""
"24/06/2025 1:27:49","nhtoan@ctump.edu.vn","Tạp chí Y học Việt Nam","1859-1868","1 điểm","21/04/2025","NGHIÊN CỨU NỒNG ĐỘ NGAL HUYẾT THANH VÀ MỘT SỐ YẾU TỐ LIÊN QUAN Ở BỆNH NHÂN ĐỢT CẤP SUY TIM MẠN CÓ PHÂN SUẤT TỐNG MÁU GIẢM","Nguyễn Thị Phương Quyên, Nguyễn Hồng Hà,Trần Hòa, Phan Văn Phen, Mai Long Thủy","Trần Hòa","5"," Tập 549 Số 1 (2025) ","https://drive.google.com/open?id=1gsjmj4QdFjlgeopNsCBcDC9Bjfxtbq3B","","","","","","","",""
"24/06/2025 1:29:40","nhtoan@ctump.edu.vn","Tạp chí Y học Việt Nam","1859-1868","1 điểm","23/06/2025","ĐẶC ĐIỂM LÂM SÀNG, CẬN LÂM SÀNG VÀ TÌNH HÌNH TIỀN ĐÁI THÁO ĐƯỜNG Ở BỆNH NHÂN SUY TIM MẠN TẠI BỆNH VIỆN ĐA KHOA TRUNG ƯƠNG CẦN THƠ","Huỳnh Tấn Anh Khoa, Mai Long Thủy, Ong Văn Phát, Huỳnh Kim Phượng, Trần Kim Sơn","Mai Long Thủy","5"," Tập 551 Số 1 (2025)","https://drive.google.com/open?id=1x1xqQYKf18AtjWLRUPzp0edbc33nWDEw","","","","","","","",""
"24/06/2025 1:31:12","nhtoan@ctump.edu.vn","Tạp chí Nghiên cứu Y học","2354-080X","1 điểm","27/02/2025","Nghiên cứu đặc điểm một số biến thể gen microRNA-146a và mối liên quan với mức độ nặng lâm sàng của người bệnh nhồi máu cơ tim cấp","Ngô Hoàng Toàn, Trần Kim Sơn","Trần Kim Sơn","2"," Tập 187 Số 2 (2025) ","https://drive.google.com/open?id=1iwDOm5oixPlGD9eng8hPGMoosoUaG7zI","","","","","","","",""
"24/06/2025 1:32:26","nhtoan@ctump.edu.vn","Tạp chí Nghiên cứu Y học","2354-080X","1 điểm","16/06/2025","Giá trị của ngal, NT-proBNP trong dự báo biến cố tim mạch ở bệnh nhân đợt cấp suy tim mạn có phân suất tống máu giảm","Nguyễn Thị Phương Quyên, Nguyễn Hồng Hà, Phan Văn Phen, Mai Long Thủy, Trần Hoà","Trần Hòa","5"," Tập 191 Số 6 (2025) ","https://drive.google.com/open?id=1o20kqgwAzWRn1RlNEJT13XqVjKyzLHfE","","","","","","","",""
"24/06/2025 18:52:54","taquan@ctump.edu.vn","Tạp chí Y học Việt Nam","1859-1868","1 điểm","14/04/2025","Nghiên cứu đặc điểm hình ảnh học cắt lớp vi tính thận bình thường ở người trưởng thành tại Bệnh viện Đa khoa Trung Ương Cần Thơ năm 2023-2025","Nguyễn Thị Ngọc Trâm, Huỳnh Quang Huy, Bùi Ngọc Thuấn, Nguyễn Thái Huy, Tô Anh Quân, Phạm Thị Anh Thư","Nguyễn Thị Ngọc Trâm","6","Tập 551, tháng 6, số 3, năm 2025","https://drive.google.com/open?id=1Cob6cOV2Ut_59EIx5Nhj7KRBQ7OJkhVW","","","","","","","",""
"25/06/2025 7:29:19","ovphat@ctump.edu.vn","Tạp chí Y học Việt Nam","1859-1868","1 điểm","23/06/2025","ĐẶC ĐIỂM LÂM SÀNG, CẬN LÂM SÀNG VÀ TÌNH HÌNH TIỀN ĐÁI THÁO ĐƯỜNG Ở BỆNH NHÂN SUY TIM MẠN TẠI BỆNH VIỆN ĐA KHOA TRUNG ƯƠNG CẦN THƠ","Huỳnh Tấn Anh Khoa, Mai Long Thủy, Trần Kim Sơn, Huỳnh Kim Phượng, Ong Văn Phát, ","Mai Long Thủy","5","Tập 551, số 1, trang 41-45","https://drive.google.com/open?id=1XoMRjSUSG1iW8hkU8wKF7ax7r_kfoEjE","","","","","","","",""
"25/06/2025 7:37:02","ovphat@ctump.edu.vn","Tạp chí Y học Việt Nam","1859-1969","1 điểm","23/06/2025","MỨC ĐỘ ĐA ĐỀ KHÁNG KHÁNG SINH CỦA MỘT SỐ VI KHUẨN GRAM ÂM THƯỜNG GẶP TẠI BỆNH VIỆN ĐA KHOA THÀNH PHỐ CẦN THƠ TỪ NĂM 2022 – 2023","Nguyễn Ngọc Hạnh Dung, Trần Bùi Hoàng Thảo, Mai Hữu Khánh, Nguyễn Thanh Dương,Ong Văn Phát, Đặng Nguyễn Ngọc Thảo, Bùi Thế Phát","Ong Văn Phát","7","Tập 551, số 1, trang 128-132","https://drive.google.com/open?id=14pWIlkFNvpvNubmQ9XNexEqkk6_SVcIe","","","","","","","",""
"25/06/2025 9:15:48","lnanh@ctump.edu.vn","Tạp chí Nghiên cứu Y học","2354-080X","1 điểm","17/06/2025","Chất lượng giấc ngủ và một số yếu tố liên quan của người từ 15 đến 30 tuổi","Lâm Nhựt Anh, Lê Minh Hữu, Trần Nguyễn Du, Trần Tú Nguyệt, Nguyễn Minh Trung, Lê Hoàng Hiếu, Mai Nguyễn Thanh Trúc, Phạm Lê An, Phạm Dương Đắc Bằng","Phạm Dương Đắc Bằng","9","Tập 191, số 6, trang 438-447","https://drive.google.com/open?id=19FE5xgjsT4VOlHVmlya9YpbgQuxrwyEj","Tác giả chính: Lâm Nhựt Anh","","","","","","",""
"25/06/2025 21:57:04","tyhao@ctump.edu.vn","Đánh giá kết quả bước đầu triển khai giám sát nồng độ thuốc để tối ưu hóa liều vancomycin ở người trưởng thành tại Bệnh viện trường Đại Học Y Dược Cần Thơ năm 2023-2024","1859-1868","1 điểm","08/08/2024","Đánh giá kết quả bước đầu triển khai giám sát nồng độ thuốc để tối ưu hóa liều vancomycin ở người trưởng thành tại Bệnh viện trường Đại Học Y Dược Cần Thơ năm 2023-2024","Nguyễn Thiên Vũ, Pham Thành Suôl, Võ Phạm Minh Thư, Nguyễn Lê Hoan, Vũ Đình Hòa, Trần Yên Hảo, Đặng Thị Kim Tuyền","Nguyễn Thiên Vũ","7","Tập 541, số 1, trang 336-341","https://drive.google.com/open?id=1CuCQwJQmuliuKFDfFEclCiJu6wtolDql","","","","","","","",""
"25/06/2025 22:03:30","tyhao@ctump.edu.vn","Tạp Chí Khoa học Trường Đại học Quốc tế Hồng Bàng","2615-9686","0.25 điểm","24/05/2025","Khảo sát các vấn đề liên quan đến thuốc trên bệnh nhân lao và bệnh phổi tại một bệnh viện thuộc tỉnh Kiên Giang năm 2024","Đào Trọng Nghĩa, Huỳnh Kim Hiệu, Võ Phát Đạt, Trần Yên Hảo","Trần Yên Hảo","4","Số 35, trang 63-70","https://drive.google.com/open?id=1TTfHZFIiigN8_o4kvPUktDGfwa4aczr9","","","","","","","",""
"25/06/2025 22:11:43","tyhao@ctump.edu.vn","Tạp chí Khoa học Trường Đại học Quốc tế Hồng Bàng","2615-9686","0.25 điểm","24/03/2025","Tổng quan về các tương tác thuốc có ý nghĩa lâm sàng thường gặp trên bệnh nhân tim mạch","Trần Yên Hảo, Võ Phát Đạt, Trần Phú Điền, Phạm Thị Hằng Nga, Phạm Thành Suôl, Nguyễn Thiên Vũ","Trần Yên Hảo","6","Số 34, trang 71-78","https://drive.google.com/open?id=1fO0LrQB4jzkUpkIXR38x3OAp_quTLvcA","","","","","","","",""
"25/06/2025 22:13:50","nthtuyen@ctump.edu.vn","Tạp chí Y học Việt Nam","1859-1868","1 điểm","05/05/2025","TÌNH HÌNH KIỂM SOÁT HUYẾT ÁP VÀ MỘT SỐ YẾU TỐ LIÊN QUAN Ở NGƯỜI KHMER TĂNG HUYẾT ÁP TẠI THỊ XÃ VĨNH CHÂU, TỈNH SÓC TRĂNG NĂM 2024","Lê Minh Hữu, Nguyễn Mỹ Anh, Phạm Thị Nhã Trúc, Nguyễn Xuân Mỹ Ngọc","Lê Minh Hữu","4","Tập 549, Số 3 (2025), trang 319-323","https://drive.google.com/open?id=1NW-QcmLmYo8i4aAtoab0Bx0oEJ3jgZY8","","","","","","","",""
"25/06/2025 22:27:25","nthtuyen@ctump.edu.vn","Tạp chí Y học Cộng đồng","2354 – 0613","0.75 điểm","20/05/2025","KHẢO SÁT KIẾN THỨC, THỰC HÀNH VỀ PHÒNG CHỐNG BỆNH TĂNG HUYẾT  ÁP VÀ CÁC YẾU TỐ NGUY CƠ LIÊN QUAN ĐẾN BỆNH TĂNG HUYẾT ÁP Ở  NGƯỜI DÂN ĐỘ TUỔI 30-69 TRÊN ĐỊA BÀN TỈNH HẬU GIANG NĂM 2024 ","Lê Thanh Phong, Nguyễn Văn Lành, Nguyễn Hữu Nghĩa","Nguyễn Văn Lành","3","Tập 66, số 8, trang 5-11","https://drive.google.com/open?id=11IFfT6UOR4qgEAI9LwGwdRSn9EPpn6OY","","","","","","","",""
"25/06/2025 22:28:40","ntliem@ctump.edu.vn","Tạp chí Y học Việt Nam","1859-1868","1 điểm","25/06/2025","ĐẶC ĐIỂM LÂM SÀNG, CẬN LÂM SÀNG VÀ KẾT QUẢ ĐIỀU TRỊỞ BỆNH NHÂN VIÊM GAN VI RÚT C MẠN","Phạm Tấn Đạt, Nguyễn Thanh Liêm, Huỳnh Thị Kim Yến","Nguyễn Thanh Liêm","3","Tập 551, số 2, trang 29-32","https://drive.google.com/open?id=1CK2LAThQsNjQRJZ8dzJ--fqVUzMjHeyX","","","","","","","",""
"25/06/2025 22:32:11","lttloan@ctump.edu.vn","Tạp chí Y học Việt Nam","1859-1868","1 điểm","25/06/2025","ĐẶC ĐIỂM DỊCH TỄ HỌC, LÂM SÀNG VÀ KẾT QUẢ ĐIỀU TRỊ BỆNH  TIÊU CHẢY CẤP DO ROTAVIRUS Ở TRẺ TỪ 6 THÁNG ĐẾN 5 TUỔI  TẠI BỆNH VIỆN CHUYÊN KHOA SẢN NHI SÓC TRĂNG ","Thạch Văn Thái, Lê Thị Thúy Loan","Lê Thị Thúy Loan","2","Tập 551, số 2, trang 191-196","https://drive.google.com/open?id=1aUywjohj4-6zQGNx2VucBwXIvH8vAaxC","","","","","","","",""
"25/06/2025 22:32:48","nthtuyen@ctump.edu.vn","Tạp chí Y học Cộng đồng","2354 – 0613","0.75 điểm","20/05/2025","KIẾN THỨC, THỰC HÀNH VỀ PHÒNG CHỐNG BỆNH SỐT XUẤT HUYẾT  DENGUE CỦA BÀ MẸ CÓ CON DƯỚI 15 TUỔI TẠI THÀNH PHỐ VỊ THANH, TỈNH HẬU GIANG, NĂM 2024 ","Nguyễn Thanh Bình, Nguyễn Văn Lành, Nguyễn Kim Khánh Tiên, Phạm Mỹ Linh","Nguyễn Văn Lành","4","Tập 66, số đặc biệt 8, trang 277-282","https://drive.google.com/open?id=1LGLMyAULapMSxpGQK6p8pEzj4INgNY7P","","","","","","","",""
"25/06/2025 22:36:12","nthtuyen@ctump.edu.vn","Tạp chí Y học Cộng đồng","2354 – 0613","0.75 điểm","06/05/2025","THỰC TRẠNG KIẾN THỨC VỀ PHÒNG BỆNH TAY CHÂN MIỆNG CỦA   BÀ MẸ CÓ CON DƯỚI 5 TUỔI TẠI XÃ ĐẠI THÀNH VÀ XÃ TÂN THÀNH,   THÀNH PHỐ NGÃ BẢY, TỈNH HẬU GIANG NĂM 2024 ","Nguyễn Văn Lành, Nguyễn Thanh Bình, Nguyễn Kim Khánh Tiên","Nguyễn Văn Lành","3","Tập 66, số đặc biệt 5, trang 55-59","https://drive.google.com/open?id=1M4dr_YnKM6RoynG1M2OQvHriY_JH4u2G","","","","","","","",""
"26/06/2025 9:09:06","lctru@ctump.edu.vn","Tạp chí Y học Việt Nam","1859-1868","1 điểm","25/06/2025","Bước đầu xác định giá trị alpha-fetoprotein trong đánh giá đáp ứng sau điều trị bằng phương pháp nút động mạch hóa chất trên bệnh nhân ung thư biểu mô tế bào gan tại Bệnh viện Đa khoa Trung Ương Cần Thơ năm 2024","Đặng Ngọc Yến Vy, Bùi Phi Hùng, Ngô Quốc Thời, Nguyễn Hồng Hà,  Lê Công Trứ, Trần Thị Thu Thảo","Trần Thị Thu Thảo","6","2, 551, 154-158","https://drive.google.com/open?id=1GNHn0mX1-fncgkIk5CgBhWZNt3yLmw-H","","","","","","","",""
"26/06/2025 9:31:38","nphung@ctump.edu.vn","TC Khoa học Quốc tế Hồng Bàng","2615-9686","0.25 điểm","30/05/2025","MỘT SỐ NHÂN TỐ ẢNH HƯỞNG ĐẾN HÀNH VI BÁN THUỐC DƯỢC LIỆU CỦA NGƯỜI BÁN LẺ THUỐC TẠI TỈNH VĨNH LONG NĂM 2024","Hồ Hồng Thắm, Nguyễn Phục Hưng, Võ Thị Mỹ Hương, Hồ Thị Thu Hằng, Nguyễn Phú Vinh3","Nguyễn Phục Hưng","5","Số đặc biệt, tháng 5-2025, 319-330","https://drive.google.com/open?id=1-wX2TKLnqYqd4g1ZapqkcRY1oWuCegHN","Nguyễn Phục Hưng, Võ Thị Mỹ Hương là cb trong trường","","","","","","",""
"26/06/2025 9:37:11","nphung@ctump.edu.vn","Tạp chí Y học công đồng","2354-0613","0.25 điểm","08/04/2025","KHẢO SÁT TÁC ĐỘNG CỦA TRẢI NGHIỆM KHÁCH HÀNG KHI MUA SẮM TRỰC TUYẾN ĐẾN Ý ĐỊNH MUA LẶP LẠI THUỐC VÀ CÁC SẢN PHẨM CHĂM SÓC SỨC KHỎE TẠI THÀNH PHỐ CẦN THƠ NĂM 2024-2025","Trần Thị Minh Ái, La Thanh Hằng, Mai Phương Nam, Đinh Thị Minh Ngọc, Hoàng Thị Kim Vân, Nguyễn Phục Hưng, Võ Thị Mỹ Hương, Trần Bá Kiên","Nguyễn Phục Hưng","8","tập 66, chương 4, số đặc biệt, trang 221-226","https://drive.google.com/open?id=1GskvhEPyuFHy2-sSAmPOvFNQNe4TOG9-","Nguyễn Phục Hưng, Võ Thị Mỹ Hương là cb trong trường","","","","","","",""
"26/06/2025 9:42:02","nphung@ctump.edu.vn","Tạp chí Y học cộng đồng","2354-0613","0.25 điểm","18/04/2025","NGHIÊN CỨU TÁC ĐỘNG CỦA MẠNG XÃ HỘI ĐẾN SỰ TIN TƯỞNG CỦA KHÁCH HÀNG ĐỒI VỚI HỆ THỐNG CHUỖI NHÀ THUỐC TẠI THÀNH PHỐ CẦN THƠ NĂM 2024-2025","Đoàn Ngọc Tấn Đạt, Thái Hà Ngọc Đán, Trần Thị Quỳnh Chi, Huỳnh Nhật Hào, Nguyễn Phục Hưng, Võ Thị Mỹ Hương, Trần Bá Kiên"," Nguyễn Phục Hưng","7","tập 66, chương 4, trang 302-306","https://drive.google.com/open?id=1LIzA5eyXQ4vl_H6WzQgaUKCu8sx80Mtz","Nguyễn Phục Hưng, Võ Thị Mỹ Hương là cb trong trường","","","","","","",""
"26/06/2025 10:27:44","nthtuyen@ctump.edu.vn","Tạp chí Y học Cộng đồng ","2354 - 0613","0.75 điểm","06/05/2025","KIẾN THỨC VỀ PHÒNG, CHỐNG BỆNH SỞI CỦA CÁC BÀ MẸ CÓ CON DƯỚI 5 TUỔI TRÊN ĐỊA BÀN HUYỆN PHỤNG HIỆP, TỈNH HẬU GIANG NĂM 2024","Nguyễn Văn Lành, Nguyễn Thanh Bình, Nguyễn Kim Khánh Tiên","Nguyễn Văn Lành","3","Tập 66, số đặc biệt 5, trang 79-84","https://drive.google.com/open?id=1A3Be8kxmORfSAcXIHYobQvom8Vur3XOn","","","","","","","",""
"26/06/2025 21:54:56","chnghi@ctump.edu.vn","Tạp chí Y học Việt Nam","ISSN: 1859-1868","1 điểm","25/06/2025","ĐẶC ĐIỂM HỆ VI SINH ĐƯỜNG RUỘT Ở TRẺ EM DƯỚI 5 TUỔI: MỘT NGHIÊN CỨU CẮT NGANG","Chung Hữu Nghị, Võ Quốc Chuyển, Phạm Hùng Vân, Nguyễn Anh Tuấn","Chung Hữu Nghị","4","Tập 551 Số 2, trang 362-368","https://drive.google.com/open?id=16huNSgV2_2BMe_O1nS-nA3BVusaTe3pe","","","","","","","",""
"26/06/2025 22:31:26","khnhan@ctump.edu.vn","Tạp chi y học Việt Nam","1859-1868","1 điểm","23/06/2025","Khảo sát tỷ lệ, mức độ và một số yếu tố liên quan đến hạ natri máu ở bệnh nhân xơ gan tại bệnh viện đa khoa tỉnh Bình Thuận","Biện Văn Ngọc, Kha Hữu Nhân, Nguễn Thị Diễm","Biện Văn Ngọc","3","tập 551, số 1, trang 285-289","https://drive.google.com/open?id=15y4c5jIQ8Gv-cqzpAutk3Jq-tJzzSWix","","","","","","","",""
"27/06/2025 10:22:14","dtngan@ctump.edu.vn","Tạp chí Y học Việt Nam","1859-1868","1 điểm","11/04/2025","KHẢO SÁT THỰC TRẠNG VÀ MỘT SỐ YẾU TỐ LIÊN QUAN ĐẾN RỐI LOẠN LO ÂU Ở SINH VIÊN TRƯỜNG ĐẠI HỌC Y DƯỢC CẦN THƠ","Nguyễn Ngọc Lê, Lê Minh Hoàng, Lê Thị Gái, Huỳnh Quang Thái Huy, Lý Quốc Y, Thiên Vạn Phúc, Võ Đỗ Kim Như Ý, Nguyễn Văn Thống","Nguyễn Văn Thống","8","548(2), trang 376 - 380","https://drive.google.com/open?id=1poXStnVwLQzhJXtMzTD2zQq_rRPi8aGd","Lê Minh Hoàng (00490)","","","","","","",""
"27/06/2025 10:32:46","dtngan@ctump.edu.vn","Tạp chí Y học Việt Nam","1859-1868","1 điểm","23/06/2025","ĐÁNH GIÁ TIỀM NĂNG ĐIỀU TRỊ ĐÁI THÁO ĐƯỜNG TÍP 2 CỦA CÁC BÀI THUỐC Y HỌC CỔ TRUYỀN TẠI VIỆT NAM","Nguyễn Ngọc Chi Lan, Võ Tuyết Ngân, Lê Ngọc Diễm, Trần Đăng Khoa","Nguyễn Ngọc Chi Lan","4","551, số 1","https://drive.google.com/open?id=1jnbl9o-GGN9xNSHAAohXInJC8L0Tttog","Nguyễn Ngọc Chi Lan (00204), Lê Ngọc Diễm (00680)","","","","","","",""
"27/06/2025 10:36:21","dtngan@ctump.edu.vn","Tạp chí công thương","0866 - 7756","0.5 điểm","08/04/2025","Tối ưu hóa cao khô phèn đen sử dụng phương pháp đáp ứng bề mặt (Phyllanthus reticulatuspoir.)","Dương Thị Trúc Ly, Trần Thị Thư, Huỳnh Trần Quốc Dũng, Phan Thị Thủy Tiên, Vũ Huỳnh Kim Long, Nguyễn Đăng Khoa","Nguyễn Đăng Khoa","6","số 15, 270-276","https://drive.google.com/open?id=1bE95o-iImBXfEDZnHFqHS8DWj8AQ9ITb","Dương Thị Trúc Ly (00327), Trần Thị Thư (00694)","","","","","","",""
"27/06/2025 13:28:05","ncquang@ctump.edu.vn","Tạp chí Y học Việt Nam","1859-1868","1 điểm","09/04/2025","TÁC NHÂN VI SINH GÂY VIÊM PHỔI CỘNG ĐỒNG KÉM ĐÁP ỨNG ĐIỀU TRỊ Ở TRẺ EM TẠI BỆNH VIỆN ĐA KHOA ĐỒNG THÁPTÁC NHÂN VI SINH GÂY VIÊM PHỔI CỘNG ĐỒNG KÉM ĐÁP ỨNG ĐIỀU TRỊ Ở TRẺ EM TẠI TỈNH ĐỒNG THÁP","Nguyễn Thị Kim Thoa, Trần Quang Khải, Ngô Chí Quang","Trần Quang Khải","5","tập 548, số 1, trang 383-387","https://drive.google.com/open?id=1wI3mxRPqyDSAjPGSGBJNBcKzmr0E4YwB","","","","","","","",""
"27/06/2025 13:31:57","ncquang@ctump.edu.vn","Tạp chí Nghiên cứu y học","2354 - 080X","1 điểm","16/06/2025","Giá trị tiên lượng của thang điểm cảnh báo sớm PEWS ở trẻ từ 1 tháng đến 5 tuổi tại khoa cấp cứu Bệnh viện Nhi đồng Cần Thơ","Nguyễn Quỳnh Như, Tạ Văn Trầm, Ngô Chí Quang","Ngô Chí Quang","3","Tập 191, số 6, trang 159-168","https://drive.google.com/open?id=1vt6v2Lp2wp2HLvuDX2NG9kciMXHyttk5","","","","","","","",""
"27/06/2025 13:34:22","ncquang@ctump.edu.vn","Tạp chí nghiên cứu y học","2354 - 080X","1 điểm","16/06/2025","Căn nguyên vi sinh và kết quả điều trị trẻ mắc tiêu chảy cấp tại Bệnh viện Nhi đồng Cần Thơ","Trần Quang Khải , Ngô Chí Quang, Nguyễn Thị Phương Uyên","Nguyễn Thị Phương Uyên","3","Tập 191, số 6, trang 131-138","https://drive.google.com/open?id=1SziVZrO_xbhanqRvGter2In9TAUIsUYC","","","","","","","",""
"27/06/2025 13:57:41","nnnghia@ctump.edu.vn","Y học Việt Nam","1859-1868","1 điểm","28/01/2025","Kết quả điều trị thiếu máu bằng liệu pháp erythropoietin sau bổ sung vitamin B12 trong bệnh thận mạn giai đoạn cuối lọc máu định kỳ","Nguyễn Như Nghĩa, Phạm Thị Lan Phương, Nguyễn Hoàng Bảo Ngọc, Võ Thị Kim Thi","Nguyễn Như Nghĩa","4","Tập 546, số 2, trang 329-332","https://drive.google.com/open?id=14onW8_cl2e6VOr4M8CK5a_bq7jzps6Uu","","","","","","","",""
"27/06/2025 14:03:32","nnnghia@ctump.edu.vn","Tạp chí Y học Việt Nam","1859-1868","1 điểm","28/01/2025","Giá trị của các chỉ số liên quan đến hồng cầu lưới trong dự báo thiếu sắt ở bệnh nhân bệnh thận mạn chưa điều trị thay thế thận","Nguyễn Như Nghĩa, Lê Thị Hoàng Mỹ, Lâm Quang Diệu","Nguyễn Như Nghĩa","3","Tập 546, số 2, trang 332-336","https://drive.google.com/open?id=1Ri2m0nj8S72d1NuQkvoROIw1mk-AzKhh","","","","","","","",""
"27/06/2025 14:10:06","nnnghia@ctump.edu.vn","Tạp chí Y học Việt Nam","1859-1868","1 điểm","02/04/2025","Kết quả điều trị tăng áp lực động mạch phổi mức độ trung bình - nặng bằng lọc máu tích cực ở bệnh nhân bệnh thận mạn giai đoạn 5","Nguyễn Như Nghĩa, Lâm Thị Thu Ba","Nguyễn Như Nghĩa,","2","Tập 547, số 3, trang 24-28","https://drive.google.com/open?id=1CIF2rIjH1TQOiqnvQxak5RdUQeBtOzIN","","","","","","","",""
"27/06/2025 14:13:35","nnnghia@ctump.edu.vn","Tạp chí Y học Việt Nam","1859-1868","1 điểm","26/03/2025","Tác động của cường cận giáp thứ phát trong điều trị thiếu máu ở bệnh nhân lọc máu chu kỳ: nghiên cứu bệnh chứng","Nguyễn Như Nghĩa, Nguyễn Thị Diễm Thúy","Nguyễn Như Nghĩa","2","Tập 547, số 1, trang 334-339","https://drive.google.com/open?id=1Vq_bxmGMOeiYYYsfFeQkU_M7vuXWd-mt","","","","","","","",""
"27/06/2025 14:16:42","nnnghia@ctump.edu.vn","Tạp chí Y học Việt Nam","1859-1868","1 điểm","21/04/2025","So sánh các phương pháp chẩn đoán bệnh thận mạn trên bệnh nhân đái tháo đường: nghiên cứu thực hiện trong cộng đồng","Nguyễn Như Nghĩa, Võ Hoàng Nghĩa","Nguyễn Như Nghĩa","2","Tập 548, số 3, trang 370-373","https://drive.google.com/open?id=1mtNrSoY2IcWERsCnpHKFgJ7txKTnbrwF","","","","","","","",""
"27/06/2025 14:19:38","nnnghia@ctump.edu.vn","Tạp chí Y học Việt Nam","1859-1868","1 điểm","21/04/2025","Nghiên cứu tương quan giữa nồng độ PTH máu và chỉ số độ cứng động mạch ở bệnh nhân suy thận mạn lọc máu chu kỳ ","Nguyễn Như Nghĩa, Võ Hữu Phúc, Lê Thanh Đức","Nguyễn Như Nghĩa","3","Tập 549, số 2, trang 198-202","https://drive.google.com/open?id=1VKs6-80waIxcWqWTNzPBHhlOXx1gXgEl","","","","","","","",""
"27/06/2025 14:27:09","pdlong@ctump.edu.vn","Tạp chí Y học Việt Nam","1859-1868","1 điểm","06/06/2025","MỘT SỐ YẾU TỐ LIÊN QUAN ĐẾN KIỂM SO\T HEN Ở TRẺ ĐANG QUẢN LÝ HEN NGOẠI TRÚ TẠI BỆNH VIỆN NHI ĐỒNG TH[NH PHỐ CẦN THƠ","Trần Công Lý, Bùi Quang Nghĩa, Trương Cẩm Trinh, Lê Hoàng Mỷ, Lê Hoàng Thắng, Phún Duy Long, Nguyễn Đình Nguyên Chương","Bùi Quang Nghĩa","7","Tập 550, số 3, trang 147-152","https://drive.google.com/open?id=12dtqqgB6YPaj0nATpoYarYFUvk5lfM-R","","","","","","","",""
"27/06/2025 14:31:11","nnnghia@ctump.edu.vn","Tạp chí Y học Việt Nam","1859-1868","1 điểm","28/04/2025","Ảnh hưởng của đáp ứng điều trị thiếu máu có thiếu vitamin B12 với nguy cơ tử vong ở bệnh nhân suy thận giai đoạn cuối: nghiên cứu can thiệp theo dõi dọc","Nguyễn Như Nghĩa, Phạm Thị Lan Phương","Nguyễn Như Nghĩa","2","Tập 549, số 2, trang 311-315","https://drive.google.com/open?id=1Xn7t-_1dN4x0f83Ggige9XGMd8cerFYy","","","","","","","",""
"27/06/2025 14:42:03","tdhuong@ctump.edu.vn","Tạp chí Y học Việt Nam","1859-1868","1 điểm","05/05/2025","ĐÁNH GIÁ KẾT QUẢ ĐIỀU TRỊ NHIỄM KHUẨN ĐƯỜNG TIẾT NIỆU DO SỎI ĐƯỜNG TIẾT NIỆU TẠI BỆNH VIỆN ĐẠI HỌC Y DƯỢC CẦN THƠ NĂM 2023 – 2024","Lê Việt Tú, Nguyễn Vĩnh Nghi, Lê Thanh Bình, Trần Đức Hưởng","Lê Việt Tú","4","Tập 549, Số 3, trang 380-385","https://drive.google.com/open?id=1KNAR8q-ijySqIQJJQN4VwCKCn3v6RRfa","","","","","","","",""
"27/06/2025 17:08:53","ntdiem@ctump.edu.vn","Y học Việt Nam","1859-1868","1 điểm","27/05/2025","Khảo sát tỷ lệ, mức độ và một số yếu tố liên quan đến hạ natri máu ở bệnh nhân xơ gan tại bệnh viện đa khoa tỉnh Bình Thuận","Biện Văn Ngọc, Kha Hữu Nhân, Nguyễn Thị Diễm","Biện Văn Ngọc","3","tập 551, số 1, trang 285-289","https://drive.google.com/open?id=1_p2CnlJcXIV0nVZTzzQ1NU5GVtlFiJDr","","","","","","","",""
"27/06/2025 17:13:46","ntdiem@ctump.edu.vn","Tạp chí Y học Việt Nam","1859-1868","1 điểm","11/06/2025","Nghiên cứu sự thay đổi chỉ số căng dọc thất trái bằng siêu âm đánh dấu mô cơ tim ở bệnh nhân  hội chứng vành mạn có can thiệp mạch vành qua da","Trần Văn Tiềm, Trần Kim Sơn,  Nguyễn Thị Diễm, Bùi Thế Dũng","Bùi Thế Dũng","4","số 2, tháng 6/2025, trang 150-154","https://drive.google.com/open?id=1In8dlL7Sfq9Y-quwx0JVUo9I_vTOYWsP","","","","","","","",""
"27/06/2025 21:58:35","ntdiem@ctump.edu.vn","Tạp chí Y học Việt Nam","1859-1868","1 điểm","14/03/2025","Nghiên cứu đặc điểm lâm sàng, cận lâm sàng và đa hình rs3746444 của gen microrna-499 ở bệnh nhân nhồi máu cơ tim cấp tại bệnh viện Đa khoa Trung Ương Cần Thơ năm 2023-2024","Vỏ Thị Ngọc Ánh, Nguyễn Thị Diễm, Trương Tú Trạch","Vỏ Thị Ngọc Ánh","3","tập 548, số 2, tháng 3/2025, trang 197-201","https://drive.google.com/open?id=1ae96B8A_AeBpaKYj_78hZ0j90Ngj4YOH","","","","","","","",""
"27/06/2025 22:49:43","hmtu@ctump.edu.vn","Tạp chí Y học Việt Nam","1859-1868","1 điểm","26/05/2025","Khảo sát vi khuẩn và tình hình đề kháng kháng sinh ở bệnh nhân viêm phổi do thở máy đang điều trị tại khoa Gây mê hồi sức và Hồi sức tích cực Bệnh viện Đa khoa Trung Ương Cần Thơ","Hoàng Minh Tú, Huỳnh Thị Thùy Dương, Trần Thị Như Lê, Huỳnh Anh Đức, Trần Hoàng Nhân, Hồ Thị Yến My, Lê Khánh Vy, Nguyễn Ngọc Hiền, Liêu Trường Khánh","Liêu Trường Khánh","9","Tập 551, số 1 tháng 6, trang 268-273","https://drive.google.com/open?id=1S_gLpOOd20w7UmLiGj1lS5tCqRUJntuk","","","","","","","",""
"27/06/2025 23:50:16","hmtu@ctump.edu.vn","Tạp chí Y học Việt Nam","1859-1868","1 điểm","20/05/2025","Đánh giá kết quả cấy ghép Implant với kỹ thuật dựng mô mềm vùng răng cối lớn sử dụng hỗn hợp Melatonin và Hyaluronic acid","Bùi Hoàng Minh Đức, Bùi Cúc, Bùi Hoàng Minh Phước, Trần Quốc Ninh, Hoàng Minh Tú, Lê Nguyên Lâm","Lê Nguyên Lâm","6","Tập 550, Số 3 - Tháng 5, trang 387-391","https://drive.google.com/open?id=1X6SJDULeuTWx4j8MgzIsI3T-X0Uq_n42","","","","","","","",""
"28/06/2025 9:25:16","nhlong@ctump.edu.vn","Tạp chí Y học cộng đồng","2354-0613","0.75 điểm","26/05/1994","NGHIÊN CỨU ĐẶC ĐIỂM LÂM SÀNG, HÌNH ẢNH SIÊU ÂM KHỚP Ở NGƯỜI BỆNH THOÁI HÓA KHỚP GỐI GIAI ĐOẠN 0-2 THEO KELLGREN - LAWRENCE","Ngô Hoàng Long, Nguyễn Thị Hồng Diễm, Nguyễn Hoàng Thanh Vân","Nguyễn Hoàng Thanh Vân","3","Tập 66, số 3, trang 70-75","https://drive.google.com/open?id=1sH1QhsGGD9l6REnc9D3dPumqsZyKlRQS","Tác giả chính","","","","","","",""
"28/06/2025 16:54:21","nptai@ctump.edu.vn","Kỷ yếu Hội thảo khoa học quốc tế ""Văn hóa - ngôn ngữ - Văn chương - Nghệ thuật Việt Nam ở Nam bộ""","ISBN 978-604-43-4771-4","0.5 điểm","28/06/2025","Sự đa dạng và giao thoa trong tín ngưỡng dân gian Nam Bộ Việt Nam (The  Varied Folk Beliefs and Their Intersection in Southern Vietnam)","Nguyễn Phước Tài, Trần Thị Kim Hoàng","Nguyễn Phước Tài","","Trang 246-255","https://drive.google.com/open?id=1X_BsXXMBU-lzBMyBgAmDMT2rcaINKF30","","","","","","","",""
"28/06/2025 22:44:56","mhntan@ctump.edu.vn","tạp chí Y học Việt Nam","1859-1868","1 điểm","28/04/2025","KHẢO SÁT NỒNG ĐỘ IGF-1 HUYẾT TƯƠNG VÀ MỘT SỐ YẾU TỐ LIÊN QUAN Ở BỆNH NHÂN BỆNH THẬN MẠN GIAI ĐOẠN CUỐI ĐANG LỌC MÁU CHU KỲ","Lê Thị Ánh Tuyết, Trần Thái Thanh Tâm, Võ Thanh Hùng, Mai Huỳnh Ngọc Tân, Lê Văn Sang","Trần Thái Thanh Tâm","5","tập 549, số 2, trang 190-194","https://drive.google.com/open?id=16edXv17ZKilIWLm18JVgVxl7CrzlND8t","","","","","","","",""
"28/06/2025 23:31:36","tqpho@ctump.edu.vn","Tạp chí Y Học Việt Nam ","Tạp chí Y Học Việt Nam ","1 điểm","04/05/2025","NGHIÊN CỨU ĐẶC ĐIỂM LÂM SÀNG, CÁC YẾU TỐ NGUY CƠ VÀ KẾT QUẢ ĐIỀU TRỊ BẰNG TRUYỀN BISPHOSPHONATE Ở PHỤ NỮ TRÊN 50 TUỔI MẮC BỆNH LOÃNG XƯƠNG","Trương Quang Phổ1, Trương Quang Thiên2, Trương Thị Chiêu2","Trương Quang Phổ","3","Tập 549, Quyển 2, trang 255-262","https://drive.google.com/open?id=1osdvtgYlUwYx7-jyVMIQBM6g-a_bRpfC","","","","","","","",""
"29/06/2025 7:31:27","ntnthao@ctump.edu.vn","Tạp chí Y học Việt Nam"," ISSN: 1859-1868","1 điểm","02/05/2025","ĐẶC ĐIỂM LÂM SÀNG VÀ CẬN LÂM SÀNG NHIỄM KHUẨN HUYẾT SƠ SINH NON THÁNG TẠI BỆNH VIỆN NHI ĐỒNG CẦN THƠ","Nguyễn Thị Nguyên Thảo1, Nguyễn Phước Sang1, Lê Văn Khoa1, Trần Thị Huỳnh Như1, Trần Công Lý1","Nguyễn Thị Nguyên Thảo","5","Tập 547, số 2, trang 5-9","https://drive.google.com/open?id=1taEClY8ZKAx_h7iBE7ojNvE5PT_5j4D4, https://drive.google.com/open?id=1Fice_CSVxXnTZXFQxU2Cyj4OBzettBMl","Nguyễn Thị Nguyên Thảo - Bộ môn Nhi 00461","","","","","","",""
"29/06/2025 10:14:13","tqpho@ctump.edu.vn","Kỷ yếu hội nghị khoa học thường niên Trung tâm cơ xương khớp 2024","Kỷ yếu hội nghị khoa học thường niên Trung tâm cơ xương khớp 2024","Kỷ yếu có phản biện","10/12/2024","Nghiên cứu đa hình RS1042034 Gen APOB ở bệnh nhân rối loạn lipid máu","Trương Quang Phổ, Phạm công Phi, Đoàn kim Châu, Lê Tân Tố Anh","Trương Quang Phổ","","Trang 75-77","https://drive.google.com/open?id=1aedo9KuYSZveaDB5NdDlQOqo1C9YTte6","","","","","","","",""
"29/06/2025 10:35:18","tqpho@ctump.edu.vn","Kỷ yếu Hội nghị khoa học thường niên Trung tâm cơ xuơng khớp ","Kỷ yếu Hội nghị khoa học thường niên Trung tâm cơ xuơng khớp ","0.5 điểm","10/12/2024","Triển vọng thuốc sinh học tương đương trong điều trị viêm khớp dạng thấp và một số bệnh Cơ xương Khớp ","Trương Quang Phổ","Trương Quang Phổ","1","Trang 62-63","https://drive.google.com/open?id=17LAd3-2DrAiXTLYXCi5dcqAO0mNt62uN","","","","","","","",""
"29/06/2025 10:56:55","tqpho@ctump.edu.vn","Tạp chí Y học Việt Nam","Tạp chí Y học Việt Nam","1 điểm","10/08/2024","NGHIÊN CỨU ĐẶC ĐIỂM LÂM SÀNG, CẬN LÂM SÀNG VÀ MỘT SỐ YẾU TỐ LIÊN QUAN ĐẾN LOÃNG XƯƠNG Ở BỆNH NHÂN SUY THƯỢNG THẬN MẠN","Trương Quang Phổ, Danh lâm Mỹ Phương, Lâm Hữu Giang, Huỳnh văn Tính ","Trương Quang Phổ ","4","Tập số 3 Trang 204-208","https://drive.google.com/open?id=1ZS2xVS7K2ythmSIa-2lDGuYrB3wH81LN","","","","","","","",""
"29/06/2025 15:23:33","tghung@ctump.edu.vn","Tạp chí Y học Việt Nam ","1859-1868","1 điểm","29/04/2025","ASSESSMENT OF SLEEP DISORDERS BEFORE AND AFTER ITRACONAZOLE TREATMENT IN SEBORRHEIC DERMATITIS","Hua My Quyen, Nguyen Thi Thuy Trang, Pham Thi Bao Tram, Lac Thi Kim Ngan, Truong Dieu Hien, Dang Hoang Chuong, Nguyen Trung Hau, Le Van Dat, Do Hoang Long, Huynh Van Ba, Tran Do Hung, Tran Gia Hung","Trần Gia Hưng ","12","Tập 550, số 1, trang 84-92","https://drive.google.com/open?id=1z9lPdgtWVoHJjJhf2eiG_Mbp24-x9a8d","","","","","","","",""
"29/06/2025 18:16:00","vhnghia@ctump.edu.vn","Tạp chí Y học Việt Nam","1859-1868","1 điểm","01/05/2025","NGHIÊN CỨU TỈ LỆ MANG GEN CAGA CỦA VI KHUẨN HELICOBACTER PYLORI VÀ MỐI LIÊN QUAN VỚI MỘT SỐ BỆNH LÝ TIÊU HOÁ TRÊN","Lâm Phước Thiện, Nguyễn Thanh Liêm, Lê Đức Nhân, Võ Hoàng Nghĩa, Ngô Hoàng Long, Lâm Thị Kim Chi","Nguyễn Thanh Liêm","6","550, số 1, trang 242-246","https://drive.google.com/open?id=1a82tEypI4YOOz3Zlz5kT6ZiUVy8KwXTI","","","","","","","",""
"29/06/2025 23:07:08","lththanh@ctump.edu.vn","Tạp chí Lịch sử Đảng","2815-6013","0.75 điểm","20/06/2025","Đấu tranh phản bác những luận điệu sai trái, xuyên tạc chủ trương tinh gọn tổ chức bộ máy nhà nước Việt Nam trên không gian mạng","Nguyễn Việt Thanh, Lương Thị Hoài Thanh","Nguyễn Việt Thanh","2","tr.1-3","https://drive.google.com/open?id=12L7Mgy16CPm3OMNAFLHkF8QaFFPiCA8m","","","","","","","",""
"29/06/2025 23:15:56","lcnhan@ctump.edu.vn","Tạp chí Khoa học Đại học Cần Thơ","1859-2333","0.75 điểm","03/03/2025","NHẬN THỨC VÀ MỨC ĐỘ SẴN SÀNG CỦA SINH VIÊN Y KHOA TRƯ  ỜNG ĐẠI HỌC Y DƯỢC CẦN THƠ VỀ HOẠ   T Đ  ỘNG HÀNH NGHỀKHÁM BỆNH, CHỮA BỆNH THEO LUẬT KHÁM, CHỮA BỆNH NĂM 2023 ","Lê Chí Nhân, Đinh Văn Phương, Trần Thị Hồng Lê, Lương Thị Hoài Thanh, Nguyễn Thanh Trạng","Lê Chí Nhân","5","Tập 61, số 3C, trang 235-243","https://drive.google.com/open?id=1C73JqC6ziflVBMw5_62t8MC-ckLJ402k","","","","","","","",""
"30/06/2025 0:48:11","phtnga@ctump.edu.vn","Tạp chí Y Học Việt Nam","ISSN: 1859-1868","1 điểm","22/07/2024","ĐẶC ĐIỂM LÂM SÀNG, CẬN LÂM SÀNG VÀ THỦ TỤC PHẪU THUẬT U BUỒNG TRỨNG THEO PHÂN LOẠI O-RADS TẠI BỆNH VIỆN HOÀN MỸ CỬU LONG NĂM 2023-2024","Trần Khánh Nga, Đào Bích Chiền, Phan Hữu Thúy Nga, Vũ Quốc Nhân","Đào Bích Chiền","4","tập 1, số 3, trang 110-114","https://drive.google.com/open?id=1zt8bMcox7Wchds9x2xYOK0hUECn09YIs","","","","","","","",""
"30/06/2025 0:53:30","phtnga@ctump.edu.vn","Tạp chí Y học Việt Nam","ISSN: 1859-1868","1 điểm","07/09/2024","ỨNG DỤNG CÁC PHƯƠNG PHÁP ƯỚC LƯỢNG TRỌNG LƯỢNG THAI QUA LÂM SÀNG VÀ SIÊU ÂM Ở PHỤ NỮ MANG THAI ĐỦ THÁNG TẠI BỆNH VIỆN ĐA KHOA TRUNG ƯƠNG CẦN THƠ 2022-2024","Lê Bá Phú, Trần Khánh Nga, Phan Hữu Thúy Nga, Phan Thị Kim Thi","Lê Bá Phú","4","Tập 541, số 3, trang 146-151","https://drive.google.com/open?id=1ImGRtq1zYNeXuaTAayIPuhsV-0h_Xinw","","","","","","","",""
"30/06/2025 1:02:17","phtnga@ctump.edu.vn","Tạp chí Y học Việt Nam","ISSN: 1859-1868","1 điểm","14/05/2025","ĐẶC ĐIỂM HÌNH THÁI, CHIỀU DÀI CỔ TỬ CUNG VÀ MỘT SỐ YẾU TỐ LIÊN QUAN TẠI BỆNH VIỆN PHỤ SẢN THÀNH PHỐ CẦN THƠ NĂM 2023 – 2024","Phạm Thị Cẩm Hồng, Hồ Thị Thu Hằng, Phan Hữu Thúy Nga, Võ Minh Nhân","Phạm Thị Cẩm Hồng","4","Tập 550, số 1, trang 348-353","https://drive.google.com/open?id=1Z76nzlKzrd9J-NMqgKxFM5OXf2Yg1iqi","","","","","","","",""
"30/06/2025 7:43:19","lhmy@ctump.edu.vn","Tạp Chí Y Dược Thái Bình","2815-5548","0.5 điểm","15/06/2025","TÌNH HÌNH TRẦM CẢM Ở SINH VIÊN TRƯỜNG ĐẠI HỌC Y DƯỢC CẦN THƠ","Dương Mỹ Linh, Bùi Quang Nghĩa, Dương Thị Khao Ry, Trần Trọng Nhân, Mai Thị Kim Quyên","Dương Mỹ Linh","5","Tập 17, số 03, trang 37-42","https://drive.google.com/open?id=11WQLb7zxr_6Vti1FilNTaR2xxgfiP51L","","","","","","","",""
"30/06/2025 7:46:09","lhmy@ctump.edu.vn","Tạp chí Y Dược Thái Bình","2815-5548","0.5 điểm","13/05/2025","KẾT CỤC THAI KỲ Ở THAI PHỤ CÓ BIỂU ĐỒ TIM THAI NHÓM II TRONG CHUYỂN DẠ TẠI BỆNH VIỆN PHỤ SẢN CẦN THƠ","Dương Mỹ Linh, Vũ Thị Hồng Nhung, Nguyễn Hữu Dự, Bùi Quang Nghĩa","Dương Mỹ Linh","4","Tập 17, số 03, trang 23-27","https://drive.google.com/open?id=1arolx7UpxD7YVnnkhoiMeBbchEuDE5O1","","","","","","","",""
"30/06/2025 7:52:23","lhmy@ctump.edu.vn","Tạp chí Y học Việt Nam","1859-1868","1 điểm","24/04/2025","GIÁ TRỊ THANG ĐIỂM PRISM IV TRONG TIÊN LƯỢNG TỬ VONG TRẺ EM NHẬP KHOA CẤP CỨU BỆNH VIỆN NHI ĐỒNG CẦN THƠ","Bùi Quang Nghĩa, Hồ Thanh Huy, Dương Mỹ Linh, Nguyễn Phước Sang, Trần Thị Huỳnh Như","Bùi Quang Nghĩa","5","Tập 550, số , trang 208-213","https://drive.google.com/open?id=1HhhT7IMjEbCQMwbOe-PuzfD05cJ2bzhF","","","","","","","",""
"30/06/2025 7:55:28","lhmy@ctump.edu.vn","Tạp chí Y học Việt Nam","1859-1868","1 điểm","24/04/2025","TÌNH HÌNH ỐI VỠ SỚM Ở THAI PHỤ NHẬP VIỆN SINH TẠI BỆNH VIỆN TRƯỜNG ĐẠI HỌC Y DƯỢC CẦN THƠ","Dương Mỹ Linh, Nguyễn Ái Vi, Bùi Quang Nghĩa, Dương Thị Khao Ry, Phan Thị Ánh Nguyệt","Dương Mỹ Linh","5","Tập 550, số 1, trang 290-294","https://drive.google.com/open?id=1PyjGQSQr9XfdTKOFyMzIdvAMJ_Wg7QCN","","","","","","","",""
"30/06/2025 7:58:22","lhmy@ctump.edu.vn","Tạp chí Y học Việt Nam","1859-1868","1 điểm","09/05/2025","Mối liên quan sinh hóa máu với mức độ nặng ở thai phụ tiền sản giật tại Bệnh viện Phụ Sản thành phố Cần Thơ","Dương Mỹ Linh, Ngụy Khiêm Thắng, Bùi Quang Nghĩa, Dương Thị Khao Ry","Dương Mỹ Linh","4","Tập 550, số 2, trang 116-120","https://drive.google.com/open?id=1xrkSj6S3ol7Aq37_TgrVVEgIIKx5vMTX","","","","","","","",""
"30/06/2025 8:01:27","lhmy@ctump.edu.vn","Tạp chí Y học Việt Nam","1859-1868","1 điểm","26/05/2025","Kết cục thai kỳ của thai phụ có u xơ cơ tử cung tại Bệnh viện Đa khoa Trung ương Cần Thơ","Dương Mỹ Linh, Trần Bảo Trân, Nguyễn Thị Mỹ Nương, Bùi Quang Nghĩa, Dương Thị Khao Ry, Phan Thị Kim Thi","Dương Mỹ Linh","6","Tập 551, số 1, trang 55-60","https://drive.google.com/open?id=11IGXsDYpQKlagnTRFIcik_PxNkgimVXF","","","","","","","",""
"30/06/2025 10:18:02","npsang@ctump.edu.vn","Tạp chí Y học Việt Nam","1859-1868","1 điểm","01/05/2025","Giá trị thang điểm PRISM IV trong tiên lượng tử vong trẻ em nhập khoa cấp cứu bệnh viện Nhi đồng CầnThơ","Bùi Quang Nghĩa, Hồ Thanh Huy, Dương Mỹ Linh, Nguyễn Phước Sang, Trần Thị Huỳnh Như","Bùi Quang Nghĩa","5","5","https://drive.google.com/open?id=1xMpGHP8KFL4y3N3l_895Ewvh6dekxFdE","","","","","","","",""
"30/06/2025 10:31:53","ntdkhanh@ctump.edu.vn","PROCEEDINGS THE INTERNATIONAL CONFERENCE ON SPORT SCIENCE 2025","ISBN: 978-0-646-70623-8","0.5 điểm","12/06/2025","Research on Measures to Improve Teaching Capacity for Students in Physical Education Faculty of Can Tho University","Nguyễn Văn Thái, Nguyễn Trần Đăng Khánh, Lê Bá Cường","Nguyễn Văn Thái, Nguyễn Trần Đăng Khánh, Lê Bá Cường","3","394-400","https://drive.google.com/open?id=1epYogCkrXeA6GOI07j0E8Nds7MIJkxn8","","","","","","","",""
"30/06/2025 10:35:04","ntdkhanh@ctump.edu.vn","PROCEEDINGS THE INTERNATIONAL CONFERENCE ON SPORT SCIENCE 2025","ISBN: 978-0-646-70623-8","0.5 điểm","12/06/2025","Criteria for Evaluating the Physical Education Program at Can Tho University of Medicine and Pharmacy","Truong Thi Tuyet Chau, Chau Vinh Huy, Nguyen Nhat Tuong","Truong Thi Tuyet Chau, Chau Vinh Huy, Nguyen Nhat Tuong","3","685-693","https://drive.google.com/open?id=1xr3C81YgoTrbrzLwS-_BVIN4JD7Akesy","","","","","","","",""
"30/06/2025 10:48:40","ntdkhanh@ctump.edu.vn","""KỶ YẾU HÔI THẢO KHOA HỌC CÔNG TÁC GIÁO DỤC THỂ CHẤT VÀ HOẠT ĐỘNG THỂ THAO TRƯỜNG HỌC TRONG XU THẾ HỘI NHẬP QUỐC TẾ TRƯỜNG ĐẠI HỌC TRÀ VINH""","ISBN 978-604-60-4085-9","0.5 điểm","19/05/2025","Nghiên cứu biện pháp nâng cao năng lực học môn cầu lông cho sinh viên ngành Giáo dục Thể chất Trường Đại học Cần Thơ","Nguyễn Trần Đăng Khánh, Lê Bá Cường, Nguyễn Văn Thái","Nguyễn Trần Đăng Khánh","3","72-80","https://drive.google.com/open?id=1efcrO_naWqmUhfE0vvvr5T02L54n1cB-","","","","","","","",""
"30/06/2025 20:55:08","dbloan@ctump.edu.vn","TẠP CHÍ Y HỌC VIỆT NAM","1859-1868","1 điểm","28/04/2025","Đặc điểm lâm sàng và một số yếu tố liên quan đến cơn nhược cơ ","Trương Dương Hưng, Lê Văn Minh, Phạm Văn Phương, Phạm Kiều Anh Thơ","Phạm Kiều Anh Thơ","4","Tập 549, số 2, 360-364","https://drive.google.com/open?id=1GsPTwk3Wt8Z_FjE2UjCyg5m5JNx_h_ol","","","","","","","",""
"30/06/2025 21:47:50","nhgiau@ctump.edu.vn","Tạp chí Y học Việt Nam","1859-1868","1 điểm","09/04/2025","TRỨNG CÁ MỨC ĐỘ NHẸ VÀ TRUNG BÌNH BẰNG KEM CHỨA HOẠT CHẤT TỪ RAU MƯƠNG TẠI CẦN THƠ NĂM 2023-2024","Nguyễn Văn Lâm, Nguyễn hữu giàu, Nguyễn Thị Thu Trâm, Nguyễn Thị bé hai, Trần Văn đệ","Nguyễn hữu giàu","7","Tập 548, số 1, trang 350 - 353","https://drive.google.com/open?id=14x1sN0KsceGmv6r9ory8OHF76snHpRbM","","","","","","","",""
"30/06/2025 21:59:45","nhgiau@ctump.edu.vn","Tạp chí y học việt nam","1859-1868","1 điểm","09/04/2025","ĐÁNH GIÁ KẾT QUẢ ĐIỀU TRỊ GÃY KÍN THÂN XƯƠNG CÁNH TAY BẰNG NẸP KHÓA","Nguyễn Thanh chơn, Nguyễn Văn Lâm,  hoàng minh tú, Nguyễn hữu giàu, Võ Thị hậu, ngô Trí Minh Phương","Nguyễn hữu giàu","6"," Tập 548, số 1, Trang 304-308","https://drive.google.com/open?id=1NPaecWrYGAU9pkwWq9n-ezpjZRbdjSP4","","","","","","","",""
"30/06/2025 22:14:52","tqpho@ctump.edu.vn","Tạp chí Y học Việt Nam","Tạp chí Y học Việt Nam","1 điểm","04/05/2025","NGHIÊN CỨU ĐẶC ĐIỂM LÂM SÀNG, CÁC YẾU TỐ NGUY CƠ VÀ KẾT QUẢ ĐIỀU TRỊ BẰNG TRUYỀN BISPHOSPHONATE Ở PHỤ NỮ TRÊN 50 TUỔI MẮC BỆNH LOÃNG XƯƠNG ","Trương Quang Phổ,  Trương Quang Thiên,Trương Thị Chiêu","Trương Quang Phổ ","3","Tập 549 trang 255-262","https://drive.google.com/open?id=1TQHXNXLBzjFKN3hrgiM_FFfxTFEzf9tM, https://drive.google.com/open?id=1cRNnCAkeFS93SkLPynhH3eG-H2H1YUBH","","","","","","","",""
"30/06/2025 23:49:46","ntphien@ctump.edu.vn","Tạp chí Nghiên cứu Y học","2354-080X","1 điểm","17/06/2025","THỰC TRẠNG VÀ CÁC YẾU TỐ LIÊN QUAN ĐẾN STRESS TRONG SINH VIÊN Y KHOA TẠI TRƯỜNG ĐẠI HỌC Y DƯỢC CẦN THƠ NĂM 2024","Nguyễn Văn Thống, Mai Sơn Dương, Lê Thị Gái, Nguyễn Thị Minh Ngọc, Trần Hoàng Phương, Nguyễn Thị Phương Hiền","Nguyễn Thị Phương Hiền","6","191, 06, 405-412","https://drive.google.com/open?id=1G5bzpsfzwqPIwJmGQI3cFgng0WOrui6l","","","","","","","",""
"01/07/2025 20:20:36","tthcua@ctump.edu.vn","Tạp chí Y học Việt Nam","1859-1868","1 điểm","01/05/2025","TÌNH HÌNH NHIỄM DEMODEX VÀ ĐẶC ĐIỂM LÂM SÀNG, MỘT SỐ YẾU TỐ LIÊN QUAN Ở BỆNH NHÂN MỤN TRỨNG CÁ NHIỄM DEMODEX TẠI CÁC TRƯỜNG TRUNG HỌC PHỔ THÔNG Ở THÀNH PHỐ BẾN TRE, TỈNH BẾN TRE","Hứa Kỳ Anh, Huỳnh Văn Tùng, Huỳnh Văn Bá, Trịnh Thị Hồng Của","Trịnh Thị Hồng Của","4","Tập 550, số 2, trang 275-279","https://drive.google.com/open?id=1HACjhsLXOPzSHPD8WjOSQnUXaE-4sNvF","","","","","","","",""
"01/07/2025 21:56:05","ntsi@ctump.edu.vn","Tạp chí Công thương","0866-7756","0.5 điểm","24/03/2025","Nghiên cứu cơ chế tương tác giữa mercaptopurine với hạt nano vàng sử dụng mô hình cluster","Dương Thị Huyền, Nguyễn Thanh Sĩ","Nguyễn Thanh Sĩ","2","Số 15, trang 251-257","https://drive.google.com/open?id=1UZuyfg6Pu_CHlC6EVXeBNsbVKxek8ybr","","","","","","","",""
"01/07/2025 23:04:27","ptathu@ctump.edu.vn","Tạp chí Y học  Việt Nam","1859-1868","1 điểm","01/07/2025","Nghiên cứu đặc điểm hình ảnh học cắt lớp vi tính thận bình thường ở người trưởng thành tại bệnh viện Đa Khoa Trung Ương Cần Thơ năm 2023-2025","Nguyễn Thị Ngọc Trâm, Bùi Quang Huy, Bùi Ngọc Thuấn, Nguyễn Thái Huy, Tô Anh Quân, Phạm Thị Anh Thư","Nguyễn Thị Ngọc Trâm","6","Tập 551, số 3, trang 44 - 49","https://drive.google.com/open?id=1vtTTLzjptg09Tl1xA9AhbdcO21-ZBO0e","","","","","","","",""
"02/07/2025 14:51:34","ddnhan@ctump.edu.vn","Tạp chí Y học Việt Nam","1859-1868","1 điểm","01/07/2025","NGHIÊN CỨU TÌNH HÌNH TĂNG NON-HDL-C VÀ MỐI LIÊN QUAN VỚI TỔN THƯƠNG HẸP MẠCH VÀNH Ở BỆNH NHÂN HỘI CHỨNG VÀNH CẤP CÓ ĐẶT STENT MẠCH VÀNH","Trần Thị Thanh Nga, Đoàn Văn Quyền, Đoàn Đức Nhân, Nguyễn Thành Dũng","Trần Thị Thanh Nga","4","Tập 551 Số 3","https://drive.google.com/open?id=17l0LNt5VQ5V2wISFeBhMzViIF8GG9E1A","","","","","","","",""
"05/08/2025 8:43:35","nvbo@ctump.edu.vn","Y học cộng đồng"," Vietnam Journal of Community Medicine","0.25 điểm","29/07/2025","ĐÁNH GIÁ CÁC NHÂN TỐ TÁC ĐỘNG ĐẾN SỰ GẮN KẾT VỚI CÔNG VIỆC   CỦA NHÂN VIÊN BÁN HÀNG TRONG LĨNH VỰC CHĂM SÓC SỨC KHỎE   TẠI THÀNH PHỐ CẦN THƠ NĂM 2024-2025 ","Nguyễn Phục Hưng, Võ Thị Mỹ Hương, Phạm Thành Suôl, Tăng Nghiệp Minh, Lê Thị Nhân Duyên, Trần Bá Kiên, Nguyễn Văn Bộ, Bùi Thị Ngọc Hân ","Nguyễn Phục Hưng","8","Tập 66, số 12, trang 287-293 ","https://drive.google.com/open?id=1_r6bl2HCDbFg1lXRjavywmhmdAkSY0na","","","","","","","",""
"06/08/2025 10:35:40","ntsi@ctump.edu.vn","Tạp chí Hóa học và ứng dụng","1859-4069","0.5 điểm","15/12/2025","A computational study on the antioxidant power of Caffeoyldopamine compounds","Nguyễn Thị Diễm Kiều, Nguyễn Thanh Sĩ, Phạm Vũ Nhật","Phạm Vũ Nhật","3","4(77)/12-2025","https://drive.google.com/open?id=1Pdcfk2Gzy7V8nWe7wCydHD-6QuXOlFbu","","","","","","","",""
"04/09/2025 11:16:13","bmngoai@ctump.edu.vn","Tạp chí Y học Việt Nam"," 1859-1868","1 điểm","08/02/2025","Đánh giá kết quả điều trị viêm ruột thừa cấp không biến chứng bằng kháng sinh so với phẫu thuật nội soi cắt ruột thừa","Mai Văn Đợi, Phạm Văn Năng","Phạm Văn Năng","2","Tập 549, số 1, trang 397-401","https://drive.google.com/open?id=1KhqOh59KA2C5fHzjpfY8VHqbA4lVGAkp","","","","","","","",""
"04/09/2025 11:20:32","bmngoai@ctump.edu.vn","Tạp chí Y học Việt Nam","1859-1868","1 điểm","26/02/2025","Đánh giá kết quả điều trị viêm ruột thừa cấp không biến chứng bằng kháng sinh","Mai Văn Đợi, Phạm Văn Năng","Phạm Văn Năng","2","Tập 547, số 3, trang 357-361","https://drive.google.com/open?id=1M6-jf913qj2Zahj0r-HfxAp-EQ-w6MKf","","","","","","","",""
"06/09/2025 21:19:36","khnhan@ctump.edu.vn","Tạp chí y học dự phòng","0868-2836","1 điểm","09/05/2025","Tỷ lệ thiếu sắt và một số yếu tố liên quan ở người bệnh suy tim mạn phân suất tống máu giảm tại bệnh viện đa khoa tỉnh Bình Thuận, năm 2024-2025","Nguyễn Dương Tùng, Nguyễn Thị Diễm, Kha Hữu Nhân","Nguyễn Dương Tùng","3","Tập 35, số 2, trang 48-55","https://drive.google.com/open?id=1MJ3FsklI9qq2v4T8XAZwTxfazCnhXCoi, https://drive.google.com/open?id=1krvgFvGCJr1OqzbNgRbje06IkfLtRGfW","","","","","","","",""
"08/09/2025 15:23:19","nptai@ctump.edu.vn","TẠP CHÍ NGHIÊN CỨU TRIẾT HỌC","ISSN: 2734-990X","1 điểm","26/08/2025","CƠ HỘI TỪ QUÁ TRÌNH HỘI NHẬP QUỐC TẾ, CHUYỂN ĐỔI SỐ   VÀ PHÁT TRIỂN KINH TẾ XANH ĐỐI VỚI THÀNH PHỐ CẦN THƠ","Nguyễn Phước Tài, Bùi Thị Thùy Mai","Nguyễn Phước Tài","2","TẠP CHÍ NGHIÊN CỨU TRIẾT HỌC SỐ 25 (8 - 2025), trang 47-51","https://drive.google.com/open?id=1BNDpG6nrow-at3nCPEtfow9DXh00bpEf","","","","","","","",""
"10/09/2025 10:20:13","davu@ctump.edu.vn","Tạp chí Y học Việt Nam","1859-1868","1 điểm","26/08/2025","KẾT QUẢ BƯỚC ĐẦU ĐIỀU TRỊ THOÁT VỊ THÀNH BỤNG BẰNG PHẪU THUẬT NỘI SOI ĐẶT MẢNH GHÉP NHÂN TẠO SAU CƠ HOÀN TOÀN NGOÀI PHÚC MẠC","Đoàn Anh Vũ, Nguyễn Văn Lâm, Phạm Văn Năng","Đoàn Anh Vũ","3","Tập 553, số 3, trang 16-20","https://drive.google.com/open?id=1cVE2D3C2MgrdsB684bpXu0ec3L6zRkOy","","","","","","","",""
"11/09/2025 11:00:53","tthcua@ctump.edu.vn","Tạp chí Y học Việt Nam","1859-1868","1 điểm","08/01/2025","TƯƠNG QUAN GIỮA TẢI LƯỢNG HCV-RNA VÀ NỒNG ĐỘ AST, ALT TRÊN BỆNH NHÂN NHIỄM VIRUS C TẠI BỆNH VIỆN ĐA KHOA HOÀNG TUẤN TỈNH SÓC TRĂNG","Dương Văn Tế, Trịnh Thị Hồng Của, Đào Thu Hồng, Nguyễn Văn Quang Khải","Trịnh Thị Hồng Của","4","Tập 553, số 1, trang 381-383","https://drive.google.com/open?id=1bTRXvizMKJ-T0g6Gj-sM-6eiAqwQlnfY","","","","","","","",""
"13/09/2025 21:33:26","nhtoan@ctump.edu.vn","Tạp chí Y học Việt Nam","1859-1868","1 điểm","12/08/2025","NGHIÊN CỨU TỶ LỆ VÀ MỘT SỐ YẾU TỐ LIÊN QUAN ĐẾN RỐI LOẠN NHỊP TIM Ở SINH VIÊN THAM GIA CÁC CÂU LẠC BỘ THỂ THAO TẠI TRƯỜNG ĐẠI HỌC Y DƯỢC CẦN THƠ","Trần Kim Sơn, Trương Thị Tuyết Châu, Nguyễn Lâm Minh Đăng, Ngô Hoàng Toàn, Nguyễn Trung Kiên","Nguyễn Trung Kiên","5","Tập 552 Số 3 (2025)","https://drive.google.com/open?id=1ZP3CLAH7uLFUKOhWsaUWBjqMfYN17UDq","","","","","","","",""
"13/09/2025 21:48:34","nhtoan@ctump.edu.vn","Tạp chí Y học Việt Nam","1859-1868","1 điểm","23/06/2025","ĐẶC ĐIỂM LÂM SÀNG, CẬN LÂM SÀNG VÀ TÌNH HÌNH TIỀN ĐÁI THÁO ĐƯỜNG Ở BỆNH NHÂN SUY TIM MẠN TẠI BỆNH VIỆN ĐA KHOA TRUNG ƯƠNG CẦN THƠ","Huỳnh Tấn Anh Khoa, Mai Long Thủy, Ong Văn Phát, Huỳnh Kim Phượng, Trần Kim Sơn","Mai Long Thủy","5","Tập 551 Số 1 (2025)","https://drive.google.com/open?id=1juddJOXSF9kXiXUyEYuvm_piXYXWC7fu","","","","","","","",""
"13/09/2025 21:51:06","nhtoan@ctump.edu.vn","Tạp chí Y học Việt Nam","1859-1868","1 điểm","25/06/2025","NGHIÊN CỨU SỰ THAY ĐỔI CHỈ SỐ CĂNG DỌC THẤT TRÁI BẰNG SIÊU ÂM ĐÁNH DẤU MÔ CƠ TIM Ở BỆNH NHÂN HỘI CHỨNG VÀNH MẠN CÓ CAN THIỆP MẠCH VÀNH QUA DA","Trần Văn Tiềm, Trần Kim Sơn, Nguyễn Thị Diễm, Bùi Thế Dũng","Bùi Thế Dũng","4","Tập 551 Số 2 (2025)","https://drive.google.com/open?id=1Ir8iifJaCdTo0DdH1ptUiPItQOy9-vl9","","","","","","","",""
"13/09/2025 21:57:14","nhtoan@ctump.edu.vn","Tạp chí Y học Việt Nam","1859-1868","1 điểm","01/07/2025","THỰC TRẠNG TUÂN THỦ ĐIỀU TRỊ VÀ NHU CẦU SỬ DỤNG CÔNG NGHỆ SỐ TRONG QUẢN LÝ ĐIỀU TRỊ TĂNG HUYẾT ÁP TẠI BỆNH VIỆN TRƯỜNG ĐẠI HỌC Y DƯỢC CẦN THƠ","Nguyễn Thiên Thạch, Võ Tấn Cường, Trần Kim Sơn","Trần Kim Sơn","3","Tập 551 Số 3 (2025)","https://drive.google.com/open?id=1R6MKNdrJxkunyJJfOJTmhTn-LR3LYQtw","","","","","","","",""
"13/09/2025 21:59:06","nhtoan@ctump.edu.vn","Tạp chí Y học Việt Nam","1859-1868","1 điểm","23/06/2025","ĐA HÌNH RS2383206 GEN CDKN2B-AS1 Ở BỆNH NHÂN HỘI CHỨNG VÀNH MẠN TẠI BỆNH VIỆN TRƯỜNG ĐẠI HỌC Y DƯỢC CẦN THƠ","Ngô Trần Phước Nguyên, Trần Viết An, Phạm Thị Ngọc Nga, Bùi Thế Dũng","Ngô Trần Phước Nguyên","4","Tập 551 Số 1 (2025)","https://drive.google.com/open?id=1eySTlc0EQKuWbaXVt61SdX05AHPbOYYD","","","","","","","",""
"13/09/2025 22:08:11","nhtoan@ctump.edu.vn","Tạp chí Y học Việt Nam","1859-1868","1 điểm","28/08/2025","LIÊN QUAN GIỮA ĐA HÌNH RS2383207 GEN CDKN2B – AS1 VÀ TỔN THƯƠNG ĐỘNG MẠCH VÀNH Ở BỆNH NHÂN HỘI CHỨNG ĐỘNG VÀNH MẠN TẠI BỆNH VIỆN TRƯỜNG ĐẠI HỌC Y DƯỢC CẦN THƠ NĂM 2023 – 2025","Nguyễn Thanh Tuấn, Trần Viết An, Phạm Thị Ngọc Nga","Nguyễn Thanh Tuấn","3","Tập 553 Số 1 (2025)","https://drive.google.com/open?id=1m2QJkWSPOcmiqnw5KvAMLcfXupk2guEi","","","","","","","",""
"13/09/2025 22:10:00","nhtoan@ctump.edu.vn","Tạp chí Y học Việt Nam","1859-1868","1 điểm","01/07/2025","GIÁ TRỊ APOB/APOA1 VÀ MỐI LIÊN QUAN VỚI TỔN THƯƠNG HẸP ĐỘNG MẠCH VÀNH Ở BỆNH NHÂN ĐAU THẮT NGỰC KHÔNG ỔN ĐỊNH","Lâm Hùng Hạnh, Trần Viết An","Trần Viết An","2","Tập 551 Số 3 (2025)","https://drive.google.com/open?id=15w1hcnC3pjWQ1Z4b5UsgI0bcy_VK6B9E","","","","","","","",""
"17/09/2025 15:55:39","tthcua@ctump.edu.vn","Tạp chí Y học Việt Nam","1859-1868","1 điểm","09/01/2025","ĐÁNH GIÁ KẾT QUẢ KIỂM SOÁT NỒNG ĐỘ ACID URIC MÁU TRÊN BỆNH NHÂN CÓ HỘI CHỨNG CHUYỂN HOÁ BẰNG FEBUXOSTAT","Nguyễn Văn Quang Khải, Trịnh Thị Hồng Của, Dương Văn Tế","Trịnh Thị Hồng Của","3","Tập 554, số 1, trang 124-127","https://drive.google.com/open?id=1Wbo4MLR9Y5wCmM4v89x_CVa5mjDIeYur","","","","","","","",""
"18/09/2025 8:38:53","davu@ctump.edu.vn","Vietnam Journal of Surgery and Endolaparosurgery","1859-4506","1 điểm","11/08/2025","Outcomes of the eTEP Approach for Incisional Ventral Hernia Repair: Initial Results from Can Tho General Hospital","La Văn Phú, Tống Hải Dương, Đoàn Anh Vũ","La Văn Phú","3","Tập 15, số 3, 66-71","https://drive.google.com/open?id=1Sj_sxpBmie4DFy3eT_9wz2Na5irZbAMk","","","","","","","",""
"19/09/2025 0:36:35","nphung@ctump.edu.vn","Tạp chí Y học cộng đồng","2354-0613","0.25 điểm","01/08/2025","ĐÁNH GIÁ CÁC NHÂN TỐ TÁC ĐỘNG ĐẾN SỰ GẮN KẾT VỚI CÔNG VIỆC CỦA NHÂN VIÊN BÁN HÀNG TRONG LĨNH VỰC CHĂM SÓC SỨC KHỎE TẠI THÀNH PHỐ CẦN THƠ NĂM 2024-2025","Nguyễn Phục Hưng, Võ Thị Mỹ Hương, Phạm Thành Suôl, Tăng Nghiệp Minh, Lê Thị Nhân Duyên, Trần Bá Kiên, Nguyễn Văn Bộ, Bùi Thị Ngọc Hân","Võ Thị Mỹ Hương","8","Tập 66, số ĐB 12, 287-293","https://drive.google.com/open?id=1-8oJbBUQghTawNT62kPZucUGPbg4PtV6","","","","","","","",""
"20/09/2025 10:14:37","nthieu@ctump.edu.vn","Tạp chí Y học Việt Nam","1859-1868","1 điểm","25/06/2025","KẾT QUẢ ĐIỀU TRỊ SỎI THẬN PHỨC TẠP BẰNG PHƯƠNG PHÁP TÁN SỎI QUA DA ĐƯỜNG HẦM NHỎ TẠI BỆNH VIỆN TRƯỜNG ĐẠI HỌC Y DƯỢC CẦN THƠ","Đỗ Công Đoàn , Trương Công Thành , Trần huỳnh Tuấn , Nguyễn Việt Phương, Lê Quang Trung , Nguyễn Đức Duy , Đặng Hoàng Minh , Nguyễn Trung Hiếu","Đỗ Công Đoàn","8","Tập 551, số 2, trang 15-20","https://drive.google.com/open?id=1ogj4lleHyhxP6NKeDADFWgl5pkdMpo9S","","","","","","","",""
"20/09/2025 16:09:31","nthphuc@ctump.edu.vn","TNU Journal of Science and Technology","1859-2171","1 điểm","28/03/2025","SO SÁNH ĐẶC ĐIỂM HÌNH THÁI VÀ GIẢI PHẪU CỦA MỘT SỐ LOÀI THỰC VẬT THUỘC CHI AN XOA - Helicteres Ở VÙNG BẢY NÚI - AN GIANG","Phan Thành Đạt, Kiều Thị Diễm Trang, Nguyễn Trọng Hiếu, Phùng Thị Hằng, Nguyễn Trọng Hồng Phúc","Phan Thành Đạt","5","230(09): 88 - 95","https://drive.google.com/open?id=1lyIXmu6krz7n-18QjjaZx6MPOAl6GFUw","","","","","","","",""
"21/09/2025 9:27:00","dhthanh@ctump.edu.vn"," Pham Ngoc Thach Medical and Pharmaceutical Journal.","2815-6366","0.25 điểm","20/07/2025","A Study on Blood Pressure Control and Associated  Factors Among Hypertensive Patients at Can Tho  City Cardiovascular Hospital, 2023-2024 ","Nguyen Hoang Tuan Hung, Duong Hoang Thanh, Le Thanh Nhan, Nguyen  Phuong Nam, Nguyen Thanh Quoc Dai, Tran Thanh Nghiem, Nguyen Nhat Hao","Nguyen Hoang Tuan Hung","","Tập 4, số 3, 75-81","https://drive.google.com/open?id=16vdkPxbzBjA9k8dbXIXaIYc_8TbOt1B4","","","","","","","",""
"21/09/2025 22:05:47","ntdiem@ctump.edu.vn","Tạp chí Y học Việt Nam","1859-1868","0.75 điểm","27/06/2025","KHẢO S\T TỶ LỆ, MỨC ĐỘ V[ MỘT SỐ YẾU TỐ LIÊN QUAN  ĐẾN HẠ NATRI M\U Ở BỆNH NH]N XƠ GAN  TẠI BỆNH VIỆN ĐA KHOA TỈNH BÌNH THUẬN ","Bùi văn NGọc, Kha Hữu NHân, Nguyễn Thị Diễm","Bùi Văn nGọc","3","tập 551, số 1, trang 285-289","https://drive.google.com/open?id=11-DOkIkb2xFSAm8PZGHF7i8zhD4JUZZa","","","","","","","",""
"21/09/2025 22:10:25","ntdiem@ctump.edu.vn","Tạp chí Y học Việt Nam","1859-1868","1 điểm","14/03/2025","NGHIÊN CỨU ĐẶC ĐIỂM LÂM SÀNG, CẬN LÂM SÀNG VÀ ĐA HÌNH RS3746444  CỦA GEN MICRORNA-499 Ở BỆNH NHÂN NHỒI MÁU CƠ TIM CẤP TẠI  BỆNH VIỆN  ĐA KHOA TRUNG ƯƠNG CẦN THƠ NĂM 2023-2024 ","Vỏ Thị Ngọc Ánh, Nguyễn Thị Diễm, Trương Tú Trạch","Vỏ thị ngọc Ánh","3","548, số 2, trang 197-201","https://drive.google.com/open?id=1lUfvidduS8kv8KUB-gIz8FBux0kAJSh6","","","","","","","",""
"21/09/2025 22:15:58","ntdiem@ctump.edu.vn","Tạp chí Y học Việt Nam","1859-1868","1 điểm","11/06/2025","NGHIÊN CỨU SỰ THAY ĐỔI CHỈ SỐ CĂNG DỌC THẤT TRÁI  BẰNG SIÊU ÂM ĐÁNH DẤU MÔ CƠ TIM Ở BỆNH NHÂN  HỘI CHỨNG VÀNH MẠN CÓ CAN THIỆP MẠCH VÀNH QUA DA ","Trần Văn Tiềm, Trần Kim Sơn, Nguyễn Thị Diễm, Bùi Thế Dũng","Bùi Thế Dũng","4","tập 551, số 2, trang 150-154","https://drive.google.com/open?id=1EoR5T4NXZQRHucXAYtmu6IhgDHJedU45","","","","","","","",""
"21/09/2025 22:20:57","ntdiem@ctump.edu.vn","Tạp chí Y học Việt Nam","1859-1868","1 điểm","30/06/2025","NGHIÊN CỨU MỐI LIÊN QUAN GIỮA TUỔI ĐỘNG MẠCH,  VẬN TỐC SÓNG MẠCH CẢNH - ĐÙI VÀ MỨC ĐỘ TỔN THƯƠNG  ĐỘNG MẠCH VÀNH Ở BỆNH NHÂN TĂNG HUYẾT ÁP NGUYÊN PHÁT  NGHI NGỜ BỆNH MẠCH VÀNH TẠI BỆNH VIỆN ĐA KHOA  TRUNG ƯƠNG CẦN THƠ NĂM 2024 - 2025 ","Nguyễn Minh Luân, Nguyễn Thị Diễm, Lê Tân Tố Anh","Nguyễn Minh Luân","3","tập 552, số 2, trang 366-369","https://drive.google.com/open?id=1dQaSqMe2c319uA395L8tsgZDtQqigLIe","","","","","","","",""
"21/09/2025 22:26:56","ntdiem@ctump.edu.vn","Y học dự phòng","0868 – 2836","1 điểm","09/05/2025"," TỶ LỆ THIẾU SẮT VÀ MỘT SỐ YẾU TỐ LIÊN QUAN Ở NGƯỜI BỆNH SUY  TIM MẠN PHÂN SUẤT TỐNG MÁU GIẢM TẠI BỆNH VIỆN ĐA KHOA TỈNH  BÌNH THUẬN, NĂM 2024 - 2025","Nguyễn Dương Tùng, Nguyễn Thị Diễm, Kha Hữu Nhân","Nguyễn Dương Tùng","3","tập 35, số 2, trang 48-55","https://drive.google.com/open?id=1mEBbfTwPNI8UrswlmVowc_gkvRVmtyo_","","","","","","","",""
"22/09/2025 14:46:10","ctump45@ctump.edu.vn","ISBN 978-604-84-8466-8","KỶ YẾU HỘI THẢO VAI TRÒ CỦA TRUYỀN THÔNG VÀ GIÁO DỤC TRONG KỶ NGUYÊN SỐ - NĂM 2025","0.75 điểm","30/06/2025","GIẢI PHÁP LIVESTREAM: ĐỔI MỚI TRUYỀN THÔNG TRONG GIÁO DỤC VÀ SỨC KHỎE CỘNG ĐỒNG","TRẦN THỊ BÍCH PHƯƠNG, ĐỖ THUỲ TRANG, PHAN THỊ VÂN","TRẦN THỊ BÍCH PHƯƠNG","3","143","https://drive.google.com/open?id=1zI6BjfDlj6CHDyyi7X73VEiB-LOHtg2F","","","","","","","",""
"22/09/2025 14:55:12","ptvan@ctump.edu.vn","KỶ YẾU HỘI THẢO VAI TRÒ CỦA TRUYỀN THÔNG VÀ GIÁO DỤC TRONG KỶ NGUYÊN SỐ - NĂM 2025","ISBN 978-604-84-8466-8","0.75 điểm","30/06/2025","GIẢI PHÁP LIVESTREAM: ĐỔI MỚI TRUYỀN THÔNG TRONG GIÁO DỤC VÀ SỨC KHỎE CỘNG ĐỒNG","Trần Thị Bích Phương, Đỗ Thuỳ Trang, Phan Thị Vân","Trần Thị Bích Phương","3","143 - 147","https://drive.google.com/open?id=1x2wK-4HG-WK3n69WUBVDOACNxOGGUfZt","","","","","","","",""
"22/09/2025 22:47:49","ptsuol@ctump.edu.vn","Tạp Tạp chí Y học Việt Nam có mã số ISSN: 1859-1868","Tạp Tạp chí Y học Việt Nam có mã số ISSN: 1859-186","1 điểm","28/05/2025"," KIẾN THỨC CỦA GI\M S\T VIÊN TRONG PH\T HIỆN SỚM BIẾN CỐ BẤT  LỢI V[ MỘT SỐ YẾU TỐ LIÊN QUAN TRÊN BỆNH NH]N ĐIỀU TRỊ LAO  PH\C ĐỒ NGẮN HẠN TẠI TỈNH VĨNH LONG NĂM 2024-2025","Nguyễn Kiến Quốc, Phạm Thành Suôl, Trần Thị Tuyết Phụng","Nguyễn Kiến Quốc","","TẬP 551 - THÁNG 6 - SỐ 1 - 2025, trang 385-389","https://drive.google.com/open?id=1bEe6RVwYMyfWumHArgAq3w3UadxAyFZg","","","","","","","",""
"23/09/2025 14:47:32","hmtu@ctump.edu.vn","Tạp chí Y học Việt Nam","1859-1868","1 điểm","27/06/2025","Đánh giá kết quả điều trị gãy kín thân hai xương cẳng tay bằng phẫu thuật kết hợp xương nẹp khóa","Võ Minh Luận, Nguyễn Việt Nam, Phan Văn Tuấn, Võ Văn Phúc Toàn, Trần Tuấn Kiệt, Võ Minh Hiển, Hoàng Minh Tú","Hoàng Minh Tú","7","Tập 552, Số 1 tháng 7, trang 50-54","https://drive.google.com/open?id=1ot9ciDMLTxiu9CxojecZYdIfUemLSp-o","Duyệt 27/6/2025. Đăng số 01 tháng 7 năm 2025","","","","","","",""
"23/09/2025 14:50:57","ntgha@ctump.edu.vn","Tạp chí Y học Việt Nam","1859-1868","1 điểm","15/04/2025","kết quả khảo sát đặc điểm hình ảnh siêu âm và các yếu tố liên quan của u vú trên phụ nữ đến siêu âm vú tại bệnh viện trường đại học y dược Cần Thơ năm 2024-2025","Nguyễn Thị Giao Hạ, Thạch Khôi Nguyên, Du Huỳnh Thế Vinh, Võ Lê Anh Thư, Phạm Như Trà My, Nguyễn Thị Ngọc Yến","Nguyễn Thị Giao Hạ","6","tập 551, số chuyên đề, trang 237-245","https://drive.google.com/open?id=1wMBmtuFh7DnGqciStZcm6mJaUDHM1m5L","","","","","","","",""
"23/09/2025 14:52:26","hmtu@ctump.edu.vn","Tạp chí Y học Việt Nam","1859-1868","1 điểm","22/07/2025","Đánh giá hiệu quả sử dụng vạt da cơ lưng rộng trong điều trị che phủ khuyết hổng phần mềm thành ngực tại Viện bỏng quốc gia Việt Nam","Nguyễn Trung Hiếu, Lê Năm, Phạm Trịnh Quốc Khanh, Huỳnh Minh Trí, Phạm Việt Mỹ, Hoàng Minh Tú","Hoàng Minh Tú","6","Tập 552, Số 3 tháng 7, Trang 212-217","https://drive.google.com/open?id=1kqxmvokOYBeMqzgnRRuqAKGXR-9l-ZDz","Duyệt 22/7/2025, Đăng số 03 tháng 7","","","","","","",""
"23/09/2025 14:54:33","ntgha@ctump.edu.vn","Tạp chí Y học Việt Nam","1859-1868","1 điểm","05/05/2025","mô tả đặc điểm hình ảnh học viêm ruột thừa cấp trên siêu âm tại bệnh viện trường đại học y dược Cần Thơ năm 2021-2022","Nguyễn Thị Giao Hạ, Nguyễn Kim Ngân, Phạm Nguyễn Như Phương, Nguyễn Thanh Tuấn, Nguyễn Nhân Thọ, Nguyễn Trọng Kha","Nguyễn Thị Giao Hạ","6","tập 551, số chuyên đề, trang 329-338","https://drive.google.com/open?id=1zUtoSxn_S_5WcsKCR73hCCkMi4blCDqZ","","","","","","","",""
"23/09/2025 14:57:43","hmtu@ctump.edu.vn","Tạp chí Y học Việt Nam","1859-1868","1 điểm","30/06/2025","Kích thước các động mạch cấp máu cơ răng trước ở người Việt Nam trưởng thành","Hoàng Minh Tú, Nguyễn Văn Lâm, Võ Huỳnh Trang, Nguyễn Thị Giao Hạ, Vũ Tấn Thọ, Trần Đức Hưởng, Đặng Văn Lành, Thạch Văn Dũng, Trần Hoàng Anh, Phạm Việt Mỹ","Phạm Việt Mỹ","10","Tpậ 552, Số 2 tháng 7, trang 291-295","https://drive.google.com/open?id=1ot1vADA1kcAVHakgxgNhIEeOyfKevZgV","Duyệt 30/6/2025, đăng số 2 tháng 7","","","","","","",""
"23/09/2025 14:57:51","ntgha@ctump.edu.vn","Tạp chí Y học Việt Nam","1859-1868","1 điểm","26/08/2025","ĐẶC ĐIỂM HÌNH ẢNH HỌC VÀ GIÁ TRỊ CỦA CHỤP CẮT LỚP  VI TÍNH NGỰC CÓ TIÊM THUỐC CẢN QUANG TRONG CHẨN ĐOÁN  KHỐI U PHỔI NGHI NGỜ ÁC TÍNH TẠI BỆNH VIỆN UNG BƯỚU  THÀNH PHỐ CẦN THƠ NĂM 2024-2025","Nguyễn Vĩnh Phong, Bùi Ngọc Thuấn, Nguyễn Thị Giao Hạ,   Võ Văn Kha, Huỳnh Thảo Luật, Phù Trí Nghĩa","Nguyễn Vĩnh Phong","6","tập 553, số 3, trang 43-47","https://drive.google.com/open?id=1rLSGZjaObekXG-Wh-PnO6M7KjYIU5b2z","","","","","","","",""
"23/09/2025 15:02:26","hmtu@ctump.edu.vn","Tạp chí Y học Việt Nam","1859-1868","1 điểm","27/06/2025","Đặc điểm lâm sàng, vi khuẩn học khuyết hổng phần mềm thành ngực tại Viện bỏng quốc gia Việt Nam","Nguyễn Trung Hiếu, Phạm Trịnh Quốc Khanh, Huỳnh Minh Trí, Bùi Xuân Dân, Hoàng Minh Tú","Hoàng Minh Tú","5","Tập 552, Số 01 tháng 7, trang 243-247","https://drive.google.com/open?id=15cTAaLUAhtXjRZoX_QNPUG9GRcPcqzep","Duyệt 27/6/2025, Đăng số 01 tháng 7","","","","","","",""
"23/09/2025 15:07:06","hmtu@ctump.edu.vn","Tạp chí Y học Việt Nam","1859-1868","1 điểm","25/06/2025","Nghiên cứu đặc điểm hình thái và kết quả phẫu thuật làm dài thân răng lâm sàng kết hợp tiêm botulinum toxin ở bệnh nhân điều trị cười hở nướu tại Bệnh viện Trường Đại học Y Dược Cần Thơ","Nguyễn Văn Lâm, Nguyễn Hữu Giàu, Hoàng Minh Tú, Trịnh Minh Trí, Huỳnh Trần Gia Hưng","Huỳnh Trần Gia Hưng","5","Tập 552, số 01 tháng 7, trang 342-347","https://drive.google.com/open?id=14IBMSi9RVbUd-mHLumWlY0AeXRl41OQ8","Duyệt 25/6/2025, Đăng Số1 tháng 7","","","","","","",""
"23/09/2025 15:17:29","hmtu@ctump.edu.vn","Tạp chí Y học Cộng đồng","2354-0613","0.5 điểm","11/07/2025","Đánh giá kỹ năng giao tiếp của nhân viên y tế tại Bệnh viện Đa khoa Hoàn Mỹ Đà Lạt","Trịnh Văn Vinh, Nguyễn Văn Lâm, Nguyễn Hữu Giàu, Hoàng Minh Tú, Phạm Nguyễn Hồng Nguyên, Võ Thị Hậu","Võ Thị Hậu","6","Tập 66, số 4, trang 235-240","https://drive.google.com/open?id=1vKpehGz9NzI3T5earA3pl8JuUoKxOVJ4","","","","","","","",""
"23/09/2025 15:25:02","hmtu@ctump.edu.vn","Tạp chí Y học Việt Nam","1859-1868","1 điểm","21/07/2025","Đặc điểm giải phẫu cơ răng trước ở người Việt Nam trưởng thành","Phạm Việt Mỹ, Nguyễn Văn Lâm, Võ Huỳnh Trang, Nguyễn Thị Giao Hạ, Vũ Tấn Thọ, Trần Đức Hưởng, Đặng Văn Lành, Thạch Văn Dũng, Trần Hoàng Anh, Hoàng Minh Tú","Hoàng Minh Tú","10","Tập 552, số 3 tháng 7, trang 316-320","https://drive.google.com/open?id=1MZ9rVuTmJVuX68zwesPRRdpWOsQYdS-e","Duyệt 21/7/2025, đăng số 3 tháng 7","","","","","","",""
"23/09/2025 16:21:09","nthung@ctump.edu.vn","Tạp chí GIÁO DỤC & XÃ HỘI","ISSN 1859-3917","0.5 điểm","01/08/2025","TỔNG QUAN LÝ THUYẾT VỀ LÝ TƯỞNG CÔNG DÂN TOÀN CẦU TRONG GIÁO DỤC QUỐC TẾ: NHỮNG HÀM Ý VẬN DỤNG CHO VIỆT NAM","NGUYỄN THỊ PHƯƠNG HỒNG, PHAN NGỌC TƯỜNG VY, LÊ CÔNG TUẤN, HUỲNH VĂN HIẾN, NGUYỄN THANH HÙNG","HUỲNH VĂN HIẾN","5","Số 173 (234)","https://drive.google.com/open?id=1JX-8NV6CfZVj-38CDFAT5gY3xEeYuL5-","","","","","","","",""
"23/09/2025 18:22:10","bmnoi@ctump.edu.vn","Tạp chí y học Việt Nam","1859-1868","1 điểm","18/06/2025","TÌNH HÌNH NHIỄM VÀ ĐỀ KHÁNG CARBAPENEM CỦA VI KHUẨN  ACINETOBACTER BAUMANNII PHÂN LẬP TỪ BỆNH NHÂN VIÊM PHỔI  BỆNH VIỆN TẠI BỆNH VIỆN ĐA KHOA THÀNH PHỐ CẦN THƠ ","Đỗ Thị Trúc Thanh,Cao Thị Mỹ Thuý, Võ Phạm Minh Thư","Đỗ Thị Trúc Thanh","3","Tập 551, số 3, trang 93-96","https://drive.google.com/open?id=1P3FREx-aJArrl7VJSu5TAAlZ3GUkS4gP","","","","","","","",""
"23/09/2025 18:58:50","nhha82@ctump.edu.vn","Tạp chí Y học Việt Nam","1859-1868","1 điểm","21/04/2025","NGHIÊN CỨU NỒNG ĐỘ NGAL HUYẾT THANH VÀ MỘT SỐ YẾU TỐ LIÊN QUAN Ở BỆNH NHÂN ĐỢT CẤP SUY TIM MẠN CÓ PHÂN SUẤT TỐNG MÁU GIẢM","Nguyễn Thị Phương Quyên, Nguyễn Hồng Hà,Trần Hòa,  Phan Văn Phen, Mai Long Thủy","Trần Hòa","5","Tập 549 Số 1 (2025) ","https://drive.google.com/open?id=1jWUe41E8XQTOhgIfXFZqBfOK0H1OMBA3","","","","","","","",""
"23/09/2025 19:00:32","nhha82@ctump.edu.vn","Tạp chí Nghiên cứu Y học","2354-080X","1 điểm","16/06/2025","Giá trị của ngal, NT-proBNP trong dự báo biến cố tim mạch ở bệnh nhân đợt cấp suy tim mạn có phân suất tống máu giảm","Nguyễn Thị Phương Quyên, Nguyễn Hồng Hà, Phan Văn Phen, Mai Long Thủy, Trần Hoà","Trần Hòa","5"," Tập 191 Số 6 (2025) ","https://drive.google.com/open?id=1yLJ-u3Csczw5cKLkSDzGE8Nd1U21MHOR","","","","","","","",""
"23/09/2025 23:54:15","pvmy@ctump.edu.vn","Tạp chí y học Việt Nam","Tạp chí Y học Việt Nam có mã số ISSN: 1859-1868","1 điểm","30/06/2025","kích thước các đồng mạch cấp máu cơ răng trước ở người Việt Nam trưởng thành","Hoàng Minh Tú1, Nguyễn Văn Lâm1, Võ Huỳnh Trang, Nguyễn Thị Giao Hạ1, Vũ Tấn Thọ1, Trần Đức Hưởng1 , Đặng Văn Lành1, Thạch Văn Dũng1, Trần Hoàng Anh2, Phạm Việt Mỹ1","Phạm Việt Mỹ","10","Tập 552, số 2, trang 291-295","https://drive.google.com/open?id=1_UnYFdnOlQKcDc-RUGc1bSi6IlrU41Oa","","","","","","","",""
"23/09/2025 23:53:11","pvmy@ctump.edu.vn","Tạp chí Y học Việt Nam ","Tạp chí Y học Việt Nam có mã số ISSN: 1859-1868","1 điểm","21/07/2025","Đặc điểm giải phẫu cơ răng trước ở người Việt Nam trưởng thành","Phạm Việt Mỹ1, Nguyễn Văn Lâm1, Võ Huỳnh Trang1 , Nguyễn Thị Giao Hạ1, Vũ Tấn Thọ1, Trần Đức Hưởng1 , Đặng Văn Lành1, Thạch Văn Dũng1, Trần Hoàng Anh2, Hoàng Minh Tú1","Hoàng Minh Tú","10","Tập 552, số 3, trang 316-320","https://drive.google.com/open?id=1RMb_AoR5Rl9hrtmt4C2tqChXhkWs0j2m","","","","","","","",""
"23/09/2025 23:44:15","pvmy@ctump.edu.vn","Tạp chí Y học Việt Nam","Tạp chí Y học Việt Nam có mã số : ISSN: 1859 - 1868","1 điểm","01/09/2025","phân tích hình dạng khuôn mặt của sinh viên Đại học Y Dược thành phố Hồ Chí Minh theo ảnh chuẩn hóa","Nguyễn Trường Kỳ, Phạm Việt Mỹ","Phạm Việt Mỹ","2","Tập 554, số 1, trang 121-124","https://drive.google.com/open?id=1WaUTXEg6-G95QajCwsf1xSttkhKk_FEZ","","","","","","","",""
"23/09/2025 23:54:48","pvmy@ctump.edu.vn","ạp chí Y học Việt Nam","Tạp chí Y học Việt Nam có mã số ISSN: 1859-1868","1 điểm","22/07/2025","\NH GI\ HIỆU QUẢ SỬ DỤNG VẠT DA CƠ LƯNG RỘNG TRONG ĐIỀU TRỊ CHE PHỦ KHUYẾT HỔNG PHẦN MỀM TH[NH NGỰC TẠI VIỆN BỎNG QUỐC GIA VIỆT NAM","Nguyễn Trung Hiếu1 , Lê Năm2, Phạm Trịnh Quốc Khanh3 , Huỳnh Minh Trí4 , Phạm Việt Mỹ3, Hoàng Minh Tú3","Hoàng Minh Tú","6","Tập 552, số 3, trang 212-217","https://drive.google.com/open?id=1ZB-cFGmDgKBRfBHC7aLgUbkPz4RiPo8B","","","","","","","",""
"24/09/2025 16:07:55","ltntrinh@ctump.edu.vn","Tạp chí Y học Việt Nam","ISSN: 1859-1868","1 điểm","18/07/2025","NGHIÊN CỨU TÌNH HÌNH VÀ MỘT SỐ YẾU TỐ LIÊN QUAN ĐẾN NGUY CƠ SUY DINH DƯỠNG THEO NRS-2002 Ở BỆNH NHÂN NỘI TRÚ TẠI BỆNH VIỆN TRƯỜNG ĐẠI HỌC Y DƯỢC CẦN THƠ","Phan Dương Phúc, Lê Thị Ngọc Trinh, Đỗ Thị Mỹ Hường, Võ Vĩnh Phúc, Trần Tú Nguyệt, Lưu Khánh Linh, Trương Thành Nam","Lưu Khánh Linh","7","Tập 552, số 1, trang 290-293","https://drive.google.com/open?id=1SdeZEkGCdFWKgdhowxqgIP555Kn4Hqp8","","","","","","","",""
"24/09/2025 18:18:41","mhntan@ctump.edu.vn","Tạp chí Y học Việt Nam","1859-1868","1 điểm","28/04/2025","KHẢO SÁT NỒNG ĐỘ IGF-1 HUYẾT TƯƠNG VÀ MỘT SỐ YẾU TỐ LIÊN QUAN Ở BỆNH NHÂN BỆNH THẬN MẠN GIAI ĐOẠN CUỐI ĐANG LỌC MÁU CHU KỲ","Trần Thái Thanh Tâm, Lê Thị Ánh Tuyết, Võ Thanh Hùng, Mai Huỳnh Ngọc Tân, Lê Văn Sang","Trần Thái Thanh Tâm","5","tập 594, số 2-2025","https://drive.google.com/open?id=1g7t2NVJ2vz8bcc_Du_4z1sEmBOl0Wu4V","","","","","","","",""
"24/09/2025 21:25:52","ntgha@ctump.edu.vn","Tạp chí Y học Việt Nam","1859-1868","1 điểm","26/03/2025","Nghiên cứu biến thể các động mạch thắt lưng trên người Việt Nam trưởng thành ","Trần Phương Nam, Võ Huỳnh Trang, Lê Quang Tuyền","Trần Phương Nam","3","tập 551, số chuyên đề, trang 88-95","https://drive.google.com/open?id=1w-rL4v25vpBMU9ZYVt9RcLekX92yQV4P","","","","","","","",""
"24/09/2025 22:56:42","dcmvtho@ctump.edu.vn","Tạp chí Y học TP.HCM","P-ISSN 1859-1779 ","1 điểm","07/05/2025","Xây dựng phương pháp UPLC-MS/MS để xác định dư lượng cyclophosphamid trong nước sông khu vực xung quanh bệnh viện","Huỳnh Phương Thảo, Nguyễn Thị Diễm Linh, Nguyễn Thanh Sil, Đỗ Châu Minh Vĩnh Thọ*","Đỗ Châu Minh Vĩnh Thọ","4","Tập 28 Số 5, trang 53-59","https://drive.google.com/open?id=1mzgFaXkjecMlTE9WMOQdm_TVbRnJ2k2c","","","","","","","",""
"25/09/2025 9:13:47","lklinh@ctump.edu.vn","Tạp chí Y học Việt Nam","1859-1868","1 điểm","18/07/2025","NGHIÊN CỨU TÌNH HÌNH VÀ MỘT SỐ YẾU TỐ LIÊN QUAN ĐẾN NGUY CƠ SUY DINH DƯỠNG THEO NRS-2002 Ở BỆNH NHÂN NỘI TRÚ TẠI BỆNH VIỆN TRƯỜNG ĐẠI HỌC Y DƯỢC CẦN THƠ","Phan Dương Phúc, Lê Thị Ngọc Trinh, Đỗ Thị Mỹ Hường, Võ Vĩnh Phúc, Trần Tú Nguyệt, Lưu Khánh Linh, Trương Thành Nam","Lưu Khánh Linh","7","Tập 552, số 1, trang 290-293","https://drive.google.com/open?id=198Ng1IA5-BPid7rx1u3p8v2hK_Ib2JLZ","","","","","","","",""
"25/09/2025 10:13:01","bmnoi@ctump.edu.vn","Tạp chí Y học Việt Nam","1859-1868","1 điểm","19/06/2025","GIÁ TRỊ APOB/APOA1 VÀ MỐI LIÊN QUAN VỚI TỔN THƯƠNG HẸP  ĐỘNG MẠCH VÀNH Ở BỆNH NHÂN ĐAU THẮT NGỰC KHÔNG ỔN ĐỊNH ","Lâm Hùng Hạnh,Trần Viết An","Trần Viết An","2","Tập 551, số 3, trang 141-145","https://drive.google.com/open?id=1cqjlTV3qsHc1o2rT7COTOmrCI-hx4ONc","","","","","","","",""
"25/09/2025 12:27:35","ntbhai@ctump.edu.vn","Tạp chí Y học Việt Nam","1859-1868","1 điểm","06/01/2025","Nghiên cứu tình hình và đặc điểm nhiễm trùng huyết do một số vi khuẩn Gram âm kháng carbapenem tại Bệnh viện Đa khoa Trung Ương Cần Thơ","San Sombo, Võ Minh Phương, Nguyễn Thị Hải Yến, Đỗ Kiên Cường, Trần Nguyễn Minh Khoa, Nguyễn Thành Dũng","San Sombo","6","Tập 551, số 3, trang 67-71","https://drive.google.com/open?id=10MdQJ8jTl0bsbEJ6PMUlcKfarLJch_FL","","","","","","","",""
"25/09/2025 12:39:23","ntbhai@ctump.edu.vn","Tạp chí Y học Việt Nam","ISSN: 1859-1868","1 điểm","05/12/2025","Nghiên cứu tình hình đề kháng kháng sinh carbapenem và sự đột biến gen KPC, OXA-48 ở chủng Klebsiella pneumoniae phân lập tại Bệnh viện Đa khoa Hoàn Mỹ Cửu Long năm 2024-2025","Lê Thanh Phong, Nguyễn Thị Hải Yến, Lê Minh Nhân, Nguyễn Thị Bé Hai, Bạch Thị Kiêu, Trần Hồng Phong, Trần Huỳnh Thọ, Lê Minh trí, Võ Thành Trí","Lê Thanh Phong","9","Tập 550, số 2, trang 376-380","https://drive.google.com/open?id=1JMlNMIpyB2MSm5pzpMKsq39EkJY17gVJ","","","","","","","",""
"25/09/2025 13:17:38","ntgha@ctump.edu.vn","Tạp chí Y học Việt Nam","1859-1868","1 điểm","19/09/2025","ĐẶC ĐIỂM NỘI SOI, CẮT LỚP VI TÍNH VÀ GIẢI PHẪU BỆNH CỦA U DƯỚI NIÊM MẠC THỰC QUẢN VÀ DẠ DÀY","La Vĩnh Phúc, Phạm Văn Lình, Võ Huỳnh Trang","Võ Huỳnh Trang","3","Tập 553, Số 3, trang 371-376","https://drive.google.com/open?id=1r1ZY4iDqbtJly4132uKJRyJSIqAJob4W","","","","","","","",""
"25/09/2025 13:22:16","ntgha@ctump.edu.vn","Tạp chí Y học lâm sàng Bệnh viện Trung Ương Huế","3030-4733","1 điểm","20/04/2025","ĐÁNH GIÁ HIỆU QUẢ VÀ AN TOÀN CỦA NẸP VÍT TỰ TIÊU TRONG ĐIỀU TRỊ GÃY XƯƠNG HÀM TRÊN LE FORT II TẠI BỆNH VIỆN TRUNG ƯƠNG HUẾ","Nguyễn Văn Khánh, Trương Nhựt Khuê, Võ Huỳnh Trang","Nguyễn Văn Khánh","3","tập 17, số 3, trang 92-102","https://drive.google.com/open?id=1ZWTp-L_eWmp_zOZoDvfDDh-nDDir1UM9","","","","","","","",""
"25/09/2025 13:24:53","ntgha@ctump.edu.vn","Tạp chí Y học Việt Nam","1859-1868","1 điểm","11/03/2025","TÌNH HÌNH VIÊM ÂM ĐẠO Ở PHỤ NỮ CHĂM 18 - 49 TUỔI TẠI HUYỆN AN PHÚ TỈNH AN GIANG NĂM 2024 – 2025","Nguyễn Thị Ngọc Diệp1, Trần Quang Hiền, Lâm Đức Tâm,Võ Huỳnh Trang","Võ Huỳnh Trang","4","tập 548, số 1, trang 375-379","https://drive.google.com/open?id=1PFMxBzwxVyLy27LgfWr0qRo7LwqwgFzg","","","","","","","",""
"25/09/2025 13:28:05","ntgha@ctump.edu.vn","Tạp chí Y học lâm sàng Bệnh viện Trung Ương Huế","3030-4733","1 điểm","17/04/2025","Nghiên cứu giải phẫu về mối quan hệ vị trí giữa các động mạch thắt lưng và các cấu trúc lân cận trên xác người trưởng thành Việt Nam","Trần Phương Nam, Võ Huỳnh Trang, Lê Quang Tuyền","Trần Phương Nam","3","tập 17, số 3, trang 70-77","https://drive.google.com/open?id=1xqlClMsro_DgSKsmMTDGlEXxd-zRe443","","","","","","","",""
"25/09/2025 14:18:26","lmnhan@ctump.edu.vn","Tạp chí Y học Việt Nam","1859-1868","1 điểm","24/06/2025","ĐA HÌNH rs37972 TRÊN GEN GLCCI1 Ở BỆNH NHÂN NHI HEN PHẾ QUẢN TẠI BỆNH VIỆN NHI ĐỒNG CẦN THƠ","Đỗ Hoàng Long, Nguyễn Minh Đạt, Phạm Thị Ngọc Nga, Lê Minh Nhân","Đỗ Hoàng Long","4","Tập 550, số 1, trang 388-392","https://drive.google.com/open?id=19sfi5dEbMSHPhG70DuU1TfJM43h_1Dux","","","","","","","",""
"25/09/2025 14:23:55","lmnhan@ctump.edu.vn","Tạp chí Y học Việt Nam","1859-1868","1 điểm","23/05/2025","NGHIÊN CỨU TÌNH HÌNH ĐỀ KHÁNG KHÁNG SINH CARBAPENEM VÀ SỰ ĐỘT BIẾN GEN KPC, OXA-48 Ở CHỦNG KLEBSIELLA PNEUMONIAE PHÂN LẬP TẠI BỆNH VIỆN ĐA KHOA HOÀN MỸ CỬU LONG NĂM 2024-2025","Lê Thanh Phong, Nguyễn Thị Hải Yến, Lê Minh Nhân, Nguyễn Thị Bé Hai, Bạch Thị Kiên, Trần Hồng Phong, Trần Huỳnh Thọ, Lê Minh Trí, Võ Thành Trí","Lê Thanh Phong","9","Tập 550, số 2, trang 376-380","https://drive.google.com/open?id=1iC8RXj5urqThdM2w2-dCfWheUJc3nRKV","","","","","","","",""
"25/09/2025 14:29:04","lmnhan@ctump.edu.vn","Tạp chí Y học Việt Nam","1859-1868","1 điểm","12/08/2025","PHÁT HIỆN TÁC NHÂN VI SINH BẰNG MULTIPLEX REAL-TIME PCR Ở BỆNH NHÂN VIÊM PHỔI CỘNG ĐỒNG NẶNG TẠI BỆNH VIỆN ĐA KHOA TRUNG ƯƠNG CẦN THƠ","Phan Hồng Thảo Vy, Đỗ Hoàng Long, Lê Minh Nhân","Đỗ Hoàng Long","3","Tập 552, số 3, trang 294-298","https://drive.google.com/open?id=1axHncIRBzZboE0HMMCycUa6BLhWzWKiX","","","","","","","",""
"26/09/2025 1:20:31","nptai@ctump.edu.vn","Tạp chí nghiên cứu Triết học","2734-990X","1 điểm","01/09/2025","CƠ HỘI TỪ QUÁ TRÌNH HỘI NHẬP QUỐC TẾ, CHUYỂN ĐỔI SỐ   VÀ PHÁT TRIỂN KINH TẾ XANH ĐỐI VỚI THÀNH PHỐ CẦN THƠ ","Nguyễn Phước Tài, Bùi Thị Thùy Mai","Nguyễn Phước Tài",""," SỐ 25 (8 - 2025)","https://drive.google.com/open?id=1qhblhvzYZ0WliIU6Bqv7_Yv_sNPA3tas, https://drive.google.com/open?id=16GOzOyZUuxX2b0Ne7XHXe9Ra3Cn0q3ra","","","","","","","",""
"26/09/2025 11:35:44","dtngan@ctump.edu.vn","Tạp chí giáo dục và xã hội"," 1859-391","0.5 điểm","05/09/2025","CÁC YẾU TỐ ẢNH HƯỞNG ĐẾN VIỆC TỰ HỌC VỚI CHATGPT: NGHIÊN CỨU TẠI TRƯỜNG ĐẠI HỌC Y DƯỢC CẦN THƠ","Nguyễn Ngọc Chi Lan, Nguyễn Thị Hoàng Ngọc, Nguyễn Thị Như Huỳnh, Trương Nguyễn Hằng Ni, Huỳnh Bích Trâm, Trần Thị Mỹ Dung","Nguyễn Thị Hoàng Ngọc","6","Tháng 9/2025 (kì 1), trang 170-176","https://drive.google.com/open?id=1B3tD_gJwJEzcgHEN_cKApGMwB68zx3ai","Nguyễn Ngọc Chi Lan (00204)","","","","","","",""
"26/09/2025 11:15:25","dtngan@ctump.edu.vn","Tạp chí Y học Việt Nam","1859-1868","1 điểm","19/09/2025","Đánh giá hiệu quả điều trị đau thần kinh toạ  bằng điện châm và bài thuốc độc hoạt tang ký sinh  trong điều trị kết hợp với dưỡng sinh","Nguyễn Đình Tú,  Bạch Chơn Thiện,  Vũ Hà My,  Lê Minh Hoàng,  Lâm Quang Vinh","Lâm Quang Vinh","5"," Tập 553 Số 3, trang 349-353","https://drive.google.com/open?id=11Pmby362y6eeubvOQ6ShiEyOeJGxnEdU","Lê Minh Hoàng (00409),  Lâm Quang Vinh (00681)","","","","","","",""
"26/09/2025 11:18:44","dtngan@ctump.edu.vn","Tạp chí Y học Việt Nam","1859-1868","1 điểm","19/09/2025","Nghiên cứu kết quả hồi phục và một số yếu tố  liên quan đến điều trị liệt dây thần kinh VII ngoại  biên tại một số cơ sở y tế Thành phố Huế","Nguyễn Đình Tú,  Nguyễn Thị Thuỳ,  Vũ Hà My,  Lê Minh Hoàng,  Lâm Quang Vinh","Nguyễn Đình Tú","5","TẬP 553 -THÁNG 8 -SỐ 3, TRANG 353-357","https://drive.google.com/open?id=1EWYREufR3pOjQNTEZaSFy9FXPh3MMyms","Lê Minh Hoàng (00490),  Lâm Quang Vinh (00681)","","","","","","",""
"26/09/2025 11:21:18","dtngan@ctump.edu.vn","Tạp chí Y học Việt Nam","1859-1868","1 điểm","19/09/2025","ĐÁNH GIÁ HIỆU QUẢ LÂM SÀNG CỦA PHÁC ĐỒ ĐÔNG DƯỢC, ĐIỆN CHÂM, TẬP VẬN ĐỘNG TRÊN NGƯỜI BỆNH SAU ĐỘT QUỴ DO NHỒI MÁU NÃO TẠI BỆNH VIỆN ĐA KHOA TỈNH ĐỒNG THÁP NĂM 2024-2025","Lê Minh Hoàng, Huỳnh Thanh Vũ, Đặng Tiến Đăng Khoa, Hoàng Phi Phụng, Nguyễn Vy Thư, Nguyễn Minh Thiện, Huỳnh Anh Kiệt","Huỳnh Anh Kiệt","7","Tập 553 Số 3 (2025), trang 276-280","https://drive.google.com/open?id=16vVT5gEMVB0pv4vCrPUUrVspiuadZuGj","Lê Minh Hoàng (00490), Đặng Tiến Đăng Khoa (00841)","","","","","","",""
"26/09/2025 11:24:31","dtngan@ctump.edu.vn","Tạp chí Y học cộng đồng","2354-6013","0.75 điểm","07/09/2025","ỨNG DỤNG KỸ THUẬT CHU VI CHÂM TRONG ĐIỀU TRỊ NHƯỢC CƠ THỂ MẮT: BÁO CÁO CA LÂM SÀNG","Nguyễn Tường Huy, Nguyễn Ngọc Chi Lan","Nguyễn Ngọc Chi Lan","2","Tập 66 Số CĐ14-Viện sức khoẻ cộng đồng, trang 344-350","https://drive.google.com/open?id=1TrfgQVlhjwcskcHF0MGjjq14qK9driwS","Nguyễn Ngọc Chi Lan (00204)","","","","","","",""
"26/09/2025 11:34:49","dtngan@ctump.edu.vn","Tạp chí giáo dục và xã hội","1859 - 3917","0.5 điểm","05/09/2025","Nhận thức và thái độ sử dụng ChatGPT của sinh viên y học cổ truyền trong bối cảnh đào tạo y khoa số ","Nguyễn Ngọc Chi Lan , Lê Minh Thy, Phạm Trần Minh Thúy, Trần Phạm Gia Huy, Trần Tú Quyên, Lê Nguyễn Minh Ngọc, Nguyễn Thị Anh Thư","Nguyễn Thị Anh Thư","7","Tháng 9/ 2025 (kỳ 1), 170-176","https://drive.google.com/open?id=10K-73Hcwlfohf7TSz93nXg3FZl4MiFmD","Nguyễn Ngọc Chi Lan (00204), Nguyễn Thị Anh Thư (00834)","","","","","","",""
"26/09/2025 11:39:48","dtngan@ctump.edu.vn","Tạp chí Giáo Dục","2354-0753","1 điểm","05/09/2025","MỨC ĐỘ SẴN SÀNG DẠY HỌC TRỰC TUYẾN CỦA GIẢNG VIÊN: NGHIÊN CỨU TẠI TRƯỜNG ĐẠI HỌC CẦN THƠ","Nguyễn Ngọc Chi Lan, Lữ Quốc Vinh","Nguyễn Ngọc Chi Lan","2","(2025), 25(17), 53-58","https://drive.google.com/open?id=1ELz1gNMEuU8T4YnVuYeDN-VLrNk-yUYn","Nguyễn Ngọc Chi Lan (00204)","","","","","","",""
"26/09/2025 11:43:58","dtngan@ctump.edu.vn","Tạp chí Nội tiết và Đái tháo đường","1859 – 4727","0.5 điểm","10/08/2025","HIỆU QUẢ HỖ TRỢ HẠ ĐƯỜNG HUYẾT VÀ TÍNH AN TOÀN CỦA BÀI THUỐC NGŨ VỊ TIÊU KHÁT KẾT HỢP VỚI METFORMIN TRÊN BỆNH NHÂN ĐÁI THÁO ĐƯỜNG TÍP 2","Lê Ngọc Diễm, Trần Thừa Nguyên, Cao Quốc Hoài,  Nguyễn Ngọc Chi Lan, Lê Minh Hoàng","Lê Minh Hoàng","5","Số 80 - Năm 2025, trang 77-83","https://drive.google.com/open?id=1-88SUXKXeBj_bh_4nyV4ZKBD4kL9ELX5","Lê Ngọc Diễm, Lê Minh Hoàng, Nguyễn Ngọc Chi Lan","","","","","","",""
"26/09/2025 11:45:56","dtngan@ctump.edu.vn","Tạp chí Khoa học giáo dục Việt Nam","2615-8957","1 điểm","20/09/2025","THỰC TRẠNG, RÀO CẢN VÀ GIẢI PHÁP THÚC ĐẨY HOẠT ĐỘNG NGHIÊN CỨU KHOA HỌC CỦA SINH VIÊN NGÀNH Y HỌC CỔ TRUYỀN, TRƯỜNG ĐẠI HỌC Y DƯỢC CẦN THƠ","Lê Minh Hoàng, Dương Tuyết Ngân","Dương Tuyết Ngân","2","Tập 21, Số 08 (2025), trang 86-93","https://drive.google.com/open?id=1nlAQUQCtuIN28GxeaUzLqoifPrKn1YnD","","","","","","","",""
"26/09/2025 13:56:24","taquan@ctump.edu.vn","TẠP CHÍ Y HỌC VIỆT NAM","1859-1868","1 điểm","01/07/2025","NGHIÊN CỨU ĐẶC ĐIỂM HÌNH ẢNH HỌC CẮT LỚP VI TÍNH THẬN BÌNH THƯỜNG Ở NGƯỜI TRƯỞNG THÀNH TẠI BỆNH VIỆN ĐA KHOA TRUNG ƯƠNG CẦN THƠ NĂM 2023-2025","Nguyễn Thị Ngọc Trâm, Huỳnh Quang Huy, Bùi Ngọc Thuấn, Nguyễn Thái Huy, Tô Anh Quân, Phạm Thị Anh Thư","Nguyễn Thị Ngọc Trâm","6","Tập 551, Số 3 (2025), trang 44-49","https://drive.google.com/open?id=10qgvU3VvMIm1bAb_6_JYj3hI1ZNqRxCK","","","","","","","",""
"26/09/2025 15:02:16","ntdkhanh@ctump.edu.vn","Tạp chí Y học Việt Nam","ISSN: 1859-1868","0.5 điểm","12/08/2025","NGHIÊN CỨU TỶ LỆ VÀ MỘT SỐ YẾU TỐ LIÊN QUAN ĐẾN RỐI LOẠN NHỊP TIM Ở SINH VIÊN THAM GIA CÁC CÂU LẠC BỘ THỂ THAO TẠI TRƯỜNG ĐẠI HỌC Y DƯỢC CẦN THƠ","""Trần Kim Sơn, Trương Thị Tuyết Châu, Nguyễn Lâm Minh Đăng, Ngô Hoàng Toàn, Nguyễn Trung Kiên""","Trương Thị Tuyết Châu","5","Tập 5, số 3, trang 221-224","https://drive.google.com/open?id=1O8J5wzxpIhdu3aJ0EWPiSWaa-VMOlkqH","Cán bộ tham gia Trương Thị Tuyết Châu","","","","","","",""
"26/09/2025 15:04:56","ntdkhanh@ctump.edu.vn","Tạp chí Y học Việt Nam","ISSN: 1859-1868","0.5 điểm","12/08/2025","""NGHIÊN CỨU TỶ LỆ VÀ MỘT SỐ YẾU TỐ LIÊN QUAN ĐẾN RỐI LOẠN NHỊP TIM Ở SINH VIÊN THAM GIA CÁC CÂU LẠC BỘ THỂ THAO TẠI TRƯỜNG ĐẠI HỌC Y DƯỢC CẦN THƠ""","Trần Kim Sơn, Trương Thị Tuyết Châu, Nguyễn Lâm Minh Đăng, Ngô Hoàng Toàn, Nguyễn Trung Kiên","Nguyễn Lâm Minh Đăng","5","TẬP 552,  số 3, trang 221-224","https://drive.google.com/open?id=1pylxN0mAS_RkGFQfnumAspDsjpMKM7CR","Cán bộ tham gia Nguyễn Lâm Minh Đăng","","","","","","",""
"26/09/2025 22:05:37","pvmy@ctump.edu.vn","Tạp chí Y học Việt Nam","Tạp chí Y học Việt Nam có mã số ISSN: 1859-1868","1 điểm","16/06/2025","nghiên cứu đặc điểm hình ảnh và giá trị của chụp cắt lớp vi tính đa dãy trong chẩn đoán vị trí lỗ thủng ở bệnh nhân thủng tạng rỗng tại thành phố Cần Thơ năm 2024 – 2025","Trần Kim Cúc, Phạm Thị Kim Mỹ, La Văn Phú, Huỳnh Minh Phú, Võ Huỳnh Như, Phạm Việt Mỹ, Nguyễn Hoàng Anh","Nguyễn Hoàng Anh","7","ập 551, số 3, trang 274-278","https://drive.google.com/open?id=1UFT0XCc1xD-IDIqEU1eX1KJ8IeoqWIu1","","","","","","","",""
"28/09/2025 21:11:56","vthau@ctump.edu.vn","Tạp chí y học cộng đồng","2354-0613","1 điểm","11/07/2025","Đánh giá kĩ năng giao tiếp của nhân viên y tế tại bệnh viện đa khoa hoàn mỹ Đà Lạt","Trịnh Văn Vinh, Nguyễn Văn Lâm, Nguyễn Hữu Giàu, Phạm Nguyễn Hồng Nguyên, Hoàng Minh Tú, Võ Thị Hậu","Võ Thị Hậu","6","Tập 66, số 4, 235-240","https://drive.google.com/open?id=1Bk88oDB2KHoBph3du9BCSXPcWTm6r2ak","","","","","","","",""
"28/09/2025 21:30:03","vpthinh@ctump.edu.vn","Tạp chí Y học Việt Nam","1859-1868","1 điểm","12/05/2025","NGHIÊN CỨU TÌNH HÌNH ĐỀ KH\NG KH\NG SINH CARBAPENEM VÀ SỰ ĐỘT BIẾN GEN KPC, OXA-48 Ở CHỦNG KLEBSIELLA PNEUMONIAE PHÂN LẬP TẠI BỆNH VIỆN ĐA KHOA HOÀN MỸ CỬU LONG NĂM 2024-2025","Lê Thanh Phong, Nguyễn Thị Hải Yến, Lê Minh Nhân, Nguyễn Thị Bé Hai, Bạch Thị Kiêu, Trần Hồng Phong, Trần Huỳnh Thọ, Lê Minh Trí, Võ Thành Trí","Lê Thanh Phong","9","Tập 550, số 2, trang 376-380","https://drive.google.com/open?id=1Aads41PjHg4JyL9zDBtOkC1KmKg2XGl7","","","","","","","",""
"28/09/2025 21:29:24","vpthinh@ctump.edu.vn","Tạp chí Y học Việt Nam","1859-1868","1 điểm","18/06/2025","NGHIÊN CỨU TÌNH HÌNH VÀ ĐẶC ĐIỂM NHIỄM TRÙNG HUYẾT DO MỘT SỐ VI KHUẨN GRAM ÂM KHÁNG CARBAPENEM TẠI BỆNH VIỆN ĐA KHOA TRUNG ƯƠNG CẦN THƠ","San Sombo, Võ Minh Phương, Nguyễn Thị Hải Yến, Đỗ Kiên Cường, Trần Nguyễn Minh Khoa, Nguyễn Thành Dũng","San Sombo","6","Tập 551, số 3, trang 67-71","https://drive.google.com/open?id=16hmhJSpV41zq-tjh5QTCKluLsdrwvvZO","","","","","","","",""
"28/09/2025 22:46:40","dtkry@ctump.edu.vn","Tạp chí Y học Việt Nam","1859-1868","1 điểm","01/06/2025","Kết cục thai kỳ của thai phụ có U xơ tử cung tại bệnh viện Đa khoa Trung Ương Cần Thơ","Dương Mỹ Linh, Trần Bảo Trân, Nguyễn Thị Mỹ Nương, Bùi Quang Nghĩa, Dương Thị Khao Ry, Phan Thị Kim Thi","Dương Mỹ Linh","6","Tập 551, số 1, trang 55-60","https://drive.google.com/open?id=14-fBMv0rH6CJ2VVjxqGZPtDmjm1KQzBY","","","","","","","",""
"28/09/2025 23:03:45","phtnga@ctump.edu.vn","Tạp chí Y học Việt Nam","ISSN: 1859-1868","1 điểm","24/06/2025","ĐẶC ĐIỂM HÌNH THÁI, CHIỀU DÀI CỔ TỬ CUNG VÀ MỘT SỐ YẾU TỐ LIÊN QUAN TẠI BỆNH VIỆN PHỤ SẢN THÀNH PHỐ CẦN THƠ NĂM 2023 – 2024","Phạm Thị Cẩm Hồng, Hồ Thị Thu Hằng, Phan Hữu Thúy Nga, Võ Minh Nhân","Phan Hữu Thúy Nga","4","Tập 550, số 1, trang 348-353","https://drive.google.com/open?id=12g7IiOgkrcKadwDhIHgfJ5FUgbbgFE0v","","","","","","","",""
"29/09/2025 0:29:45","pmquan@ctump.edu.vn","Tạp chí Nghiên cứu Y học","2354-080X","1 điểm","09/03/2025","Vai trò của D-Dimer trong mối liên quan đến sốc nhiễm khuẩn ở trẻ từ 2 tháng tuổi đến 15 tuổi mắc nhiễm khuẩn huyết tại Cần Thơ năm 2024-2025"," Trần Quang Khải, Nguyễn Đức Trí, Phạm Tưởng Thiên Ngân,  Đặng Lê Minh Ngọc, Trần Ngọc Diệu, Mai Mỹ Duyên và Phạm Minh Quân","Phạm Minh Quân","7","đang biên tập","https://drive.google.com/open?id=1VB5rHhX98FIkOmAc8XSJsBSm-u2ICskc","","","","","","","",""
"29/09/2025 8:22:54","dttvan@ctump.edu.vn","Tạp chí y học Việt Nam","1859 - 1868","1 điểm","24/11/2023","CÁC YẾU TỐ NGUY CƠ DẪN ĐẾN THẤT BẠI ĐIỀU TRỊ Ở BỆNH NHÂN VIÊM PHỔI BỆNH VIỆN DO TỤ CẦU KHÁNG METHICILLIN","Dương Thị Thanh Vân, Trương Quang Bình, Lê Thượng Vũ , Đặng Vũ Thông, Lâm Quốc Dũng, Trương Thiên Phú, Lê Phương Mai","Dương Thị Thanh Vân","7","Tập 532, số 1, 120-124","https://drive.google.com/open?id=191V_1YX7FTQhIJpyTOGbKgCbJ4AuKjZq","","","","","","","",""
"29/09/2025 14:41:33","nqvi@ctump.edu.vn","Tạp chí Y học Việt Nam","1859-1868","0.5 điểm","01/04/2025","NGHIÊN CỨU TÌNH HÌNH, MỘT SỐ YẾU TỐ LIÊN QUAN VÀ KẾT QUẢ  THAI KỲ Ở SẢN PHỤ NHIỄM LIÊN CẦU KHUẨN NHÓM B   TẠI BỆNH VIỆN NGUYỄN TRI PHƯƠNG NĂM 2024 – 2025 ","Huỳnh Vưu Khánh Linh, Ngũ Quốc Vĩ,  Dương Kim Ngân, Nguyễn Hữu Thời, Vũ Đức Định"," Huỳnh Vưu Khánh Linh ","5","Tập 549, số 1, trang 389-393","https://drive.google.com/open?id=1xtQG6hmFSa4O9ZQ5P7N_Qn4KeehLWrTD","","","","","","","",""
"29/09/2025 14:44:59","nqvi@ctump.edu.vn","Tạp chí Y học Việt Nam","ISSN: 1859-1868","1 điểm","01/07/2025","NGHIÊN CỨU TÌNH HÌNH, MỘT SỐ YẾU TỐ LIÊN QUAN VÀ KẾT QUẢ  THAI KỲ Ở SẢN PHỤ NHIỄM LIÊN CẦU KHUẨN NHÓM B   TẠI BỆNH VIỆN NGUYỄN TRI PHƯƠNG NĂM 2024 – 2025","Nguyễn Thị Thủy, Ngũ Quốc Vĩ","Ngũ Quốc Vĩ","2","Tập 552, số 1, trang 364-369","https://drive.google.com/open?id=1TdyGTi2GvMZkoylYg-QnDljl2GEYZr12","","","","","","","",""
"29/09/2025 15:34:38","ntngochan@ctump.edu.vn","Nghiên cứu Y học","2354-080X","1 điểm","24/12/2024","Đặc điểm hình thái tuyến giáp trên siêu âm ở phụ nữ sau mãn kinh","Nguyễn Thị Ngọc Hân, Nguyễn Thị Thanh Hương, Đặng Ngọc Vũ Phan, Vũ Bích Nga","Nguyễn Thị Ngọc Hân","4","Tập 185, số 12, trang 280-287","https://drive.google.com/open?id=1tR3uvKNuBPhbFwK5cynNbduLzAQIdAfF","","","","","","","",""
"29/09/2025 16:10:40","ttnle@ctump.edu.vn","Tạp chí Y học Việt Nam","ISSN: 1859-1868","1 điểm","23/06/2025","KHẢO SÁT VI KHUẨN VÀ TÌNH HÌNH ĐỀ KHÁNG KHÁNG SINH Ở BỆNH NHÂN VIÊM PHỔI DO THỞ MÁY ĐANG ĐIỀU TRỊ TẠI KHOA GÂY MÊ HỒI SỨC VÀ HỒI SỨC TÍCH CỰC BỆNH VIỆN ĐA KHOA TRUNG ƯƠNG CẦN THƠ","Hoàng Minh Tú1, Huỳnh Thị Thùy Dương1, Trần Thị Như Lê1, Huỳnh Anh Đức1, Trần Hoàng Nhân1, Hồ Thị Yến My1, Lê Khánh Vy1, Nguyễn Ngọc Hiền2, Liêu Trường Khánh","Hoàng Minh Tú","","Tập 551, số 1","https://drive.google.com/open?id=1IYfehxlG2uA1VnjV8jFsWDLHPNO0zNyZ","","","","","","","",""
"29/09/2025 16:53:19","nvthong@ctump.edu.vn","Tạp chí Y học Việt Nam","ISSN: 1859-1868","1 điểm","25/06/2025","NGHIÊN CỨU TÌNH HÌNH, MỘT SỐ YẾU TỐ LIÊN QUAN TRẦM CẢM SAU NHỒI MÁU NÃO TẠI BỆNH VIỆN ĐA KHOA TRUNG ƯƠNG CẦN THƠ","Vũ Duy Hoà1, Nguyễn Văn Khoe1, Nguyễn Văn Thống2","Vũ Duy Hoà1","3","1, 202-206","https://drive.google.com/open?id=1NfiaZof6psDAmVdvM-4VkGTkc_fCpl8S","","","","","","","",""
"29/09/2025 19:23:15","btpuyen@ctump.edu.vn","Tạp chí Y học Việt Nam","1859-1868","1 điểm","01/06/2025","NGHIÊN CỨU TÌNH HÌNH VÀ ĐẶC ĐIỂM NHIỄM TRÙNG HUYẾT DO MỘT SỐ VI KHUẨN GRAM ÂM KHÁNG CARBAPENEM TẠI BỆNH VIỆN ĐA KHOA TRUNG ƯƠNG CẦN THƠ","San Sombo , Võ Minh Phương, Nguyễn Thị Hải Yến , Đỗ Kiên Cường , Trần Nguyễn Minh Khoa , Nguyễn Thành Dũng","San Sombo","6","Tập 551, số 3, trang 67-71","https://drive.google.com/open?id=1azaDct4x_DZAE4_DAyNgSmwbDtdiqejC","","","","","","","",""
"29/09/2025 19:29:57","btpuyen@ctump.edu.vn","Tạp chí Y học Việt Nam","1859-1868","1 điểm","01/05/2025","NGHIÊN CỨU TÌNH HÌNH ĐỀ KHÁNG KHÁNG SINH CARBAPENEM VÀ SỰ  ĐỘT BIẾN GEN KPC, OXA-48 Ở CHỦNG KLEBSIELLA PNEUMONIAE PHÂN  LẬP TẠI BỆNH VIỆN ĐA KHOA HOÀN MỸ CỬU LONG NĂM 2024-2025","Lê Thanh Phong , Nguyễn Thị Hải Yến , Lê Minh Nhân1 , Nguyễn Thị Bé Hai , Bạch Thị Kiêu , Trần Hồng Phong , Trần Huỳnh Thọ , Lê Minh Trí , Võ Thành Trí","Lê Thanh Phong","9","Tập 550, số 2, trang 376-380","https://drive.google.com/open?id=1q6WmtZnMZokyinVCGiCQSmCw6cCIUAOW","","","","","","","",""
"29/09/2025 19:36:06","bmmophoi@ctump.edu.vn","Tạp chí Y học dự phòng Việt Nam","0868-2836","1 điểm","25/09/2025","Tỷ lệ, nguy cơ té ngã ở người cao tuổi và một số yếu tố liên quan tại huyện Phong Điền, thành phố Cần Thơ, 2023-2024","Nguyễn Lê Ngọc Giàu, Nguyễn Văn Đối, Lê Minh Hữu","Nguyễn Văn Đối","3","Tập 35,  số 6PB","https://drive.google.com/open?id=1VmoW-TrwkGDQhSSSVWXGFEcVfYXhAybQ","","","","","","","",""
"29/09/2025 20:08:39","lpthien@ctump.edu.vn","Tạp chí Y học Việt Nam","1859-1868","1 điểm","18/07/2025","GIÁ TRỊ CỦA THANG ĐIỂM ABC-SCORE TRONG TIÊN LƯỢNG BỆNH NHÂN XƠ GAN CÓ XUẤT HUYẾT TIÊU HÓA DO VỠ GIÃN TĨNH MẠCH THỰC QUẢN","Nguyễn Thanh Liêm, Phan Thị Kim Tuyến, Võ Anh Hổ, Lâm Phước Thiện","Nguyễn Thanh Liêm","4","Tập 552, số 1, trang 264-268","https://drive.google.com/open?id=1JQ6nDWKnQZLY3_KIRFhR9DYe3Tej0iFb","","","","","","","",""
"29/09/2025 20:13:04","ttnle@ctump.edu.vn","tạp chí y học VN","ISSN: 1859-1868","1 điểm","16/04/2026","NGHIÊN CỨU TÌNH HÌNH VÀ ĐẶC ĐIỂM NHIỄM TRÙNG HUYẾT  DO MỘT SỐ VI KHUẨN GRAM ÂM KHÁNG CARBAPENEM  TẠI BỆNH VIỆN ĐA KHOA TRUNG ƯƠNG CẦN THƠ ","San Sombo1, Võ Minh Phương1, Nguyễn Thị Hải Yến1,  Đỗ Kiên Cường1, Trần Nguyễn Minh Khoa1, Nguyễn Thành Dũng1","San Sombo","6","TẬP 551 - THÁNG 6 - SỐ 3 - 2025 ","https://drive.google.com/open?id=1li2oAt1OGGRI5IAHJLQu32KPhFIb4NaF","","","","","","","",""
"29/09/2025 20:16:26","ttnle@ctump.edu.vn","tạp chí y học VN","ISSN: 1859-1868","1 điểm","06/03/2026","nghiên cứu tình hình đề kháng kháng sinh carbapenem và sự đột biến gen KPC,  OXA-48 ở chủng Klebsiella pneumoniae phân lập tại Bệnh viện Đa khoa Hoàn Mỹ Cửu  Long năm 2024-2025 ","Lê Thanh Phong, Nguyễn Thị Hải Yến, Lê Minh Nhân,  Nguyễn Thị Bé Hai, Bạch Thị Kiêu, Trần Hồng Phong,  Trần Huỳnh Thọ, Lê Minh Trí, Võ Thành Trí ","Lê Thanh Phong","9","vietnam medical journal n  0  2 - MAY - 2025","https://drive.google.com/open?id=1eWRHbEH_4YvwolsilQG3C3cGs3UmhjQE","","","","","","","",""
"29/09/2025 20:49:26","btpuyen@ctump.edu.vn","Tạp chí Y học Việt Nam","1859-1868","1 điểm","01/05/2025","ỨNG DỤNG KỸ THUẬT TẾ BÀO DÒNG CHẢY TRONG CHẨN ĐOÁN VÀ PHÂN LOẠI BỆNH BẠCH CẦU CẤP TẠI BỆNH VIỆN HUYẾT HỌC - TRUYỀN MÁU CẦN THƠ","Ngô Đình Khánh, Lê Thị Hoàng Mỹ , Nguyễn Anh Tử , Tạ Thành Lợi","Lê Thị Hoàng Mỹ","4","Tập 550, số 1, trang 381-384","https://drive.google.com/open?id=1YvMswB4rws05v6ccMhf0nr_tZ0nAOmnz","","","","","","","",""
"29/09/2025 21:06:24","btpuyen@ctump.edu.vn","Tạp chí Y học Việt Nam","1859-1868","1 điểm","01/06/2025","ĐÁNH GIÁ KẾT QUẢ ĐIỀU TRỊ BỆNH BẠCH CẦU MẠN DÒNG TUỶ BẰNG IMATINIB TẠI BỆNH VIỆN HUYẾT HỌC TRUYỀN MÁU CẦN THƠ","Quách Tú Thành, Lê Thị Hoàng Mỹ , Nguyễn Đức Toàn","Lê Thị Hoàng Mỹ","3","Tập 551, số 3, trang 17-20","https://drive.google.com/open?id=1Q6mlUw6qUGgLQkbecCGMiV_TOmiTpuaY","","","","","","","",""
"29/09/2025 22:38:53","dtngan@ctump.edu.vn","Tạp chí Y Dược học Quân sự","1859 - 0748","1 điểm","23/07/2025","NGHIÊN CỨU ĐỊNH LƯỢNG PHENOLIC TỔNG VÀ FLAVONOID TỔNG TỪ QUẢ VÀ VỎ THÂN CÂY MẮM LƯỠI ĐỒNG (AVICENNIA OFFICINALIS L.) THU HÁI TẠI CÀ MAU","Lê Huỳnh Đức, Nguyễn Thị Ngọc Vân, Dương Tuyết Ngân,  , Thang Thị Trúc Ly, Dương Cao Duy, Hoàng Minh Đăng, Lê Chí Linh","Dương Tuyết Ngân","7","50(7), 34-42.","https://drive.google.com/open?id=1AQ4VCucNVTJj9UIGdT9dtEmpNe8KCoJq","Nguyễn Thị Ngọc Vân, Dương Tuyết Ngân, Hoàng Minh Đăng","","","","","","",""
"29/09/2025 23:43:10","pvhung76@gmail.com","Tạp chí nghiên cứu Y học","2354-080X","Không biết","17/06/2025","Mối liên quan giữa nồng độ 25-hydroxyvitamin D huyết thanh và mức độ nặng của sốt xuất huyết Dengue ở trẻ em","Phan Việt Hưng, Nguyễn Thị Diệu Thuý, Nguyễn Minh Phương","Phan Việt Hưng","3","192 (07), trang 125-134","https://drive.google.com/open?id=1QZLsnWbdrLoK_6u-CrJj_uXCSzUpaHCy","","","","","","","",""
"30/09/2025 0:03:15","lpthien@ctump.edu.vn","Tạp chí Y học Việt Nam","1859-1868","1 điểm","01/07/2025","ĐẶC ĐIỂM LÂM SÀNG VÀ HÌNH ẢNH TỔN THƯƠNG QUA NỘI SOI Ở BỆNH NHÂN VIÊM LOÉT DẠ DÀY – TÁ TRÀNG CÓ HELICOBACTER PYLORI DƯƠNG TÍNH","Nguyễn Thị Phi Loan, Huỳnh Hiếu Tâm","Huỳnh Hiếu Tâm","2","Tập 551, số 3, trang 36-40","https://drive.google.com/open?id=1STivssvvI-F7vCKWP3EupRNZio8chUPI","","","","","","","",""
"30/09/2025 0:06:03","lpthien@ctump.edu.vn","Tạp chí Y học Việt Nam","1859-1868","1 điểm","01/07/2025","MỐI LIÊN QUAN GIỮA HÌNH ẢNH NỘI SOI DẢI TẦN HẸP THEO PHÂN LOẠI QUỐC TẾ (NICE) VÀ MÔ BỆNH HỌC CỦA POLYP ĐẠI TRỰC TRÀNG","Phạm Hữu Dũng, Bồ Kim Phương,  Huỳnh Hiếu Tâm","Phạm Hữu Dũng","3","Tập 551, số 3, trang 261-265","https://drive.google.com/open?id=1gsvhMHzfX7S1S1cdG_ZrKnGVsnzrVlx9","","","","","","","",""
"30/09/2025 8:21:03","tkdinh@ctump.edu.vn","Tạp chí Y học Việt Nam","ISSN:1859-1868","1 điểm","23/05/2025","Đặc điểm lâm sàng và cận lâm sàng bệnh nhân mất răng cối lớn thứ nhất hàm dưới có chỉ định phục hồi bằng phương pháp đặt implant dưới mào xương ","Lê Nguyên Lâm, Trần Quốc Ninh, Bùi Hoàng Minh Đức, Trương Anh Hào, Phạm Quốc Huy, Trầm Kim Định, Nguyễn Hoàng Giang, ","Trần Quốc Ninh","7","Tập 550, số 2, trang 385-389","https://drive.google.com/open?id=1LQ5Af4MAT_h7seko44kfkhuDm7JRRTZy","","","","","","","",""
"30/09/2025 21:54:41","nttlinh@ctump.edu.vn","Công Thương","p-0866-7756","0.75 điểm","30/08/2025","Phân tích các yếu tố ảnh hưởng đến động lực làm việc của viên chức, người lao động tại Trường Đại học Y Dược Cần Thơ","Phan Thị Luyện, Phan Thị Vân, Nguyễn Thị Thảo Linh, Hồ Thị Quý An, Phạm Bích Trâm","Phan Thị Luyện","5","Số 25, trang 249 - 257","https://drive.google.com/open?id=1j8xOuGEtYSAzlZqWOg0vgllHCdQDUkk2","","","","","","","",""
"30/09/2025 22:15:06","htqan@ctump.edu.vn","Tạp chí Công thương","ISSN: p-0866-7756 Số 25/2025","1 điểm","05/07/2025","Phân tích các yếu tố ảnh hưởng đến động lực làm việc của viên chức, người lao động Trường Đại học Y Dược Cần Thơ","Phan Thị Luyện, Phan Thị Vân, Nguyễn Thị Thảo Linh, Hồ Thị Quý An, Phạm Bích Trâm","Phan Thị Luyện","5","Tập 1, số 25, trang 249-256","https://drive.google.com/open?id=1_hl5toKWKEAlyONYayN6fB4GQ5F2MFBl","","","","","","","",""
"01/10/2025 9:29:23","nmlinh@ctump.edu.vn","Tạp chí nghiên cứu Y học","Tạp chí nghiên cứu y học, ISSN 2353-080X","1 điểm","30/09/2025","CÁC YẾU TỐ LIÊN QUAN ĐẾN CO GIẬT DO SỐT Ở TRẺ EM TẠI BỆNH VIỆN NHI ĐỒNG CẦN THƠ NĂM 2024-2025","Phạm Kiều Anh Thơ, Nguyễn Gia Lập, Kiều Cơ Vĩ, Huỳnh Đức Khang, Nguyễn Huỳnh Khánh Linh, Lưu Chí Phong và Trần Quang Khải","Trần Quang Khải","7","Tập 194 , số 09, trang 204-212","https://drive.google.com/open?id=1nuoaU1kVE8y70z2YRQKAqH7hqNSX85jC","Phạm Kiều Anh Thơ","","","","","","",""
"01/10/2025 9:19:06","nhgiau@ctump.edu.vn","Tạp chí Y học Việt Nam","1859-1868","1 điểm","18/07/2025","NGHIÊN CỨU ĐẶC ĐIỂM HÌNH THÁI VÀ KẾT QUẢ PHẪU THUẬT LÀM DÀI THÂN RĂNG LÂM SÀNG KẾT HỢP TIÊM BOTULINUM TOXIN Ở BỆNH NHÂN ĐIỀU TRỊ CƯỜI HỞ NƯỚU TẠI BỆNH VIỆN TRƯỜNG ĐẠI HỌC Y DƯỢC CẦN THƠ","Nguyễn Văn Lâm, Nguyễn Hữu Giàu, Hoàng Minh Tú, Huỳnh Trần Gia Hưng","Huỳnh Trần Gia Hưng","4","tập 552, số 1, trang 342 - 347","https://drive.google.com/open?id=1eXVJSrnCQvUgYsf3auHmoTN8Q561RiiP, https://drive.google.com/open?id=1a9hV6Z1TVNYG2Vv3tIG8owMX4LBzi5cc","","","","","","","",""
"01/10/2025 9:47:37","luutru@ctump.edu.vn","Tạp chí Công Thương - Kết quả nghiên cứu khoa học và Ứng dụng công nghệ","ISSN: p-0866-7756","0.5 điểm","31/08/2025","Phân tích các yếu tố ảnh hưởng đến động lực làm việc của viên chức, người lao động tại Trường Đại học Y Dược Cần Thơ","Phan Thị Luyện, Hồ Thị Quý An, Nguyễn Thị Thảo Linh, Phan Thị Vân","Phan Thị Luyện","5","Tập 25,, trang 249-257","https://drive.google.com/open?id=1UVz7T987IBeOiaFQhqi1Jn6MySblazKb","","","","","","","",""
"02/10/2025 5:57:44","ptnghia@ctump.edu.vn","Tạp chí Y học Việt Nam","1859-1868","1 điểm","11/04/2025","GIÁ TRỊ SỨC CĂNG TRỤC DỌC THẤT TRÁI QUA SIÊU ÂM ĐÁNH DẤU MÔ CƠ TIM TRONG DỰ BÁO TỔN THƯƠNG HẸP MẠCH VÀNH CÓ Ý NGHĨA Ở BỆNH NHÂN HỘI CHỨNG VÀNH MẠN","Phù Trí Nghĩa, Phan Huỳnh Xuân Nữ, Nguyễn Thế Bảo, Nguyễn Thái Hòa","Phù Trí Nghĩa","4","548","https://drive.google.com/open?id=12rTQe8YUbUttl-79hiQixBjly3qr2gZq","","","","","","","",""
"02/10/2025 6:00:31","ptnghia@ctump.edu.vn","Tạp chí Y học Việt Nam","1859-1868","1 điểm","25/06/2025","NGHIÊN CỨU SỨC CĂNG DỌC THẤT TRÁI BẰNG SIÊU ÂM ĐÁNH DẤU MÔ CƠ TIM Ở BỆNH NHÂN CÓ HỘI CHỨNG MẠCH VÀNH MẠN TẠI THÀNH PHỐ CẦN THƠ NĂM 2023-2025","Phan Huỳnh Xuân Nữ, Phù Trí Nghĩa, Nguyễn Hoàng Anh, Hồ Xuân Tuấn","Phan Huỳnh Xuân Nữ","4","551","https://drive.google.com/open?id=150aAtCE69bUGfUDNFZEPTMMe7z33G__C","","","","","","","",""
"02/10/2025 6:03:22","ptnghia@ctump.edu.vn","Tạp chí y học Việt Nam","1895-1868","1 điểm","19/09/2025","ĐẶC ĐIỂM HÌNH ẢNH HỌC VÀ GIÁ TRỊ CỦA CHỤP CẮT LỚP VI TÍNH NGỰC CÓ TIÊM THUỐC CẢN QUANG TRONG CHẨN ĐOÁN KHỐI U PHỔI NGHI NGỜ ÁC TÍNH TẠI BỆNH VIỆN UNG BƯỚU THÀNH PHỐ CẦN THƠ NĂM 2024-2025","Nguyễn Vĩnh Phong, Bùi Ngọc Thuấn, Nguyễn Thị Giao Hạ, Võ Văn Kha, Huỳnh Thảo Luật, Phù Trí Nghĩa","Nguyễn Vĩnh Phong","6","553","https://drive.google.com/open?id=1y4KWQ7Sjz7AT5nnPWdOxlKE43ni-sisP","","","","","","","",""
"02/10/2025 8:21:09","cttnguyen2025@ctump.edu.vn","ACADEMIA JOURNAL OF BIOLOGY","ISSN (print) 2615-9023, ISSN (online) 2815-5920","1 điểm","28/09/2025","Protective effects of vitamin e against bisphenol-induced toxicity in porcine spermatozoa in vitro","Nguyen Lam Khanh Duy, Cao Thi Tai Nguyen, Nguyen Hoang Gia Han, Tran Thi Thanh Khuong","Trần Thị THanh Khương","4","47(3): 139–148","https://drive.google.com/open?id=1p5ij_EcIiOediJ6QxfL3LUnHjl1obnl1","","","","","","","",""
"15/11/2025 18:04:20","nthtuyen@ctump.edu.vn","Tạp chí Y học Việt Nam","1859-1868","1 điểm","08/12/2025","Hiệu quả nâng cao kiến thức chăm sóc sức khỏe ban đầu của nhân viên y tế cơ sở tại tỉnh Bình dương năm 2024 - 2025","Huỳnh Anh Phi, Lê Minh Hữu, Huỳnh Minh Chín, Nguyễn Việt Nam","Huỳnh Anh Phi","4"," Tập 552 Số 3, trang 367-371","https://drive.google.com/open?id=1mlS02Bb6tUfUOID93TdOwCT1Xu9ZkHQW","","","","","","","",""
"15/11/2025 18:07:54","nthtuyen@ctump.edu.vn","Tạp chí Y học Việt Nam","1859-1868","1 điểm","07/01/2025","Tình hình tiêm vắc xin phòng hpv ở trẻ nữ từ 9 – 17 tuổi và một số yếu tố liên quan tại thành phố Cần Thơ năm 2024","Huỳnh Trần Ngọc Hân, Lê Minh Hữu, Hoàng Quốc Cường, Huỳnh Trần Thiên Trang","Lê Minh Hữu","4","Tập 551 Số 3, trang 240-243","https://drive.google.com/open?id=1lbcEeB61ZMpWiHyWQ-7aQH80tPYZCbAm","","","","","","","",""
"15/11/2025 18:11:25","nthtuyen@ctump.edu.vn","Tạp chí Y học Việt Nam","1859-1868","1 điểm","11/04/2025","TRẦM CẢM VÀ CÁC YẾU TỐ LIÊN QUAN Ở PHỤ NỮ SAU PHÁ THAI  TẠI BỆNH VIỆN PHỤ SẢN THÀNH PHỐ CẦN THƠ NĂM 2024","Huỳnh Nguyễn Phương Thảo, Huỳnh Nguyễn Phương Quang, Trần Thị Thu Trang, Phùng Ngọc Hải, Nguyễn Tấn Đạt","Nguyễn Tấn Đạt","5","Tập 555 Số 2, trang 316-320","https://drive.google.com/open?id=1f0EMwoCynKiGsWi1KteogCJRUxaZIPyI","","","","","","","",""
"19/11/2025 14:45:42","ntltuyen@ctump.edu.vn","Tạp chí khoa học và công nghệ đại học Thái Nguyên","1859-2171","0.75 điểm","16/07/2025","Bào chế và đánh giá chất lượng kem xả tóc từ vỏ Bưởi, Lô hội và dầu Olive","Phạm Thanh Toàn, Phan Thị Minh Thư, Mai Thu Sương, Nguyễn Thị Linh Tuyền ","Nguyễn Thị Linh Tuyền","4","Tập 230, số 13, 242-248","https://drive.google.com/open?id=1SdZ-07YP-Aucldmg1VU77P4kieysjPMw, https://drive.google.com/open?id=1dbbcegIm3OG-1yhLUWVif5EARVspdW5V","Thời gian tính điểm bắt đâu Q4/2025-Q4/2026","","","","","","",""
"20/11/2025 8:40:53","phdat@ctump.edu.vn","Tạp chí Y học cộng đồng","2354-0613","1 điểm","30/10/2025","ĐẶC ĐIỂM LÂM SÀNG Ở BỆNH NHÂN NHIỄM NẤM DA ĐẾN KHÁM TẠI BỆNH VIỆN TRƯỜNG ĐẠI HỌC Y DƯỢC CẦN THƠ NĂM 2024-2025","Phan Hoàng Đạt, Nguyễn Thị Thảo Linh, Trịnh Thị Hồng Của, Nguyễn Thị Pha, Võ Thành Trí, Nguyễn Chí Nguyễn, Lê Nguyễn Uyên Phương, Huỳnh Gia Bảo","Phan Hoàng Đạt","8","Tập 66, số Chuyên đề 19 - HNKH Bệnh viện Thủ Đức","https://drive.google.com/open?id=1pHYVSiHbJhW29P2N32VyA7Gg1ZlRXA3w","","","","","","","",""
"03/12/2025 7:36:33","lththanh@ctump.edu.vn","Tạp chí Thanh niên","2734-9039","0.75 điểm","01/10/2025","Nghiên cứu thái độ tiết kiệm cơ sở vật chất nhà trường của sinh viên ngành Y khoa Trường Đại học Y Dược Cần Thơ","Lương Thị Hoài Thanh, Trần Thị Hồng Lê, Lê Chí Nhân, Cao Lương Bình, Nguyễn Thanh Trạng","Lương Thị Hoài Thanh (TG cính); Nguyễn Thanh Trạng (TG liên hệ)","5","4","https://drive.google.com/open?id=1tiJ_5du5TrtVQMCTACzDGnA15AZkpse1","","","","","","","",""
"04/12/2025 16:27:10","bmdieuduongcongdong@ctump.edu.vn","Tạp chí Y tế công cộng","1859 – 1132","1 điểm","01/10/2025","Thực trạng hoạt động của nhân viên y tế ấp và một số yếu tố liên quan tại tỉnh Hậu Giang","Nguyễn Nhật Thanh, Nguyễn Việt Phương, Phạm Văn Tác, Lê Minh Hữu ","Lê Minh Hữu","4","Số 72 (09/2025)-Hiện web site vẫn chưa cập nhật bản online, nhóm nhận được file từ tạp chí vào tháng 10/2025","https://drive.google.com/open?id=10W7OZcoJeXMpou1PlYjaDZxPh-h0Se97","","","","","","","",""
"04/12/2025 22:09:15","nhchuong@ctump.edu.vn","Tạp chí Y học Việt Nam"," ISSN: 1859-1868","1 điểm","22/04/2025","Nghiên cứu tỷ lệ nhiễm của vi khuản Acinetobacter Maubannii phân lập từ bệnh phẩm đường hô hấp tại bệnh viện Đa khoa thành phố Cần Thơ","Trần Thị Thùy Trang, Trần Bùi Hoàng Thảo, Dương Anh Thư, Phạm Đăng khoa, Nguyễn Thanh Tú, Trần Thái Ngọc, Nguyễn Hữu Chường","Nguyễn Hữu Chường","7","Tập 550, số 1, trang 142-147","https://drive.google.com/open?id=1Dm2EMqYZQba019_XSxCu46HMfPm7Jbg8","","","","","","","",""
"04/12/2025 22:18:33","nhchuong@ctump.edu.vn","Tạp chí Y học Việt Nam","ISSN: 1859-1868","1 điểm","26/11/2025","Một số đặc điểm của bệnh nhân nhồi máu cơ tim cấp tại bệnh viện đa khoa trung ương Cần Thơ theo thể trạng thừa cân béo phì","Huỳnh Trung Cang, Nguyễn Hồ Song Hảo, Lê Minh Khôi, Nguyễn Hữu Chường","Nguyễn Hữu Chường","4","Tập 557, số 2, trang 378-382","https://drive.google.com/open?id=161jZldRMPzny-vyFpTDr51K3y93UmuH7","","","","","","","",""
"10/12/2025 8:42:13","hthiep@ctump.edu.vn","Kỷ yếu","Kỷ yếu","Kỷ yếu có phản biện","22/10/2025","THE EFFECTS OF WATER ENVIRONMENT ON STABILITY OF RIVER BANKS - CASE STUDY IN THE MEKONG DELTA","Le Hoang1*, Le Thi Anh Hong1, Le Gia Lam1, Do Hung Thoi1, Tran Le Gia Tan2, and Pham Van Cu3","Le Hoang1","6","p599","https://drive.google.com/open?id=1FNTw42p0dDxRBShG3PQGQQD_q1nSJsQH","","","","","","","",""
"10/12/2025 9:12:15","lmkhoi@ctump.edu.vn","Tạp chí Y học Việt Nam","1859-1868","1 điểm","02/12/2025","Một số đặc điểm của bệnh nhân nhồi máu cơ tim cấp tại bệnh viện đa khoa trung ương cần thơ theo thể trạng thừa cân béo phì","Huỳnh Trung Can, Nguyễn Hồ Song Hảo, Lê Minh Khôi, Nguyễn Hữu Chường","Nguyễn Hữu Chường","4","tập 557, số 2, trang 378-382","https://drive.google.com/open?id=1fLNPLbE703_9aeTC7CI67P_nAM39ZXeT","","","","","","","",""
"13/12/2025 10:38:16","nhshao@ctump.edu.vn","   	    Tạp chí Y học Việt Nam","1859-1868","1 điểm","26/11/2025","MỘT SỐ ĐẶC ĐIỂM CỦA BỆNH NHÂN NHỒI MÁU CƠ TIM CẤP TẠI BỆNH VIỆN ĐA KHOA TRUNG ƯƠNG CẦN THƠ THEO THỂ TRẠNG THỪA CÂN BÉO PHÌ","Huỳnh Trung Cang, Nguyễn Hồ Song Hảo, Lê Minh Khôi, Nguyễn Hữu Chường","Nguyễn Hữu Chường","4","Tập 557, số 2, trang 378-382","https://drive.google.com/open?id=19bimFcVP3EOSygON7AjMiqiUrIALM7kI","","","","","","","",""
"13/12/2025 10:36:29","nhshao@ctump.edu.vn","Tạp chí Y học Việt Nam","1859-1868","1 điểm","10/12/2025","NỒNG ĐỘ HOMOCYSTEIN MÁU VỚI SỰ BIỂU HIỆN ĐẠM NIỆU Ở BỆNH NHÂN ĐÁI THÁO ĐƯỜNG TYPE 2 CÓ TĂNG HUYẾT ÁP","Huỳnh Trung Cang, Trịnh Minh Thiết, Nguyễn Hồ Song Hảo","Nguyễn Hồ Song Hảo","3","tập 557, số 3, trang 369","https://drive.google.com/open?id=1Ve4rF-PEkVgPn1bmzbZrE7XALar6Oq5j","","","","","","","",""
"13/12/2025 10:41:55","nhshao@ctump.edu.vn","Tạp chí Y học Việt Nam","1859-1868","1 điểm","10/12/2025","NỒNG ĐỘ HOMOCYSTEIN MÁU VÀ SỰ BIỂU HIỆN ĐẠM NIỆU Ở BỆNH NHÂN ĐÁI THÁO ĐƯỜNG TYPE 2 CÓ RỐI LOẠN LIPID MÁU","Huỳnh Trung Cang, Trịnh Minh Thiết, Nguyễn Hồ Song Hảo","Nguyễn Hồ Song Hảo","3","tập 557, số 3, trang 385-389","https://drive.google.com/open?id=1ZlJ5-F7iNZi-sDXvmCtqykfndPO1OYzb","","","","","","","",""
"13/12/2025 20:02:11","tthcua@ctump.edu.vn","Tạp chí Y học Việt Nam","ISSN: 1859-1868","1 điểm","12/09/2025","Mức độ kiểm soát cơn và một số yếu tố liên quan trên bệnh nhân động kinh","Trần Nguyên Phương, Mai Nhật Quang, Trịnh Thị Hồng Của","Trịnh Thị Hồng Của","3","Tập 557, số 3, trang 365-369","https://drive.google.com/open?id=1V2lo4UVZ5CuvPBYvom8G_DxrQLqjd6YD","","","","","","","",""
"15/12/2025 11:39:04","nltty@ctump.edu.vn","Tạp chí Y học Cộng ","2354 – 0613","1 điểm","12/12/2025","NGHIÊN CỨU TÌNH HÌNH SỬ DỤNG KHÁNG SINH VÀ HIỆU QUẢ CAN THIỆP DƯỢC LÂM SÀNG TẠI KHOA NGOẠI TỔNG HỢP BỆNH VIỆN ĐA KHOA HOÀN MỸ SÀI GÒN NĂM 2023 - 2025","Lý Minh, Nguyễn Lan Thùy Ty","Nguyễn Lan Thùy Ty","2","Tập 66, số 6, trang 129-134","https://drive.google.com/open?id=1ZUApopSGQh8wIKs3PJ_vYlVvOFFzllsr","","","","","","","",""
"16/12/2025 8:51:19","nptai@ctump.edu.vn","Tạp chí Thanh Niên Nghiên cứu khoa học","ISSN 2734 - 9039","0.75 điểm","01/12/2025","Con đường độc lập dân tộc gắn liền với Chủ nghĩa xã hội - Chân lý bất diệt và trách nhiệm của thế hệ trẻ Việt Nam","Nguyễn Phước Tài, Nguyễn Minh Vũ","Nguyễn Phước Tài","","30-34","https://drive.google.com/open?id=1P3er37X0lfJlKe1fyRWEmVErzUKDtHLl","","","","","","","",""
"16/12/2025 9:12:09","pkhue@ctump.edu.vn","Tạp chí Y học cộng đồng","2354-0613","0.75 điểm","11/12/2025","TÌNH TRẠNG DINH DƯỠNG CỦA TRẺ EM DƯỚI 5 TUỔI TẠI 2 TRƯỜNG MẦM NON NỘI VÀ NGOẠI THÀNH HÀ NỘI NĂM 2023","Triệu Tuyết Nhung, Hoàng Thị Đức Ngàn, Phạm Văn Phú, Lê Thị Hiệp, Hoàng Thị Hậu, Nguyễn Minh Hiền, Phan Kim Huệ, Lê Thị Văn","Triệu Tuyết Nhung","8","tập 66, CĐ23-NCKH, trang 96-101","https://drive.google.com/open?id=17mG8jUZT4mlN4imvk_Ha2Qz8WDTqKrW_","","","","","","","",""
"16/12/2025 16:22:37","nthtuyen@ctump.edu.vn","Tạp chí Y học cộng đồng","2354-0613","0.75 điểm","12/12/2025","Hiệu quả truyền thông giáo dục sức khỏe trong nâng cao kiến thức về triệu chứng và phòng ngừa yếu tố nguy cơ đái tháo đường type 2 ở người Khmer từ 40 tuổi trở lên tại tỉnh Trà Vinh","Nguyễn Thị Hồng Tuyến, Dương Thị Hồng, Phan Thị Trung Ngọc, Nguyễn Tấn Đạt, Nguyễn Ngọc Huyền, Nguyễn Thị Kiều Lan, Nguyễn Văn Lành","Nguyễn Văn Lành","7","Tập 66, số 6, trang 372-379","https://drive.google.com/open?id=1raqGC37UM4MxOQpE_VPo4UXZPjdigr95","","","","","","","",""
"18/12/2025 18:27:25","nphung@ctump.edu.vn","Vietnam Journal of Community Medicine","2354-0613","0.25 điểm","09/10/2025","ĐÁNH GIÁ CÁC YẾU TỐ ẢNH HƯỞNG ĐẾN QUAN ĐIỂM CỦA SINH VIÊN TRƯỜNG ĐẠI HỌC Y DƯỢC CẦN THƠ VỀ VIỆC ỨNG DỤNG TRÍ TUỆ NHÂN TẠO TRONG HỌC TẬP NĂM 2024-2025","Phạm Thành Suôl, Nguyễn Phục Hưng, Võ Thị Mỹ Hương, Nguyễn Phú Vinh, Trần Bá Kiên, Lê Thị Thanh Yến, Ngô Phương Thảo","Nguyễn Phục Hưng","7","Tập 66, số 18, trang 1-8","https://drive.google.com/open?id=1bvSPdwxvM-GvDz_mpZT-lEJAcfKMnMl1","","","","","","","",""
"18/12/2025 18:30:46","nphung@ctump.edu.vn","Tạp chí Y học cộng đồng","2354-0613","0.25 điểm","09/10/2025","ĐÁNH GIÁ THỰC TRẠNG VÀ CÁC NHÂN TỐ ẢNH HƯỞNG ĐẾN VIỆC ỨNG DỤNG CÔNG NGHỆ THÔNG TIN TRONG HỌC TẬP CỦA SINH VIÊN TẠI TRƯỜNG ĐẠI HỌC Y DƯỢC CẦN THƠ NĂM 2025","Lê Thị Hồng Mỹ, Nguyễn Anh Thư, Nguyễn Trương Thái Huy, Nguyễn Phục Hưng*, Phạm Thành Suôl, Ngô Phương Thảo, Nguyễn Thị Bích","Nguyễn Phục Hưng","7","Tập 66,  số 18, trang 16-22","https://drive.google.com/open?id=1k74PKF5SVjHnQsqW44Y-E2wsMH0XIos-","","","","","","","",""
"18/12/2025 18:49:47","nphung@ctump.edu.vn","Tạp chí KHQTHN","2615-9686","0.5 điểm","09/12/2025","Analysis of medical costs and associated factors among inpa�ents with sexually transmi�ed infec�ons at Can Tho Dermatology Hospital, 2024 - 2025","Nguyễn Phục Hưng, Võ Thị Mỹ Hương, Nguyễn Phú Vinh, Tăng Nghiệp Minh, Nguyễn Thị Tuyết Minh, Phạm Thành Suôl, Nguyễn Văn Bộ, Huỳnh Thanh Phương, Lê Thị Hồng Mỹ","Nguyễn Phục Hưng","9","Vol.9 - 12/2025, trang 45-52","https://drive.google.com/open?id=10dBPgm1c9fhX-roEmMi4el-xYNNz9t0h","","","","","","","",""
"19/12/2025 20:47:04","ltphuc@ctump.edu.vn","Tạp chí Y Dược học","ISSN 2734-9209","1 điểm","01/10/2025","Tổng hợp và thiết lập chất đối chiếu tạp A của alopurinol","Lữ Thiện Phúc, Võ Thị Cẩm Nhung, Nguyễn Mạnh Quân, Trương Ngọc Tuyền, Trần Việt Hùng, Nguyễn Đức Tuấn","Nguyễn Đức Tuấn","6","Số 61","https://drive.google.com/open?id=1QicfZMJy7Ctqb4q_ZXyxl6blQn5ZOblz","Tác giả chính Lữ Thiện Phúc, áp dụng từ Quý IV/2025","","","","","","",""
"21/12/2025 16:36:28","dtttrang@ctump.edu.vn","Tạp chí Khoa học Điều dưỡng","ISSN: 2615-9589 - e_ISSN: 2734-9632","0.5 điểm","05/10/2025","Relationship between basic psychological needs satisfaction, academic motivation, and self - regulated learning strategies among nursing students in selected universities in Vietnam","Duong Thi Thuy Trang, Edreck D. Estioko","Duong Thi Thuy Trang","2","Tập 8, số 5, trang 70-81","https://drive.google.com/open?id=1zLdtX73-HDLtETF2VQpBFHDPT6WeaXNK","https://jns.vn/index.php/journal/article/view/1108/988","","","","","","",""
"22/12/2025 15:44:14","nlngiau@ctump.edu.vn","Tạp chí Y học Việt Nam","ISSN: 1859-1868","1 điểm","10/12/2025","ĐÁNH GIÁ HIỆU QUẢ MỘT SỐ THUỐC ĐIỀU TRỊ ĐÁI THÁO ĐƯỜNG TÝP 2 TẠI TRUNG TÂM Y TẾ KHU VỰC GÒ CÔNG TÂY","Trần Văn Đệ, Nguyễn Lê Ngọc Giàu, Nguyễn Văn Đối, Nguyễn Vủ Trường Giang, Bùi Thị Bích Thủy","Nguyễn Lê Ngọc Giàu","5","Tập 577, số 3, trang 356-361","https://drive.google.com/open?id=1X--NCMgOH9fIWC4S_n4b0N7o25Va6CpS","","","","","","","",""
"22/12/2025 15:48:01","nlngiau@ctump.edu.vn","Tạp chí Y học Cộng Đồng ","ISSN: 2354-0613","1 điểm","27/11/2025","Một số yếu tố liên quan đến kiến thức về phòng, chống bệnh sởi của các bà mẹ có con dưới 5 tuổi trên địa bàn huyện Phụng Hiệp, tỉnh Hậu Giang năm 2025","Trần Bửu Yên, Nguyễn Lê Ngọc Giàu, Nguyễn Thị Hồng Tuyến, Nguyễn Văn Lành","Nguyễn Văn Lành ","4","Tập 66, số 23, trang 359-363","https://drive.google.com/open?id=19evCmNT5eKNfmTOk915QlwFDV4Lfw0Xq","","","","","","","",""
"22/12/2025 15:52:11","nlngiau@ctump.edu.vn","Tạp chí Y học dự phòng Việt Nam","ISSN: 0868-2836","1 điểm","30/09/2025","Tỷ lệ, nguy cơ té ngã ở người cao tuổi và một số yếu tố liên quan tại huyện Phong Điền, thành phố Cần Thơ, 2023-2024","Nguyễn Lê Ngọc Giàu*, Nguyễn Văn Đối*, Lê Minh Hữu ","Nguyễn Văn Đối*","3","Tập 35, số 6PB, Trang 269-277","https://drive.google.com/open?id=19DVIVRe0lVmyAVmt5wm8Um-_nBjepMdY","","","","","","","",""
"23/12/2025 7:37:25","ptsuol@ctump.edu.vn","Tạp chí Y học Việt Nam"," ISSN: 1859-1868","1 điểm","10/03/2025","Kiến thức và thái độ của nhân viên y tế về báo ADR tại một số BV tỉnh Cà Mau tại một số BV  cáo ADR ","Phạm Thành Suôl, Trần Yên Hảo, Nguyễn Thắng, Trần Thị tuyết Phụng, Nguyễn Thiên Vũ","Phạm Thành Suôl","5","Tập 555, Số 2, trang 343 - 347","https://drive.google.com/open?id=1iJgXv_1Ma6_XvHLATrdVMTg0dwc4qtXa","","","","","","","",""
"23/12/2025 7:45:59","ptsuol@ctump.edu.vn","Tạp chí Y học Việt Nam","ISSN: 1859-1868","1 điểm","05/02/2025","Kiến thức của giám sát viên trong phát hiện sớm biến cố bất lợi và yếu tố liên quan trên bệnh nhân điều trị lao phác đồ ngắn hạn tại tỉnh Vĩnh Long năm 2024-2025","Nguyễn Kiến Quốc, Phạm Thành Suôl, Trần Thị Tuyết Phụng","Nguyễn Kiến Quốc","3","Tập 551, số 1, trang 385-389","https://drive.google.com/open?id=1CVHilxQ0zu58chKGkG_tQ3c8z_KQkrAo","","","","","","","",""
"23/12/2025 8:12:46","ctump45@ctump.edu.vn","Kỷ yếu Hội thảo khoa học Quốc Gia - 2025","Kỷ yếu","0.75 điểm","12/12/2025","ỨNG DỤNG TRÍ TUỆ NHÂN TẠO VÀ CHUYỂN ĐỔI SỐ TRONG GIÁO DỤC Y KHOA TẠI TRƯỜNG ĐẠI HỌC Y DƯỢC CẦN THƠ","Trần Thị Bích Phương và Đỗ Thuỳ Trang","Trần Thị Bích Phương và Đỗ Thuỳ Trang","2","đã cắt riêng bài báo","https://drive.google.com/open?id=1vlRGkOTeJGaBlTxtQ3kMKBkYo36fFj0Z","","","","","","","",""
"23/12/2025 9:48:11","hvloc@ctump.edu.vn","TẠP CHÍ Y HỌC VIỆT NAM","1859-1868","1 điểm","15/09/2025","ĐA HÌNH GEN, NỒNG ĐỘ PROTEIN MMP-9 VÀ ĐẠM NIỆU Ở BỆNH NHÂN ĐÁI THÁO ĐƯỜNG TÍP 2","Trần Đặng Đăng Khoa1, Nguyễn Thanh Liêm1, Lương Thanh Điền1 , Trương Thị Chiêu1, Nguyễn Thị Kim Tường1, Huỳnh Văn Lộc1","Huỳnh Văn Lộc","6","TẬP 554 - THÁNG 9 - SỐ 3 - 2025","https://drive.google.com/open?id=13_1tz0pwutZxLzb_jFvZIz4DcHYrblJ0","","","","","","","",""
"23/12/2025 9:49:10","ntktuong@ctump.edu.vn","Tạp chí Y học Việt Nam","ISSN: 1859-1868","1 điểm","15/09/2025","ĐA HÌNH GEN, NỒNG ĐỘ PROTEIN MMP-9 VÀ ĐẠM NIỆU Ở BỆNH NHÂN ĐÁI THÁO ĐƯỜNG TÍP 2","Trần Đặng Đăng Khoa, Nguyễn Thanh Liêm, Lương Thanh Điền, Trương Thị Chiêu, Nguyễn Thị Kim Tường , Huỳnh Văn Lộc","Huỳnh Văn Lộc","6","TẬP 554 - THÁNG 9 - SỐ 3 - 2025","https://drive.google.com/open?id=1OKCNJ58tZHAe9qGzKaKWDMW5gUNBNFEy","","","","","","","",""
"23/12/2025 19:47:31","nhtoan@ctump.edu.vn","Tạp chí Y học Việt Nam","1859-1868","1 điểm","15/12/2025","NGHIÊN CỨU ĐẶC ĐIỂM LÂM SÀNG, CẬN LÂM SÀNG VÀ BƯỚC ĐẦU KẾT QUẢ TRIỆT ĐỐT ĐIỆN SINH LÝ TIM Ở BỆNH NHÂN HỘI CHỨNG WOLFF-PARKINSON-WHITE TẠI BỆNH VIỆN ĐA KHOA TRUNG ƯƠNG CẦN THƠ NĂM 2024-2025","Thân Hoàng Minh,, Nguyễn Tri Thức, Trần Kim Sơn","Thân Hoàng Minh","3","Tập 556 Số 3 (2025)","https://drive.google.com/open?id=1IHlTX0LtnWZCn32VbvaP-mV-fYQdx9oX","","","","","","","",""
"23/12/2025 19:49:40","nhtoan@ctump.edu.vn","Tạp chí Y học Việt Nam","1859-1868","1 điểm","08/10/2025","KHẢO SÁT TÌNH HÌNH TĂNG HUYẾT ÁP KHÓ KIỂM SOÁT VÀ TĂNG HUYẾT ÁP KHÁNG TRỊ TẠI BỆNH VIỆN TRƯỜNG ĐẠI HỌC Y DƯỢC CẦN THƠ","Trần Kim Sơn, Nguyễn Quan Đức Minh","Trần Kim Sơn","2","554(3)","https://drive.google.com/open?id=1wTVgf1GIbMmC1PatuWfkkdMaiBUJ9rgh","","","","","","","",""
"23/12/2025 19:51:10","nhtoan@ctump.edu.vn","Tạp chí nghiên cứu y học","2354-080X","1 điểm","31/10/2025","Tăng huyết áp kháng trị: Vai trò của cá thể hóa điều trị trong kỷ nguyên y học chính xác","Trần Kim Sơn, Lâm Thị Chư Láng, Nguyễn Quan Đức Minh","Nguyễn Quan Đức Minh","3","195(10)","https://drive.google.com/open?id=1zpnXsfvZZZuhfWvQ3-xUGSW4Df4HSxrw","","","","","","","",""
"24/12/2025 11:48:39","dthong@ctump.edu.vn","Tạp chí Y học Việt Nam","ISSN: 1859-1868","1 điểm","12/12/2025","HIỆU QUẢ LÂM SÀNG VÀ TÍNH AN TOÀN CỦA DAPAGLIFLOZIN TRONG SUY TIM VỚI PHÂN SUẤT TỐNG MÁU GIẢM NHẸ: KINH NGHIỆM THỰC TẾ TẠI BỆNH VIỆN ĐA KHOA TRUNG ƯƠNG CẦN THƠ","Lê Tuấn Anh, Phạm Thanh Phong, Đặng Thanh Hồng","Lê Tuấn Anh","3"," Tập 556 Số 2, trang 104-109","https://drive.google.com/open?id=1lCmjWp5gq-GPgYgljT7hMGm3Szh83kXM","","","","","","","",""
"24/12/2025 12:51:49","tddkhoa@ctump.edu.vn","TẠP CHÍ Y HỌC VIỆT NAM TẬP","ISSN: 1859-1868","1 điểm","09/12/2025","ĐA HÌNH GEN, NỒNG ĐỘ PROTEIN MMP-9 VÀ ĐẠM NIỆU Ở BỆNH NHÂN ĐÁI THÁO ĐƯỜNG TÍP 2","Trần Đặng Đăng Khoa, Nguyễn Thanh Liêm, Lương Thanh Điền, Trương Thị Chiêu, Nguyễn Thị Kim Tường, Huỳnh Văn Lộc","Huỳnh Văn Lộc","6","TẬP 554 - THÁNG 9 - SỐ 3 - 2025, trang 230-234","https://drive.google.com/open?id=1qusTE7L9SmZMYpdUOisa46gSmVJxRpde","","","","","","","",""
"24/12/2025 13:08:39","ntliem@ctump.edu.vn","Tạp chí Y học Việt Nam","1859-1868","1 điểm","01/07/2025","KHẢO SÁT MỘT SỐ YẾU TỐ LIÊN QUAN ĐẾN MỨC ĐỘ NẶNG  CỦA BỆNH NÃO GAN Ở BỆNH NHÂN XƠ GAN  TẠI BỆNH VIỆN ĐA KHOA TRUNG ƯƠNG CẦN THƠ","Tô Thị Diễm Phương, Nguyễn Thanh Liêm, Lê Văn Nho","Nguyễn Thanh Liêm","3","Tập 551, số 3, trang 316-320","https://drive.google.com/open?id=11J4lNN_lwgv4gjjJplDmsInhOfJbKcHZ","","","","","","","",""
"24/12/2025 13:12:21","ntliem@ctump.edu.vn","Tạp chí Y học Việt Nam","1859-1868","1 điểm","18/07/2025","HIỆU QUẢ ĐIỀU TRỊ TIỆT TRỪ HELICOBACTER PYLORI  BẰNG PH\C ĐỒ ESOMEPRAZOLE, BISMUTH, METRONIDAZOLE,  TETRACYCLINE Ở VIÊM DẠ DÀY VÀ HỘI CHỨNG RUỘT KÍCH THÍCH","Nguyễn Thanh Liêm, Hồ Sĩ Đức, Huỳnh Thị Hồng Ngọc","Nguyễn Thanh Liêm","3","Tập 552, số 1, trang 87-91","https://drive.google.com/open?id=1VWRSU-FCUbe3QhXcsTQQ_jhzAq7LJbxt","","","","","","","",""
"24/12/2025 15:42:12","ltquynh@ctump.edu.vn","Tạp chí Giáo Dục và Xã Hội","ISSN 1859 - 3917","0.5 điểm","08/11/2025","Thích ứng của sinh viên năm nhất Trường Đại học Y Dược Cần Thơ năm học 2024 - 2025","Lê Thị Quỳnh, Nguyễn Thị Thanh Nhàn","Lê Thị Quỳnh","2","Số Đặc biệt Tháng 11/2025","https://drive.google.com/open?id=1EKQI5qUXwS7UuJcTWChAHVOcpGoS9TPv, https://drive.google.com/open?id=1X_OACDraLRe4eAVLGL4JxmEwwsAx9n01","","","","","","","",""
"24/12/2025 15:49:01","ntthanhnhan@ctump.edu.vn","Tạp chí Giáo dục và xã hội","ISSN: 1859-3917","0.5 điểm","08/11/2025","Thích ứng của sinh viên năm nhất Trường Đại học Y Dược Cần Thơ năm 2024-2025","Lê Thị Quỳnh, Nguyễn Thị Thanh Nhàn","Lê Thị Quỳnh","2","137-142","https://drive.google.com/open?id=1ZL225UKtOFC7xh1Icwno16nm0mn9JHDy, https://drive.google.com/open?id=12L8x_pncUTVSQf8LiszuSV_AzL9xe66Y","","","","","","","",""
"24/12/2025 16:40:33","nqtuan@ctump.edu.vn","Tạp chí Y học Việt Nam","ISSN: 1859-1868","1 điểm","24/11/2025","Characteristics and outcomes of medical abortion in adolescent pregnancy women: A case series report","Nguyễn Quốc Tuấn, Lê Trần Thanh Thảo, Nguyễn Thái Hoàng, Lê Hồng Thịnh, Phạm Thanh Trà, Hoàng Thị Lan, Lương Hoàng Thành, Nguyễn Xuân Mỹ","Nguyễn Xuân Mỹ",""," Tập 556 Số 2 (2025): Vietnam Medical Journal  trang 81-86","https://drive.google.com/open?id=1JYBIP1M9ExhYfath7QRNGId6y6NEiLRf","","","","","","","",""
"24/12/2025 21:04:39","ltquynh@ctump.edu.vn","Tạp chí Giáo dục và Xã hội","ISSN 1859 - 3917","0.5 điểm","01/05/2025","Một số biện pháp giáo dục trải nghiệm nhằm hình thành sự đồng cảm và chia sẻ ở trẻ khuyết tật trí tuệ trong môi trường Tiểu học hòa nhập.","Lê Thị Quỳnh","Lê Thị Quỳnh","1","Số 170 (231), tháng 5/2025, trang 235 - 239","https://drive.google.com/open?id=1goOdp9DBYfu9t-fAHWJ-D9LIFYijzS1C, https://drive.google.com/open?id=1x5PQW0Zk_Y9y8x6GwXHn6T03F6yN7PAR","","","","","","","",""
"25/12/2025 16:23:51","ttchieu@ctump.edu.vn","Tạp chí Y học Việt Nam","Tạp chí Y học Việt Nam có mã số ISSN: 1859-1868","1 điểm","09/09/2025","ĐA HÌNH GEN, NỒNG ĐỘ PROTEIN MMP-9 VÀ ĐẠM NIỆU Ở BỆNH NHÂN ĐÁI THÁO ĐƯỜNG TÍP 2","Trần Đặng Đăng Khoa, Nguyễn Thanh Liêm, Lương Thanh Điền, Trương Thị Chiêu, Nguyễn Thị Kim Tường, Huỳnh Văn Lộc","Trần Đặng Đăng Khoa","6","Tập 554, số 3-2025, trang 230-234","https://drive.google.com/open?id=1C4EN6UVZ9iS2KcX9wxkpJYFDRGOjEL-r","","","","","","","",""
"25/12/2025 19:59:20","ttnngoc@ctump.edu.vn","Tạp chí Khoa học điều dưỡng","2615-9589","0.5 điểm","27/10/2025","Medication adherence, health-seeking behavior, and quality of life among informal caregivers of diabetic patients in Can Tho City, Vietnam","Tran Thi Nhu Ngoc Tran, M.Cruz Bea-Gracia","Tran Thi Nhu Ngoc","2","Tập 8, số 5, trang 173-184","https://drive.google.com/open?id=1GHxD19SWb0qoXX3-_bkvb-5TMPJAwfbn","Tạp chí tiếng Anh","","","","","","",""
"25/12/2025 20:26:40","lktha@ctump.edu.vn","Tạp chí Điều Dưỡng Nam Định","2734-9632","0.25 điểm","27/10/2025","Caregiver burden, coping strategies, and quality of life among family caregivers of adult cancer patients: A multiple regression and mediation analysis in Southern Vietnam","Lê Kim Tha, Emerson Galang Aliswag","Lê Kim Tha","2","Tập 8, số 5, trang 137-150","https://drive.google.com/open?id=1jLfgan2J3fgow-7P6IIdSWC2He4xtTAu","","","","","","","",""
"27/12/2025 22:17:09","nnbvi@ctump.edu.vn","Tạp chí Y học Việt Nam","ISSN: 1859-1868","1 điểm","15/09/2025","ĐẶC ĐIỂM LÂM SÀNG, AFB ĐỜM VÀ MỐI LIÊN QUAN VỚI ĐỘT BIẾN GEN RPOB TRÊN BỆNH NHÂN LAO PHỔI KHÁNG RIFAMPICIN TẠI BỆNH VIỆN LAO VÀ BỆNH PHỔI CẦN THƠ","Nguyễn Ngọc Bảo Vi, Trần Thanh Hùng, Lương Thị Mỹ Linh, Bùi Thị Cẩm Thuỳ, Nguyễn Hồng Ngân, Nguyễn Xuân Mỹ","Nguyễn Xuân Mỹ","6","Tập 554, số 2 trang 289-292","https://drive.google.com/open?id=1PhFA8UVcx9lrdoIqD6yb7eMjP_Rhpf8j","","","","","","","",""
"25/12/2025 21:48:57","lctru@ctump.edu.vn","Tạp chí Y học Việt Nam","1859-1868","1 điểm","29/10/2025","Nghiên cứu giá trị của chỉ số bạch cầu hạt chưa trưởng thành trong chẩn đoán nhiễm khuẩn huyết tại Bệnh viện Nhi đồng Thành phố Cần Thơ","Tạ Thành Lợi, Ngô Đình Khánh, Lê Công Trứ, Lê Thị Hoàng Mỹ","Lê Thị Hoàng Mỹ","4","Tập 555, số 1, trang 163-166","https://drive.google.com/open?id=15vgMAwZGDH8eqNSWr9iR-RAhkyX0_BXU","","","","","","","",""
"25/12/2025 22:02:46","nthieu@ctump.edu.vn","Tạp chí Y học Cộng đồng","2354-","0.75 điểm","14/10/2025"," Đánh giá kết quả điều trị suy sinh dục nam có giãn tĩnh mạch thừng tinh tại Thành phố Cần Thơ","Nguyễn Trung Hiếu, Nguyễn Trung Kiên,  Đàm Văn Cương, Lê Thanh Bình, Trần Quốc Cường, Nguyễn Lê Khả Ái","Nguyễn Trung Hiếu","6","Tập 66, số chuyên đề 17, trang 133-138","https://drive.google.com/open?id=1SaE1Huvh844jn-VRhoX72IAiCRBi1DmV","","","","","","","",""
"26/12/2025 5:25:15","nhthuy.gv@ctump.edu.vn","Journal of Nursing Science (Tạp chí Khoa học Điều dưỡng - Tiếng Anh)","ISSN: 2615-9589 - e_ISSN: 2734-9632","0.5 điểm","20/10/2025","Knowledge, attitudes toward palliative care and related factors among nursing students  at Can Tho University of Medicine and Pharmacy","Trương Thị Hồng Nhi, Nguyễn Thống Nhất, Trần Quốc Thắng, Nguyễn Hồng Thủy, Nguyễn Thị Thanh Trúc, Đoàn Kim Thìn ","Nguyễn Hồng Thủy (email: nhthuy@ctump.edu.vn)","6","Tập 8, số 5, trang 111-118","https://drive.google.com/open?id=1C2pwsio1ocXSTFP_JKfw79znbu4jiiQc","","","","","","","",""
"26/12/2025 10:13:57","nthtuyen@ctump.edu.vn","Tạp chí Y tế Công cộng","1859-1132","1 điểm","25/09/2025","Thực trạng hoạt động của nhân viên y tế ấp và một số yếu tố liên quan tại  tỉnh Hậu Giang","Nguyễn Nhật Thanh, Nguyễn Việt Phương, Phạm Văn Tác ,Lê Minh Hữu","Lê Minh Hữu","4","Số 72, tháng 09/2025, trang 19-29","https://drive.google.com/open?id=1zU_xxe_j6hAQNE8FAPsiJ__qL0E8oIVG","","","","","","","",""
"27/12/2025 5:58:41","drnguyentrantran1987@gmail.com","Tạp chí Y học Việt Nam","1859-1868","1 điểm","12/12/2025","NGHIÊN CỨU TÌNH HÌNH HỘI CHỨNG CHUYỂN HÓA VÀ CÁC YẾU TỐ NGUY CƠ Ở NHÂN VIÊN Y TẾ TẠI BỆNH VIỆN ĐA KHOA QUỐC TẾ S.I.S CẦN THƠ NĂM 2024","Lê Lâm Tuyết Duy1, Tô Văn Tân1, Nguyễn Thị Diệu Hằng1, Trần Thị Thúy Vân1, Bùi Trần Minh Nguyệt1, Nguyễn Trân Trân2","Nguyễn Trân Trân","6","TẬP 556 - THÁNG 11 - SỐ 2 - 2025, TR 311-316","https://drive.google.com/open?id=1nNyQJ2VZFetxBMG_zL0WxPpqT_1bxXNF","","","","","","","",""
"27/12/2025 9:06:49","vhnghia@ctump.edu.vn","TẠP CHÍ Y HỌC VIỆT NAM","1859-1868","1 điểm","01/01/2026","ĐẶC ĐIỂM PHÂN BỐ GIAI ĐOẠN BỆNH THẬN MẠN TRONG CỘNG ĐỒNG TẠI THÀNH PHỐ CẦN THƠ","Võ Hoàng Nghĩa, Phạm Văn Bùi, Nguyễn Như Nghĩa","Võ Hoàng Nghĩa","","588","https://drive.google.com/open?id=1Pf6KscINwhtzWUhMUWgiDa8BbunBc1CS, https://drive.google.com/open?id=17Fv-Bi5LXBr-qbI5FkYfQi73btI4g-XT","","","","","","","",""
"27/12/2025 10:33:08","vtatrinh@ctump.edu.vn","Tạp chí Y Học Việt Nam","1859-1868","1 điểm","21/04/2025","ĐÁNH GIÁ KẾT QUẢ SỚM CỦA PHẪU THUẬT ĐẶT MẢNH GHÉP NGẢ ÂM ĐẠO ĐIỀU TRỊ SA TẠNG CHẬU TẠI BỆNH VIỆN TRƯỜNG ĐẠI HỌC Y DƯỢC CẦN THƠ","Võ Thị Ánh Trinh, Trần Khánh Nga, Nguyễn Văn Hiên, Nguyễn Trung Hiếu, Nguyễn Lê Gia Kiệt","Võ Thị Ánh Trinh","5","tập 548, số 3 (2025)","https://drive.google.com/open?id=1FC5v7VKoKFndF8lsGztAoxo-91vlOjCV","","","","","","","",""
"27/12/2025 15:14:56","ntthu@ctump.edu.vn","Tạp chí Y học Việt Nam"," ISSN: 1859-1868","1 điểm","01/06/2025","Đánh giá kết quả điều trị u xơ cơ tử cung bằng phẫu thuật nội soi tại Bệnh viện đa khoa tỉnh Bình Dương ","Hồ  Thị Phương Mai, Hồ Thị Thu Hằng, Trần Khánh Nga, Nguyễn Thị Thư, Trần Đức Tuấn, Nguyễn Quốc Thái, Lê Việt Chính","Hồ Thị Phương Mai","7","Tập 551, tháng 6, số 3 - 2025, trang 20-24","https://drive.google.com/open?id=1_lEO3tb-wwP_YEQO3_Bsw_e8kq5N9kHv","","","","","","","",""
"27/12/2025 21:45:54","hmtu@ctump.edu.vn","Tạp chí Y học Việt Nam","1859-1868","1 điểm","14/10/2025","Kết quả điều trị nội nha răng cửa vĩnh viễn có viêm quanh chóp mạn tại Bệnh viện Mắt - Răng Hàm mặt thành phố Cần Thơ","Trương Nguyễn Phương Uyên, Nguyễn Thị Huệ Thu, Biện Thị Bích Ngân, Nguyễn Lệ Uyên, Hoàng Minh Tú","Hoàng Minh Tú","5","Tập 555, Số 3 - Tháng 10 - 2025, trang 42-46","https://drive.google.com/open?id=1GisIrVOn8QYsJV5lDTxtNK6-QfYT9Btv","","","","","","","",""
"27/12/2025 22:05:06","nhauyen@ctump.edu.vn","Tạp chí Y Dược học Quân sự","ISSN 1859 - 0748","1 điểm","06/06/2025","CÁCH YẾU TỐ LIÊN QUAN ĐẾN ĐỘ NẶNG CỦA CƠN HEN PHẾ QUẢN CẤP Ở BỆNH NHI MẮC HEN PHẾ QUẢN TAI BỆNH VIỆN NHI ĐỒNG CẦN THƠ NĂM 2024","Trần Quang Khải, Nguyễn Huỳnh Ái Uyên, Phạm Kiều Anh Thơ, Lê Quang Lượng, Lý Hồng Nhung, Châu Ngọc Anh Thy, Huỳnh Thị Thúy Vy","Huỳnh Thị Thúy Vi","7","Số 6, trang 154-160","https://drive.google.com/open?id=1ZC518FQBpdCnpsOm8AkQP42XHxnnZjVD","","","","","","","",""
"27/12/2025 22:10:23","nnbvi@ctump.edu.vn","Tạp chí Y học Việt Nam","ISSN: 1859-1868","1 điểm","27/01/2025","ĐẶC ĐIỂM KIỂU HÌNH KHÁNG THUỐC CỦA VI KHUẨN LAO TRÊN BỆNH NHÂN LAO PHỔI KHÁNG THUỐC HÀNG 1 TẠI TỈNH BẾN TRE","Trần Thanh Hùng, Trần Đỗ Hùng, Nguyễn Ngọc Bảo Vi , Lương Thị Mỹ Linh, Nguyễn Thị Minh Ngọc, Nguyễn Hồng Ngân","Trần Thanh Hùng","6","Tập 546, số 1, trang249-253","https://drive.google.com/open?id=1p3m6ivwHk0u8EnCiwjFOkyqvtxT-bhtn","","","","","","","",""
"29/12/2025 15:40:07","dtngan@ctump.edu.vn","Tạp chí Y học cộng đồng","2354 - 0613","0.75 điểm","18/09/2025","ỨNG DỤNG KỸ THUẬT CHU VI CHÂM TRONG ĐIỀU TRỊ NHƯỢC CƠ THỂ MẮT: BÁO CÁO CA LÂM SÀNG","Nguyễn Tường Huy, Nguyễn Ngọc Chi Lan","Nguyễn Ngọc Chi Lan","2"," Tập 66, Số CĐ14","https://drive.google.com/open?id=1YwnJPjWBMAuDBeaT4u01tcgn6Kq4Z7Xn","","","","","","","",""
"29/12/2025 15:46:18","dtngan@ctump.edu.vn","Tạp chí Y học Việt Nam","1859-1868","1 điểm","26/08/2025","ĐÁNH GIÁ HIỆU QUẢ LÂM SÀNG CỦA PHÁC ĐỒ ĐÔNG DƯỢC, ĐIỆN CHÂM, TẬP VẬN ĐỘNG TRÊN NGƯỜI BỆNH SAU ĐỘT QUỴ DO NHỒI MÁU NÃO TẠI BỆNH VIỆN ĐA KHOA TỈNH ĐỒNG THÁP NĂM 2024-2025","Lê Minh Hoàng, Huỳnh Thanh Vũ, Đặng Tiến Đăng Khoa, Hoàng Phi Phụng, Nguyễn Vy Thư, Nguyễn Minh Thiện, Huỳnh Anh Kiệt","Huỳnh Anh Kiệt","7","Tập 553, số 3","https://drive.google.com/open?id=1OS8gctBaCAwO_Tp0cTZh_GTuBQIj0Mlx","","","","","","","",""
"29/12/2025 15:50:07","dtngan@ctump.edu.vn","Tạp chí Y Dược học quân sự","1859-0748","1 điểm","25/08/2025","NGHIÊN CỨU XÂY DỰNG TIÊU CHUẨN CƠ SỞ VIÊN NÉN BAO PHIM GLUCOPENTO","Nguyễn Ngọc Chi Lan, Nguyễn Quốc Bình, Nguyễn Hoàng Ngân, Dương Tuyết Ngân","Dương Tuyết Ngân","4","Tập 50 số 8 (2025)","https://drive.google.com/open?id=1Xal4jew5mHyq_IvxmRI7ArViWt0XecEu","","","","","","","",""
"29/12/2025 15:54:36","dtngan@ctump.edu.vn","Tạp chí Y học cộng đồng"," 2354 - 0613","0.75 điểm","11/12/2025","ĐÀO TẠO LIÊN TỤC TRONG Y HỌC CỔ TRUYỀN: THỰC TRẠNG VÀ NHU CẦU TẠI KHU VỰC ĐỒNG BẰNG SÔNG CỬU LONG","Nguyễn Ngọc Anh Thư, Lê Nguyễn Minh Ngọc, Lê Ngọc Diễm, Huỳnh Tiến Vương, Nguyễn Ngọc Chi Lan","Nguyễn Ngọc Chi Lan","5","Tập 66, CĐ23-NCKH","https://drive.google.com/open?id=1G5X63LltuYcwzTJQVZrrLK4F5FXVw8xv","Nguyễn Ngọc Anh Thư (00834), Huỳnh Tiến Vương (00861)","","","","","","",""
"29/12/2025 16:04:25","dtngan@ctump.edu.vn","Tạp chí Giáo dục","2354-0753","1 điểm","24/10/2025","NHẬN THỨC VỀ CHUẨN ĐẦU RA CỦA SV YHCT  TẠI TRƯỜNG ĐẠI HỌC Y DƯỢC CẦN THƠ","Lữ Quốc Vinh, Nguyễn Ngọc Chi Lan, Đặng Tiến Đăng Khoa, Nguyễn Ngọc Anh Thư, Huỳnh Tiến Vương","Lữ Quốc Vinh","5","số đặc biệt 9 ","https://drive.google.com/open?id=1JElFQykaVgbH5KThT0RRynF7WsoBj10n","Đặng Tiến Đăng Khoa (00814) , Nguyễn Ngọc Anh Thư (00834), Huỳnh Tiến Vương (00861)","","","","","","",""
"04/01/2026 15:44:23","nntphuong@ctump.edu.vn","Vietnam Medical Journal"," ISSN: 1859-1868","1 điểm","13/10/2025","Giá trị ApoB/ApoA1 và mối liên quan với tổn thương hẹp động mạch vành ở bệnh nhân đau thắt ngực không ổn định","Trần Khánh Dung, Trần Viết An, Phạm Thị Ngọc Nga, Trần Hồng Ân, Nguyễn Thế Bảo","Trần Viết An","5","Tập 556, Số 2, năm 2025","https://drive.google.com/open?id=1hSf3WbeMeVDrPUVK0vPt8HgONaYcE1hk","","","","","","","",""
"04/01/2026 16:12:26","nntphuong@ctump.edu.vn","Journal of Medical Research "," ISSN: 1859-1868","1 điểm","07/10/2025","Characteristics of the ANRIL rs2383207 Polymorphism and its Association with Lipid Parameters Among Patients with Chronic Coronary Syndrome in Can Tho City","Trần Nguyễn Minh Khoa, Nguyễn Thế Bảo, Trần Viết An","Trần Viết An","3","tập 196, E17(11)-2025","https://drive.google.com/open?id=1QCp3IeM1Lcb0g_5_t9SEJcQiQ8wJBFvH","","","","","","","",""
"05/01/2026 9:22:36","nluyen@ctump.edu.vn","Y học lâm sàng Bệnh viện trung ương Huế","DOI: 10.38103/jcmhch.17.9.5   ","Không thấy ghi nhận điểm","01/12/2025","ỨNG DỤNG HÌNH ẢNH CẮT LỚP CHÙM TIA HÌNH NÓN TRONG CHẨN ĐOÁN VÀ LẬP KẾ HOẠCH ĐIỀU TRỊ GÃY XƯƠNG HÀM TRÊN LE FORT II","Nguyễn Văn Khánh, Võ Huỳnh Trang, Trương Nhựt Khuê","Võ Huỳnh Trang","3","Tập 17, số 9, trang  32 - 38","https://drive.google.com/open?id=1zcqtpwzP0Kqp4_f5nfYpQZcbULEnSiqq","","","","","","","",""
"05/01/2026 20:00:43","lmnhan@ctump.edu.vn","Tạp chí Y học Việt Nam","1859-1868","1 điểm","02/12/2025","Một số yếu tố thực hành phòng chống sâu răng của học sinh Trường Tiểu học Võ Trường Toản","Trần Minh Tiến, Võ Đại Thành, Nguyễn Thanh Mai, Phạm Thanh Phương, Bùi Trần Hoàng Duy, Lê Minh Nhân","Lê Minh Nhân","6","Tập 1, số 2, trang 1-10","https://drive.google.com/open?id=1SsoAzmFvhEnb-t7z5NNNYM_liPpA-621","","","","","","","",""
"06/01/2026 10:43:27","cttnguyen2025@ctump.edu.vn","Tạp chí Thái Nguyên","1859-2171","1 điểm","31/12/2025","ĐÁNH GIÁ CHẤT LƯỢNG BÀI KIỂM TRA THƯỜNG XUYÊN VỚI CÂU HỎI TRẮC NGHIỆM TRỰC TUYẾN THEO MÔ HÌNH LÝ THUYẾT ĐÁP ỨNG CÂU HỎI BA THAM SỐ","Cao Thị Tài Nguyên, Trịnh Minh Thiết","Cao Thị Tài Nguyên","2","230(15), trang 162-169","https://drive.google.com/open?id=1r3b2ipgO0S6ifqy3AJUHVxeJNpq6z5p4","","","","","","","",""
"28/02/2026 14:10:35","hthien@ctump.edu.vn","Tạp chí Y học Việt Nam","Kỷ yếu","1 điểm","25/05/2025","Tỷ lệ và đặc điểm hình ảnh học bệnh nhân thoái hoá khớp gối sớm điều trị tại BV Trường ĐHYD Cần Thơ và một số yếu tố liên quan","Lưu Hồ Bình Yên, Trần Diệu Hiền, Huỳnh Thanh Hiền","Huỳnh Thanh Hiền","","tập 550, số 3, trang 160-165","https://drive.google.com/open?id=16zAresDPCsQRk4rJuWClslz_N5n_iLAM","","Tiếng Việt","","","","","",""
"28/02/2026 14:21:15","hthien@ctump.edu.vn","Tạp chí Y học Việt Nam","Kỷ yếu","1 điểm","30/06/2025","Nghiên cứu đặc điểm, một số yếu tố liên quan và kết quả điều trị bằng Avocado Soybean Unapofiniabled ở bệnh nhân thoái hoá khớp gối nguyên phát tại BV Trường ĐHYD Cần Thơ","Nguyễn Minh Trinh, Huỳnh Thanh Hiền","Huỳnh Thanh Hiền","","Tập 552, số 2, 327-330","https://drive.google.com/open?id=1o48TT4kSwDiJUvS6r51vrkn5YIJ6PBcV","","Tiếng Việt","","","","","",""
"02/03/2026 10:11:39","nvphuong@ctump.edu.vn","Tạp chí Y học Cộng đồng","2354-0613","0.75 điểm","15/01/2026","Thực hành phòng ngừa té ngã ở điều dưỡng tại các bệnh viện tại Thành Phố Hồ Chí Minh, Việt Nam","Lê Thị Nhung, Nguyễn Thị Anh, Lê Kim Tha, Nguyễn Việt Phương, Trần Thị Như Ngọc, Cấn Thị Liên","Nguyễn Thị Anh","6","67, 1, 326-331","https://drive.google.com/open?id=1rEiunvgsjz_8yTlZmdqhxnfsnrZuVR5U","","Tiếng Việt","","","","","",""
"02/03/2026 13:57:15","lmnhan@ctump.edu.vn","Tạp chí Y học Việt Nam","1859-1868","1 điểm","15/01/2026","MỘT SỐ YẾU TỐ THỰC HÀNH PHÒNG CHỐNG SÂU RĂNG CỦA HỌC SINH TRƯỜNG TIỂU HỌC VÕ TRƯỜNG TOẢN","Trần Minh Tiến, Võ Đại Thành, Nguyễn Thanh Mai, Phạm Thanh Phương, Bùi Trần Hoàng Huy, Lê Minh Nhân","Lê Minh Nhân","6","Tập 558, Số 2, trang 361-365","https://drive.google.com/open?id=1DleRm_Shk9rwSv__6uE5T74obgecQW4S","","Tiếng Việt","","","","","",""
"03/03/2026 23:22:50","phdat@ctump.edu.vn","Tạp chí Sức khỏe và Lão hóa","p-ISSN 3093-3080 và e-ISSN 3093-3099 (Tiếng Việt). p-ISSN 3093-3102 và e-ISSN 3093-3110 (Tiếng Anh)","Nhờ Phòng kiểm tra giúp, em xin cám ơn.","27/02/2026","TÌNH HÌNH ĐỀ KHÁNG KHÁNG SINH CỦA MỘT SỐ VI KHUẨN TẠI BỆNH VIỆN ĐA KHOA CÁI NƯỚC NĂM 2023-2024","Nguyễn Chí Nguyễn, Nguyễn Văn Tín, Châu Quốc Lượng, Nguyễn Xuân Duyên, Phan Hoàng Đạt, Võ Thái Dương, Võ Thành Trí, Lê Trung Tín","Nguyễn Chí Nguyễn","8","Tập 2, số 6, trang 114 - 118","https://drive.google.com/open?id=1m0f3URMJIQ2GUCtn1VEBdylKNbIYn7sY","","Tiếng Việt","","","","","",""
"07/03/2026 9:24:30","nvphuong@ctump.edu.vn","Tạp chí Khoa học Điều dưỡng","2615-9589","0.5 điểm","09/02/2026","Correlation of adversity quotient and resilience with professional quality of life among nurses: A cross-sectional study","Nguyễn Thị Thanh Trúc, Nguyễn Văn Tuấn, Nguyễn Thị Thùy Trang, Lê Kim Tha, Nguyễn Hồng Thủy, Phạm Thị Bé Kiều, Lê Thị Kim Chi, Nguyễn Việt Phương","Nguyễn Việt Phương","8","Tập 9 số 1, 134–143","https://drive.google.com/open?id=1wPlpo0hduRikojbyQUhlJ_NVmbAY6Gce","","Tiếng Anh","","","","","",""
"08/03/2026 19:52:37","tthcua@ctump.edu.vn","Tạp chí Y học Việt Nam","1859-1868","1 điểm","02/01/2026","NGHIÊN CỨU ĐẶC ĐIỂM LÂM SÀNG CỦA BỆNH NHÂN VIÊM DA TIẾT BÃ ĐIỀU TRỊ PHỐI HỢP BẰNG ITRACONAZOL VIÊN, KEM TERBINAFIN TẠI BỆNH VIỆN TRƯỜNG Y DƯỢC CẦN THƠ","Nguyễn Thị Thùy Trang, Phạm Thị Bảo Trâm, Phạm Thanh Thảo, Trần Nguyên Khả Vy, Trịnh Thị Hồng Của, Trần Đỗ Hùng","Nguyễn Thị Thùy Trang","6","TẬP 559 - THÁNG 2 - SỐ 1 - NĂM 2026","https://drive.google.com/open?id=1MgxnINlmBSy-BdbSRj9DuLVaDoOkhN0b","","Tiếng Việt","","","","","",""
"09/03/2026 21:00:23","lctru@ctump.edu.vn","Tạp chí Nghiên cứu y học","2354-080X","1 điểm","09/02/2026","Nghiên cứu mối liên quan giữa chỉ số triglyceride - glucose (TyG) và tổn thương thận ở người bệnh tăng huyết áp tại Bệnh Viện Trường Đại Học Y Dược Cần Thơ năm 2024 - 2025","Trần Thị Thu Thảo, Huỳnh Thị Kim Anh, Nguyễn Hồ Vân Anh Trần Nguyễn Thanh Thư, Lê Công Trứ, Hồ Sỹ Kiên","Hồ Sỹ Kiên","6","Tập 2, Số 199, trang 162-171","https://drive.google.com/open?id=1K17h061e1kjP3qeV2H3voBJNTurxCGpV","","Tiếng Việt","","","","","",""
"10/03/2026 14:24:52","lththanh@ctump.edu.vn","Tạp chí Thanh niên","2734-9039","0.75 điểm","01/01/2026","Đánh giá tác động của việc hiểu biết về cơ sở vật chất nhà trường đến thái độ tiết kiệm của sinh viên Y khoa Trường Đại học Y Dược Cần Thơ","Lương Thị Hoài Thanh, Trần Thị Hồng Lê, Lê Chí Nhân, Cao Lương Bình, Nguyễn Thanh Trạng*","Nguyễn Thanh Trạng","5","Số 88, trang 75-78","https://drive.google.com/open?id=1-ZEdGi-89cAt9K6jQDIv0B-R68u2TcL8","","Tiếng Việt","","","","","",""
"13/03/2026 16:17:53","dthong@ctump.edu.vn","Tạp chí Giáo dục","2354-0753","1 điểm","31/12/2025","Lo âu thi cử của sinh viên y khoa Trường Đại học Y Dược Cần Thơ khi thi kết thúc tiền lâm sàng I: mức độ và các yếu tố liên quan ","Đặng Thanh Hồng, Phan Lý Hiếu, Nguyễn Gia Thịnh, Tô Thị Kim Quyên, Tô Thị Bích Sơn","Đặng Thanh Hồng","5","25(số đặc biệt 11), 407-411","https://drive.google.com/open?id=1CTxUgrJDZNft4JGfu7l87tJrkyrQxxWC","","Tiếng Việt","","","","","",""
"13/03/2026 20:32:31","dthong@ctump.edu.vn","PROCEEDINGS OF 5TH HANOI FORUM ON PEDAGOGICAL AND EDUCATIONAL SCIENCES","Kỷ yếu","Kỷ yếu có phản biện","03/10/2025","THE CURRENT STATE OF PRECLINICAL MEDICAL SKILLS TRAINING AMONG MEDICAL STUDENTS AT CAN THO UNIVERSITY OF MEDICINE AND PHARMACY","Dang Thanh Hong, Nguyen Minh Phuong, Le Duc Ngoc","Dang Thanh Hong","3","Volume 4, trang 87-105","https://drive.google.com/open?id=1uHtB_wozacrstbe9MQzerHKdMjrwMyQs, https://drive.google.com/open?id=1WsC8zaaAsgi-uoElgIMIMMMJy1A_w59-","","Tiếng Anh","","","","","",""
"18/03/2026 12:13:41","nntphuong@ctump.edu.vn","	 Tạp chí Y học Việt Nam","1859-1868","1 điểm","01/01/2026","Mức độ tổn thương động mạch vành theo thang điểm Gensini và các yếu tố liên quan ở bệnh nhân nhồi máu cơ tim cấp tại Cần Thơ","Ong Văn Phát, Ngô Hoàng Toàn, Phạm Thị Ngọc Nga, Phạm Thanh Phong, Trần Viết An","Trần Viết An","5","Tập 558, Số 2, Trang 343-347","https://drive.google.com/open?id=1oaOiIlPVw0jTDkyqpUjy5a2gqo4S4hUx","","Tiếng Việt","","","","","",""
"16/03/2026 20:28:19","lpthien@ctump.edu.vn","Tạp chí Y học Cộng đồng","2354-0613","1 điểm","05/03/2026","THỰC TRẠNG BỆNH LÝ ĐẠI TRÀNG Ở NHỮNG NGƯỜI KIỂM TRA SỨC KHỎE TẠI BỆNH VIỆN TRƯỜNG ĐẠI HỌC Y DƯỢC CẦN THƠ NĂM 2023-2024","Huỳnh Hiếu Tâm, Võ Nhật Khoa, Lương Thị Thúy Loan, Đặng Như Lan, Trần Y Đức, Thái Thị Hồng Nhung","Thái Thị Hồng Nhung","6","Tập 67, số CĐ2-NCKH, trang 339-343","https://drive.google.com/open?id=1nHZGo9nYXb5xrKE5M8M5FT2jSHTnYRSL","","Tiếng Việt","","","","","",""
"18/03/2026 13:35:55","nhlong@ctump.edu.vn","Tạp chí Y Học Việt Nam","kỷ yếu","1 điểm","20/05/2025","TỶ LỆ VÀ ĐẶC ĐIỂM HÌNH ẢNH HỌC Ở BỆNH NHÂN THOÁI HÓA KHỚP GỐI SỚM ĐIỀU TRỊ TẠI KHOA KHÁM BỆNH BỆNH VIỆN TRƯỜNG ĐẠI HỌC Y DƯỢC CẦN THƠ VÀ MỘT SỐ YẾU TỐ LIÊN QUAN","Lưu Hồ Bình Yên, Trần Diệu Hiền, Huỳnh Thanh Hiền","Huỳnh Thanh Hiền","","550, số 03, 160-165","https://drive.google.com/open?id=1rdYJPuO6rzFm_px5XAUIcnQOrVbVj2rF","","Tiếng Việt","","","","","",""
"18/03/2026 13:39:29","nhlong@ctump.edu.vn","Tạp chí Y học Việt Nam","Tạp chí Y học Việt Nam","1 điểm","12/06/2025","TÌNH HÌNH VÀ MỘT SỐ YẾU TỐ LIÊN QUAN TĂNG ACID URIC MÁU Ở BỆNH NHÂN THOÁI HÓA KHỚP GỐI NGUYÊN PHÁT TẠI BỆNH VIỆN ĐA KHOA THỐNG NHẤT ĐỒNG NAI","Dương Hoài Vũ, Huỳnh Thanh Hiền","Dương Hoài Vũ","","551, số 2, 225-229","https://drive.google.com/open?id=1id7SkW9nfDWKgN7wgItxpeRCx-a6a7AF","","Tiếng Việt","","","","","",""
"18/03/2026 20:06:50","ttchieu@ctump.edu.vn","Tạp chí Y học Việt Nam","1859-1868","1 điểm","15/09/2025","ĐA HÌNH GEN, NỒNG ĐỘ PROTEIN MMP-9 VÀ ĐẠM NIỆU Ở BỆNH NHÂN ĐÁI THÁO ĐƯỜNG TÍP 2","Trần Đặng Đăng Khoa1, Nguyễn Thanh Liêm1, Lương Thanh Điền1, Trương Thị Chiêu1, Nguyễn Thị Kim Tường1, Huỳnh Văn Lộc1","Huỳnh Văn Lộc","6","TẬP 554, SỐ 3, trang 230-234","https://drive.google.com/open?id=1oA-I22SGyn34CX1cxQBCpjZNcaJhGHJ7","","Tiếng Việt","","","","","",""
"18/03/2026 22:49:08","tdminh@ctump.edu.vn","Tạp chí Y học Việt Nam","1859-1868","1 điểm","24/07/2025","CO GIẬT SAU ĐỘT QUỴ NÃO: TÌNH HÌNH VÀ MỘT SỐ YẾU TỐ NGUY CƠ","Trần Duy Minh, Nguyễn Văn Khoe, Huỳnh Văn Hiệp","Trần Duy Minh","3","Tập 552, số 2, trang 124-128","https://drive.google.com/open?id=1Noe9NEo6Cvhl62vhLh7pdRn9-zJu63oH","","Tiếng Việt","","","","","",""
"19/03/2026 14:18:22","nhpdai@ctump.edu.vn","Tạp chí Khoa học và Công nghệ","3030-4148","0.25 điểm","30/01/2026","DIGITAL TRANSFORMATION IN MEDICAL EDUCATION: A CASE STUDY OF CAN THO UNIVERSITY OF MEDICINE AND PHARMACY ","Nguyễn Hữu Phước Đại, Dương Quốc Thanh, Nguyễn Thanh Hùng, Nguyễn Hoàng Thái, Huỳnh Đăng Khoa","Nguyễn Hữu Phước Đại","5","Tập 9, trang 37-45","https://drive.google.com/open?id=1E1c0O9Suv4ZfGM4_6LVDNCThUeMCHUec","","Tiếng Anh","","","","","",""
"19/03/2026 17:46:49","qvtphat@ctump.edu.vn","Tạp chí Y Học Việt Nam","1859-1868","1 điểm","09/03/2026","ĐẶC ĐIỂM LÂM SÀNG, XÉT NGHIỆM VÀ SO SÁNH KHẢ NĂNG PHÁT HIỆN SỎI THẬN GIỮA CÁC PHƯƠNG TIỆN HÌNH ẢNH HỌC","Quách Võ Tấn Phát, Đàm Văn Cương","Quách Võ Tấn Phát","2","Tập 559, số 2, tr 22-26","https://drive.google.com/open?id=1izV1aqmmNWJ5Vhwp-wE6xUFPT_kerYXC","","Tiếng Việt","","","","","",""
"19/03/2026 20:09:39","nhtoan@ctump.edu.vn","Tạp chí Nghiên cứu Y học","2354-080X","1 điểm","28/01/2026","Tiến bộ mới trong điều trị tăng huyết áp kháng trị","Trần Kim Sơn, Nguyễn Thiên Thạch","Trần Kim Sơn","2","198(1), 323-330","https://drive.google.com/open?id=1ECOZYzMa72jPOUzEQjoR9YRzxT4TruBW","","Tiếng Việt","","","","","",""
"19/03/2026 20:13:04","nhtoan@ctump.edu.vn","Tạp chí Y học Việt Nam","1859-1868","1 điểm","02/02/2026","MỨC ĐỘ TỔN THƯƠNG ĐỘNG MẠCH VÀNH THEO THANG ĐIỂM GENSINI VÀ CÁC YẾU TỐ LIÊN QUAN Ở BỆNH NHÂN NHỒI MÁU CƠ TIM CẤP TẠI CẦN THƠ","Ong Văn Phát, Ngô Hoàng Toàn, Phạm Thị Ngọc Nga, Phạm Thanh Phong, Trần Viết An","Trần Viết An","5","558(2)","https://drive.google.com/open?id=1DceMy6egpP6Y1SHH24lICEzJ_c9n8Hqq","","Tiếng Việt","","","","","",""
"19/03/2026 20:16:43","nhtoan@ctump.edu.vn","Tạp chí Nghiên cứu Y học","2354-080X","1 điểm","28/01/2026","Khảo sát tỷ lệ biến cố tim mạch trong vòng sáu tháng sau xuất viện và một số yếu tố liên quan ở bệnh nhân nhồi máu cơ tim cấp","Ngô Hoàng Toàn, Trần Kim Sơn","Trần Kim Sơn","2","198(1), 673-680","https://drive.google.com/open?id=18_PC_Lhe_48qWnubXc-ApEFXiK_6C31N","","Tiếng Việt","","","","","",""
"19/03/2026 22:34:51","ttchieu@ctump.edu.vn","ĐA HÌNH GEN, NỒNG ĐỘ PROTEIN MMP-9 VÀ ĐẠM NIỆU Ở BỆNH NHÂN ĐÁI THÁO ĐƯỜNG TÍP 2","1859-1868","1 điểm","15/09/2025","Tạp chí Y học Việt Nam ","Trần Đặng Đăng Khoa1, Nguyễn Thanh Liêm1, Lương Thanh Điền1, Trương Thị Chiêu1, Nguyễn Thị Kim Tường1, Huỳnh Văn Lộc1","Huỳnh Văn Lộc","6","Tập 554 - Số 3, trang 230-234","https://drive.google.com/open?id=18hyzckNrcSko8Db6uYodSkVFvE7fpnvw","","Tiếng Việt","","","","","",""
"19/03/2026 22:43:36","phdat@ctump.edu.vn","Tạp chí Y học cộng đồng","2354-0613","1 điểm","24/02/2026","MỘT SỐ ĐẶC ĐIỂM LÂM SÀNG NẤM DA TRÊN NGƯỜI BỆNH ĐẾN KHÁM TẠI BỆNH VIỆN TRƯỜNG ĐẠI HỌC Y DƯỢC CẦN THƠ","Nguyễn Thị Thảo Linh, Trần	Quang Phục, Lê Trần Anh, Phan Hoàng Đạt, Huỳnh Gia Bảo","Nguyễn Thị Thảo Linh","5","Tập 67, số 4, trang 209-213","https://drive.google.com/open?id=1vqQULhlLknRNkT7UwQbB1eYrqgtilG55","","Tiếng Việt","","","","","",""
"19/03/2026 22:47:12","phdat@ctump.edu.vn","Tạp chí Y học cộng đồng","2354-0613","1 điểm","24/02/2026","ĐẶC ĐIỂM DỊCH TỄ VÀ MỘT SỐ YẾU TỐ LIÊN QUAN ĐẾN NẤM DA TRÊN NGƯỜI BỆNH ĐẾN KHÁM TẠI BỆNH VIỆN TRƯỜNG ĐẠI HỌC Y DƯỢC CẦN THƠ","Nguyễn Thị Thảo Linh,	Trần Quang Phục,	Lê Trần Anh, Phan Hoàng Đạt, Huỳnh Gia Bảo","Nguyễn Thị Thảo Linh","5","Tập 67, số 4, trang 190-195","https://drive.google.com/open?id=1KijBlGkC-GPoLGMWDOl_KangF_0ra9um","","Tiếng Việt","","","","","",""
"20/03/2026 9:58:15","ttnle@ctump.edu.vn","tạp chí Y học Việt Nam","1859-1868","1 điểm","09/01/2026","TÌNH HÌNH ĐỒNG NHIỄM EPSTEIN-BARR VIRUSVỚI HELICOBACTER PYLORI CỦA NGƯỜI DÂNTẠI THÀNH PHỐ CẦN THƠ NĂM 2025","Đào Thanh1,3,Trần Thị Như Lê1,2, Nguyễn Thị Như Mai1,Bùi Hoài Niệm1, Đinh Xuân Hải3, Huỳnh Quang Minh4,Nguyễn Văn Khoa5, Trần Công Minh6, Đinh Thị Hồng Phúc","Đào Thanh","9","TẬP 560-THÁNG 3 -SỐ 1, trang 151-155","https://drive.google.com/open?id=1Ieu9w-ZBR1VeIt4VFfhDosgxES8lEz-J","","Tiếng Việt","","","","","",""
"20/03/2026 11:10:18","hmtu@ctump.edu.vn","Tạp chí Y học Việt Nam","1859- 1868","1 điểm","28/11/2025","BÁO CÁO CASE LÂM SÀNG: ĐẶT TÚI NGỰC LẦN 2 THEO ĐƯỜNG MỔ HÌNH OMEGA NGƯỢC VÀ BÓC TÁCH MÔ TUYẾN HÌNH NAN HOA MÔ TUYẾN VÚ Ở BỆNH NHÂN TỰ VỠ TÚI NGỰC","Nguyễn Hoàng Nhân, Lâm Hoàng Phương, Võ Kế Đạt, Hoàng Minh Tú, Nguyễn Trung Hiếu, Nguyễn Hồng Nhung, Phạm Trịnh Quốc Khanh","Phạm Trịnh Quốc Khanh","7","Tập 558, Số 1 tháng 01 năm 2026, trang 351-354","https://drive.google.com/open?id=1hvThgtlDhJOBq0bn2LvU7O88XheAtyNQ","Xuất bản tháng 01 năm 2026","Tiếng Việt","","","","","",""
"20/03/2026 11:14:42","hmtu@ctump.edu.vn","Tạp chí Y học Việt Nam","1859-1868","1 điểm","28/01/2026","KẾT QUẢ MỘT TRƯỜNG HỢP BỤNG TO BẤT THƯỜNG ĐƯỢC PHẪU THUẬT TẠO HÌNH THÀNH BỤNG","Nguyễn Trung Hiếu, Phạm Trịnh Quốc Khanh, Nguyễn Hồng Nhung, Hoàng Minh Tú","Hoàng Minh Tú","4","Tập 558, số 1, tháng 01 năm 2026, trang 363-367","https://drive.google.com/open?id=138T4KfpnOkLBKJh3jniyU4sEoaFe378f","","Tiếng Việt","","","","","",""
"20/03/2026 11:18:18","hmtu@ctump.edu.vn","Tạp chí Y học Việt Nam","1859-1868","1 điểm","03/02/2026","NGHIÊN CỨU ĐẶC ĐIỂM GIẢI PHẪU NGUYÊN ỦY, ĐƯỜNG ĐI VÀ KÍCH THƯỚC ĐỘNG MẠCH MÔNG DƯỚI ỨNG DỤNG TRONG THIẾT KẾ VẠT DA CƠ","Hoàng Minh Tú, Lê Thị Ngọc Trang, Phạm Việt Mỹ","Phạm Việt Mỹ","3","Số 3, tháng 01 năm 2026, trang 367-370","https://drive.google.com/open?id=1Gw64yXhlcNyKrP0m6fBx6R2HV1aYSDUn","https://scholar.google.com/citations?view_op=view_citation&hl=en&user=biWD31sAAAAJ&sortby=pubdate&authuser=1&citation_for_view=biWD31sAAAAJ:QIV2ME_5wuYC","Tiếng Việt","","","","","",""
"20/03/2026 18:30:59","tnkhue@ctump.edu.vn","Tạp chí Răng Hàm Mặt Việt Nam","ISSN:3093-3048","chưa có điểm","01/12/2025","Cấy chuyển răng tự thân: báo cáo lâm sàng 02 trường hợp lâm sàng","Trương Nhựt Khuê, Nguyễn Hoàng Nam, Nguyễn Thành Nam, Trần Tú Phương","Trương Nhựt Khuê","4","62-70","https://drive.google.com/open?id=1wlJSJU9sykUNQ2tFVJfjvi4hX_jQ43_i","khai báo lần đầu trên hệ thống","Tiếng Việt","","","","","",""
"21/03/2026 10:51:06","pmquan@ctump.edu.vn","Tạp chí Nghiên cứu Y học","2354-080X","1 điểm","31/10/2025","D-dimer và các yếu tố liên quan đến sốc nhiễm khuẩn ở trẻ từ 2 tháng tuổi đến 15 tuổi mắc nhiễm khuẩn huyết tại Cần Thơ năm 2024 - 2025","Trần Quang Khải, Nguyễn Đức Trí, Phạm Tưởng Thiên Ngân, Đặng Lê Minh Ngọc, Trần Ngọc Diệu, Mai Mỹ Duyên, Phạm Minh Quân","Phạm Minh Quân","7","Tập 195, số 10","https://drive.google.com/open?id=1cmQfgTSTfIlc4kNre1YgdJcJkJ70UM2Q","","Tiếng Việt","","","","","",""
"21/03/2026 10:57:54","pmquan@ctump.edu.vn","Tạp chí Y Dược học Quân sự","1859-0748","0.75 điểm","28/12/2025","ĐÁNH GIÁ KẾT QUẢ ĐIỀU TRỊ THỞ ÁP LỰC DƯƠNG LIÊN TỤC QUA MŨI Ở TRẺ VIÊM PHỔI MẮC PHẢI CỘNG ĐỒNG CÓ SUY HÔ HẤP TẠI CẦN THƠ NĂM 2025","Phạm Minh Quân, Bành Thị Ngọc Trúc, Đỗ Tiến Anh, Nguyễn Gia Bảo, Phan Hồng Ngọc, Trần Quang Khải","Trần Quang Khải","6","Tập 50, số 9","https://drive.google.com/open?id=1XbviwWC_JNNekz1N8edfRKZo617fOXwS","","Tiếng Việt","","","","","",""
"21/03/2026 22:54:02","tmamai@ctump.edu.vn","Tạp chí Phát triển Khoa học và Công nghệ: Khoa học Sức khỏе","ISSN 2734-9446","0.25 điểm","29/12/2025","Chiến lược điều trị bệnh Graves trẻ em: hiện tại và triển vọng tương lai","Trần Công Lý, Nguyễn Minh Phương, Bùi Quang Nghĩa, Lê Hoàng Mỷ, Trương Minh Ánh Mai","Nguyễn Minh Phương","5","Tập 6, số 2, trang 768-779","https://drive.google.com/open?id=1Q8NZ6fkdA-ZXHlwDAh4d7I_AiNQ0mrDY","","Tiếng Việt","","","","","",""
"22/03/2026 6:44:46","ntbhai@ctump.edu.vn","Tạp chí Y học Dự phòng","1859-1868","1 điểm","28/08/2025","ĐẶC ĐIỂM KHÁNG KHÁNG SINH VÀ MỐI LIÊN QUAN GIỮA CHỈ SỐ MIC VỚI ENZYME CARBAPENEMASE CỦA KLEBSIELLA PNEUMONIAEKHÁNG CARBAPENEM TẠI BỆNH VIỆN ĐA KHOA THÀNH PHỐ CẦN THƠ, 2024 - 2025 ","Nguyễn Thị Bé Hai, Trần Đình Bình, Nguyễn Dương Hiển, Lê Thúy An, Dương Phước Trung, Ngô Viết Quỳnh Trâm","Ngô Viết Quỳnh Trâm","6","Tập 35, số 6-2025, trang 92-100","https://drive.google.com/open?id=1Ii81f1xNuaYUqN-ZtosDHnB2Cf2kly5_","","Tiếng Việt","","","","","",""
"22/03/2026 16:10:36","nhthiep@ctump.edu.vn","https://jns.vn/index.php/journal/article/view/1185/1038","ournal of Nursing Science - Vol. 09 - No.01(2026)","1 điểm","06/01/2026","Relationship between learning attitude, self-efficacy, and caring behavior among nursing students in selected universities in Vietnam","Nguyễn Hồng Thiệp","Nguyễn Hồng Thiệp","1","Tập 1, số 1, trang 17-28","https://drive.google.com/open?id=1qt0XIJuGQszx9vHC_A1fkVKwJm3hTy9M","","Tiếng Anh","","","","","",""
"22/03/2026 16:14:18","lmkha@ctump.edu.vn","Tạp chí Giáo dục và Xã hội","ISSN: 1859 - 3917","0.5 điểm","25/02/2026","Kỹ năng tự học của sinh viên Trường Đại học Y Dược Cần Thơ: Thực trạng và Biện pháp","Lê Minh Kha, Phạm Thị Thái Nguyên","Lê Minh Kha","2","Số Đặc biệt tháng 2/2026, trang 204-209","https://drive.google.com/open?id=1BD0nq9Xuxw10jxQJ00gBqCmjWjyn5V9c, https://drive.google.com/open?id=1qYDYJ2hTK59SFLxBawKjbeiTehJLxIAB","","Tiếng Việt","","","","","",""
"22/03/2026 20:24:45","dbloan@ctump.edu.vn","Tạp chí Y học Việt Nam","1859-1868","1 điểm","28/04/2025","NGHIÊN CỨU ĐẶC ĐIỂM LÂM SÀNG, CẬN LÂM SÀNG VÀ MỘT SỐ YẾU TỐ LIÊN QUAN Ở BỆNH NHÂN LIỆT CHU KỲ DO HẠ KALI MÁU TẠI BỆNH VIỆN ĐA KHOA TRUNG ƯƠNG CẦN THƠ TỪ NĂM 2023 ĐẾN NĂM 2025","Phan Huỳnh Thy Khuê, Nguyễn Thế Luân, Lê Văn Minh","Phan Huỳnh Thy Khuê","3","Tập 549, số 2, trang 236 - 240","https://drive.google.com/open?id=1xBKQFViDmcNcIjPKbNnz5iH9zn3TrOCC","","Tiếng Việt","","","","","",""
"22/03/2026 20:29:24","dbloan@ctump.edu.vn","Tạp chí Y học Việt Nam","1859-1868","1 điểm","03/02/2026","NGHIÊN CỨU TỈ LỆ VÀ CÁC YẾU TỐ NGUY CƠ CỦA NHỒI MÁU NÃO TÁI DIỄN TẠI BỆNH VIỆN ĐA KHOA TRUNG ƯƠNG CẦN THƠ","Lê Thị Thu Trang, Lê Văn Minh","Lê Văn Minh","2","Tập 558, số 3, trang 223 - 226","https://drive.google.com/open?id=1RhA5_OcdwMfjGnKTy7jQpXw-GDvygeuK","","Tiếng Việt","","","","","",""
"22/03/2026 23:10:11","nhhon@ctump.edu.vn","Tạp chí Y học Việt Nam","ISSN: 1859-1868","1 điểm","09/02/2026","ĐẶC ĐIỂM MÔ BỆNH HỌC U CƠ TUYẾN, POLYP TÚI MẬT VÀ ĐÁNH GIÁ KẾT QUẢ ĐIỀU TRỊ BẰNG PHẪU THUẬT CẮT TÚI MẬT NỘI SOI TẠI BỆNH VIỆN TRƯỜNG ĐẠI HỌC Y DƯỢC CẦN THƠ NĂM 2023-2025","Nguyễn Hoàng Hơn, Nguyễn Văn Lâm, La Văn Phú, Nguyễn Văn Luân, Nguyễn Văn Tuấn, Đặng Hồng Quân, Mai Văn Đợi, Nguyễn Văn Hiên, Nguyễn Khắc Nam, Phạm Văn Năng","Nguyễn Hoàng Hơn","10","Tập 559, số 1,  trang 38 - 42","https://drive.google.com/open?id=1XEoX-sP67V3fujIa5zKvyWmwd2Zizn2F","kỷ yếu trong nước Ngoài Trường (chưa có trong danh sách được ghi nhận) ","Tiếng Việt","","","","","",""
"23/03/2026 10:42:57","lqtrung@ctump.edu.vn","Tạp chí Y học Việt Nam","1859-1868","1 điểm","01/01/2026","Nghiên cứu giá trị dự đoán của Guy’s stone score và S.T.O.N.E nephrolithometry score trong lấy sỏi thận qua da đường hầm nhỏ dưới hướng dẫn siêu âm kết hợp C-arm","Lê Quang Trung, Trần Huỳnh Tuấn, Quách Võ Tấn Phát, Nguyễn Việt Thu Trang, Đàm Văn Cương ","Đàm Văn Cương","5","Tập 558, số 1, trang 325 - 329","https://drive.google.com/open?id=1i0LSGtOuhDzZjI_BWg8bWblUsETAl_iv","","Tiếng Việt","","","","","",""
"23/03/2026 11:12:35","tknguyen@ctump.edu.vn","Tạp chí Tai Mũi Họng Việt Nam","1859-3704","1 điểm","05/07/2025","Báo cáo ca lâm sàng áp xe ngoài màng cứng, viêm xương trán và Pott’s Puffy Tumor do biến chứng viêm xoang","Trần Khôi Nguyên, Lâm Huyền Trân, Nguyễn Thị Ngọc Liên","Trần Khôi Nguyên","3","Tập 70, số 70, trang 19-24","https://drive.google.com/open?id=14i61obDfdvAoiXCicHkiHh37--uuxXPT","","Tiếng Việt","","","","","",""
"23/03/2026 11:18:55","tknguyen@ctump.edu.vn","Tạp Chí Y Học Cộng Đồng","2354-0613","1 điểm","24/04/2025","Khảo sát một số đặc điểm lâm sàng và cấu trúc trong khoang mũi trên bệnh nhân viêm mũi xoang mạn tính","Trần Khôi Nguyên, Nguyễn Triều Việt, Lại Khôi Nguyên","Trần Khôi Nguyên","3","Tập 66, số 3, năm 2025, trang 170-172","https://drive.google.com/open?id=16Z_rhyOpMtUREusLLPXx1U3WkutEkbUd","","Tiếng Việt","","","","","",""
"23/03/2026 11:22:42","tknguyen@ctump.edu.vn","Tạp chí Y Dược Học Cần Thơ","2354-1210","0.5 điểm","25/02/2025","Báo cáo ca lâm sàng ứng dụng Corticosteroid liều cao trong điều trị liệt dây thần kinh mặt sau chấn thương gãy xương thái dương","Trần Khôi Nguyên, Nguyễn Triều Việt, Nguyễn Anh Tuấn, Trần Minh Hạnh, Nguyễn Thị Mỹ Hạnh, Nguyễn Ngọc Châu","Trần Khôi Nguyên","5","Tạp chí Y Dược Học Cần Thơ, số 84, năm 2025, trang 170-173, ","https://drive.google.com/open?id=1uZTYol_ColHJld9ZESbbEDVoocM_xeZr","","Tiếng Việt","","","","","",""
"23/03/2026 11:25:35","tknguyen@ctump.edu.vn","Tạp chí Y Học Việt Nam","1859-1868","1 điểm","14/03/2025","Đánh giá hiệu quả vá nhĩ qua nội soi bằng các loại vật liệu ghép khác nhau","Trần Khôi Nguyên, Nguyễn Triều Việt, Đỗ Hội","Nguyễn Triều Việt","3","Tập 548, số 2, 224-229","https://drive.google.com/open?id=1s0ZA4Nf6v7LMf6CrZmzWqnKWT2cAnNRN","","Tiếng Việt","","","","","",""
"23/03/2026 11:28:55","tknguyen@ctump.edu.vn","Tạp chí Y Học Cộng Đồng","2354-0613","1 điểm","20/04/2025","A very rare case of fish bone in submandibular salivary  gland causing inflammation_ a case report","Trần Khôi Nguyên, Nguyễn Triều Việt, Trần Minh Hạnh","Trần Khôi Nguyên","3","Tập 66, trang 34-37","https://drive.google.com/open?id=1_ZK3_UitjWKt2ElgLh1UssiXigda5Bxz","","Tiếng Anh","","","","","",""
"23/03/2026 16:21:32","nltty@ctump.edu.vn","Tạp chí Y học Việt Nam","Tạp chí Y học Việt Nam có mã số ISSN: 1859-1868","1 điểm","16/03/2026","THỰC TRẠNG TUÂN THỦ ĐIỀU TRỊ THUỐC KHÁNG VI RÚT (ARV) VÀ MỘT SỐ YẾU TỐ LIÊN QUAN Ở NGƯỜI BỆNH HIV/AIDS TUỔI 18–39 TẠI XÃ GIỒNG RIỀNG, TỈNH AN GIANG","Nguyễn Duy Trinh, Nguyễn Lan Thùy Ty, Huỳnh Văn Tiền","Huỳnh Văn Tiền","3","Tập 560 Số 1 (2026), trang 257-262","https://drive.google.com/open?id=14Ox7VGVM9ZQr4nD2UazX7kek9zjuxrcu","","Tiếng Việt","","","","","",""
"23/03/2026 16:30:09","nltty@ctump.edu.vn","Tạp chí Y học Việt Nam","Tạp chí Y học Việt Nam có mã số ISSN: 1859-1868","1 điểm","02/02/2026","ĐẶC ĐIỂM TUÂN THỦ ĐIỀU TRỊ THUỐC KHÁNG VI RÚT Ở NGƯỜI BỆNH HIV/AIDS TỪ 40 TUỔI TRỞ LÊN ĐANG ĐIỀU TRỊ NGOẠI TRÚ TẠI XÃ GIỒNG RIỀNG, TỈNH AN GIANG","Nguyễn Duy Trinh, Nguyễn Lan Thùy Ty, Huỳnh Văn ","Huỳnh Văn Tiền","3","TẬP 558 - THÁNG 1 - SỐ 2 - NĂM 2026, trang 368-372","https://drive.google.com/open?id=15LEGqx4vA74jU8vSAyPBO8GKZMNPc5yT","","Tiếng Việt","","","","","",""
"23/03/2026 16:58:36","nthithuytrang@ctump.edu.vn","Tạp chí Y học Việt Nam","1859-1868","1 điểm","09/02/2026","Nghiên cứu đặc điểm lâm sàng của bệnh nhân viêm da tiết bã điều trị phối hợp bằng itraconazol viên, kem terbinafin tại Bệnh viện Trường Y ","Nguyễn Thị Thùy Trang","Trần Đỗ Hùng","6","Tập 559, số 1, trang 273-276","https://drive.google.com/open?id=1FnhE18KK7_hKCD3kM1rJG9yoW9m5i18l","","Tiếng Việt","","","","","",""
"23/03/2026 18:34:58","tkdinh@ctump.edu.vn","Tạp chí Y học Việt Nam","mã số ISSN: 1859-1868","1 điểm","16/09/2025","KẾT QUẢ LÂM SÀNG NGẮN HẠN CỦA MÃO SỨ ZIRCONIA ĐA LỚP  TRONG PHỤC HÌNH RĂNG CỐI LỚN DỰA  TRÊN CÔNG NGHỆ CAD/CAM VÀ QUÉT TRONG MIỆNG ","Nguyễn Đức Tâm, Võ Huỳnh Trang,  Trầm Kim Định, Nguyễn Thị Kim Ngọc","Nguyễn Đức Tâm",""," Tập 554 - Tháng 9 - Số 3, trang 102-107","https://drive.google.com/open?id=1xHc9BVKLZcgCWwQMpBWUEGK5T9MgFOSw","","Tiếng Việt","","","","","",""
"24/03/2026 14:58:21","btttam@ctump.edu.vn","Tạp chí khoa học giáo dục Việt Nam","ISSN 2615-8957","0.75 điểm","20/02/2026","Thực trạng hoạt động đào tạo trình độ thạc sĩ tại Trường Đại học Y Dược Cần Thơ","Bùi Thị Thanh Tâm, Cao Ngọc Báu","Cai Ngọc Báu","2","Tập 22, số 02, trang 101-110","https://drive.google.com/open?id=18Sg5Ne9bpnB900wEnhv3LZ3_lo9T5452","","Tiếng Việt","","","","","",""
"25/03/2026 3:47:18","pttnguyen@ctump.edu.vn","Tạp chí Giáo dục và Xã hội","ISSN: 1859-3917","0.5 điểm","25/02/2026","Kỹ năng tự học của sinh viên Trường Đại học Y Dược Cần Thơ: thực trạng và biện pháp - Self-study skills at can tho university of medicine and pharmacy: Reality and proposed measures","Lê Minh Kha, Phạm Thị Thái Nguyên","Lê Minh Kha","2","Số Đặc biệt tháng 2/2026, trang 204-209","https://drive.google.com/open?id=1PiHW1m3qQ9HO52L192nlUStB68yycJfC, https://drive.google.com/open?id=10KiBY5EpEOBb-re0nPoPn5i61HWHQBor","Lê Minh Kha - 00875, Phạm Thị Thái Nguyên - 00828","Tiếng Việt","","","","","",""
"25/03/2026 10:24:49","lttai@ctump.edu.vn","Tạp chí y học Việt Nam","1859 - 1868","1 điểm","02/12/2025","Kết quả điều trị sỏi thận bằng nội soi tán sỏi qua da tại Bệnh viện Ninh Thuận","Lê Thành Tài, Lê Huy Thạch, Đàng Quốc Phương, Lê Quốc Thắng","Lê Thành Tài","5","Tập 558, số 3, trang 252-257","https://drive.google.com/open?id=1CXQEIKrPMNRhlQ8GXHrwN6f_z8dRQbN_","","Tiếng Việt","","","","","",""
"25/03/2026 10:29:40","lttai@ctump.edu.vn","Tạp chí Y học Việt Nam","1859 - 1868","1 điểm","03/02/2026","Thực trạng công tác giáo dục chính trị tư tưởng cho đoàn viên, sinh viên và một số yếu tố liên quan tại Trường Đại học Y Dược Cần Thơ năm 2023","Lê Thành Tài, Huỳnh Văn Trương, Phạm Trần Nam, Nguyễn Thanh Hải, Lê Huy Thạch","Lê Thành Tài","5","Tập 558, số 3,trang 116-120","https://drive.google.com/open?id=1dkKGUrRJkHsldOWdtBKhOJuk-fI_-mZd","","Tiếng Việt","","","","","",""
"25/03/2026 10:41:05","lttai@ctump.edu.vn","Tạp chí y học Việt Nam","Tạp chí Y học Việt Nam","1 điểm","16/03/2026","Đánh giá tình trạng rối loạn điện giải ở bệnh nhân xơ gan tại Bệnh viện Ninh Thuận năm 2024","Lê Thành Tài, Lê Huy Thạch, Trần Ngọc Thịnh, Nguyễn Vũ Mai Khanh, Võ Văn Cẩn, Tài Thụy Ánh Châu","Lê Thành Tài","6","Tập 560, số 1, trang 376 - 381","https://drive.google.com/open?id=1gvL_Wbd1Bh1lc30kvKb3uJ0jY-xGDVVN","","Tiếng Việt","","","","","",""
"25/03/2026 10:48:36","lttai@ctump.edu.vn","Tạp chí Y học Việt Nam","1859-1868","1 điểm","02/12/2025","Kết quả điều trị sỏi thận bằng nội soi tán sỏi qua da tại Bệnh viện Ninh Thuận","Lê Thành Tài, Lê Huy Thạch, Đàng Quốc Phương, Nguyễn Nhật Huy, Lê Quốc Thắng","Lê Huy Thạch","5","Tập 556, số 1, trang 334-338","https://drive.google.com/open?id=16-hdKYpq5HYvxBlFw7Kl812I33cJCzdQ","","Tiếng Việt","","","","","",""
"25/03/2026 11:04:32","lttai@ctump.edu.vn","Tạp chí y học Việt Nam","1859 - 1868","1 điểm","03/02/2026","Đặc điểm lâm sàng, cận lâm sàng và đánh giá kết quả điều trị vỡ giãn tĩnh mạch thực quản bằng thắt vòng cao su ở bệnh nhân xơ gan tại Bệnh viện Đa khoa Ninh Thuận năm 2025","Lê Thành Tài, Lê Huy Thạch, Trần Ngọc Thịnh, Nguyễn Vũ Mai Khanh, Võ Văn Cẩn, Tài Thụy Ánh Châu","Lê Thành Tài","6","Tập 558, số 3, trang 252- 257","https://drive.google.com/open?id=134lLcg62T-8Wyqwe-uwVf_SYa1TVhSx3","","Tiếng Việt","","","","","",""
"25/03/2026 11:24:02","lttai@ctump.edu.vn","Tạp chí y học Việt Nam","1859-2868","1 điểm","02/12/2025","Đánh giá kết quả điều trị sỏi niệu quản 1/3 trên bằng nội soi tán sỏi với năng lượng Holmium Laser tại Bệnh viện Ninh Thuận","Lê Thành Tài, Lê Huy Thạch, Đàng Quốc Phương, Nguyễn Nhật Huy, Lê Quốc Thắng","Lê Huy Thạch","5","Tập 556, số 1, trang 280 - 284","https://drive.google.com/open?id=1kLtEAmk6TLZAwYOslFkwracRq5H4gelw","","Tiếng Việt","","","","","",""
"25/03/2026 16:05:02","ntthu@ctump.edu.vn","Tạp chí Y học Việt Nam","1859-1868","1 điểm","03/01/2026","KHẢO SÁT TỶ LỆ, MỨC ĐỘ NÔN NGHÉN VÀ ẢNH HƯỞNG CỦA NÔN NGHÉN ĐẾN CHẤT LƯỢNG CUỘC SỐNG CỦA THAI PHỤ TRONG 3 THÁNG ĐẦU TẠI BỆNH VIỆN PHỤ SẢN THÀNH PHỐ CẦN THƠ","Đàm Như Bình1, Bành Dương Yến Nhi2, Lâm Đức Tâm","Đàm Như Bình1","3","TẬP 558 - THÁNG 1 - SỐ 3 - NĂM 2026, 362-367","https://drive.google.com/open?id=100GW4Pq0rMDfMn1tpmVf46mC6T0Etl5_","","Tiếng Việt","","","","","",""
"25/03/2026 16:01:13","ntthu@ctump.edu.vn"," Tạp chí Y học Việt Nam","ISSN: 1859-1868","1 điểm","01/02/2026","ĐẶC ĐIỂM LƯỢNG MÁU MẤT VÀ MỘT SỐ YẾU TỐ LIÊN QUAN Ở SẢN PHỤ SINH THƯỜNG NGẢ ÂM ĐẠO TẠI TRUNG TÂM Y TẾ KHU VỰC THẠNH PHÚ NĂM 2025","Bùi Xuân Tươi1, Lê Thị Minh Nguyệt1, Nguyễn Thị Diễm1, Huỳnh Lê Tấn Phúc1, Hồ Thị Bích Liên1, Lâm Đức Tâm2","Bùi Xuân Tươi1","6","559 - THÁNG 2 - SỐ 3 - NĂM 2026, 304-308","https://drive.google.com/open?id=1pCPgzmxcVJVjKxhZBQnYOCcqRb7FEUX9","","Tiếng Việt","","","","","",""
"25/03/2026 21:35:47","ndloc@ctump.edu.vn","Tạp chí Y học Việt Nam","1859-1868","1 điểm","14/03/2025","Hạ đường huyết về đêm ở bệnh nhân đái tháo đường típ 2: vai trò của thiết bị theo dõi đường huyết liên tục","Nguyễn Thị Ngọc Trinh, Ngô Văn Truyền, Đoàn Thị Kim Châu, Ngô Đức Lộc, Bùi Xuân Trà","Nguyễn Thị Ngọc Trinh","5","Tập 548, số 3, trang154-157","https://drive.google.com/open?id=18QXYxVpjgLgrPuCuVmUhWlkFyEQNJNmH","","Tiếng Việt","","","","","",""
"25/03/2026 21:38:25","ntntrinh@ctump.edu.vn","Tạp chí Y học Việt Nam","1859-1868","1 điểm","26/01/2026","NGHIÊN CỨU MỘT SỐ YẾU TỐ LIÊN QUAN ĐẾN THỜI GIAN ĐẠT ĐƯỜNG HUYẾT TRONG MỤC TIÊU BẰNG THIẾT BỊ THEO DÕI ĐƯỜNG HUYẾT LIÊN TỤC Ở BỆNH NHÂN ĐÁI THÁO ĐƯỜNG TÍP 2 CÓ LOÉT BÀN CHÂN","Ngô Đức Lộc, Đoàn Thị Kim Châu, Nguyễn Thị Ngọc Trinh, Lâm Văn Phương","Đoàn Thị Kim Châu","4","Số 1, Tháng 1, trang 93-97","https://drive.google.com/open?id=1nSKjTajq_Cm2rs1t3NptrbJDiskYM8UQ","","Tiếng Việt","","","","","",""
"25/03/2026 21:38:31","ndloc@ctump.edu.vn","Tạp chí Y học Việt Nam","1859-1868","1 điểm","31/03/2025","Đột biến EXON 4 gen LDLR ở bệnh nhân rối loạn lipid máu tại bệnh viện Trường Đại học Y Dược Cần Thơ","Nguyễn Trần Khánh Duy, Đoàn Thị Kim Châu, Trịnh Thị Hồng Của, Ngô Đức Lộc, Nguyễn Thị Ngọc Yến, Trương Gia Mỹ","Đoàn Thị Kim Châu","6","Tập 549, số 1, trang 310-314","https://drive.google.com/open?id=1WUsYFEmILOxy90PnkabZuZX7_86GIULB","","Tiếng Việt","","","","","",""
"25/03/2026 21:41:57","ndloc@ctump.edu.vn","Tạp chí Y học Việt Nam","1859-1868","1 điểm","28/01/2026","NGHIÊN CỨU MỘT SỐ YẾU TỐ LIÊN QUAN ĐẾN THỜI GIAN ĐẠT ĐƯỜNG HUYẾT TRONG MỤC TIÊU BẰNG THIẾT BỊ THEO DÕI ĐƯỜNG HUYẾT LIÊN TỤC Ở BỆNH NHÂN ĐÁI THÁO ĐƯỜNG TÍP 2 CÓ LOÉT BÀN CHÂN","Ngô Đức Lộc, Đoàn Thị Kim Châu, Nguyễn Thị Ngọc Trinh, Lâm Văn Phương","Ngô Đức Lộc","4","Tập 558, số 1, trang 93-96","https://drive.google.com/open?id=1m0n9wola6s04TJcnWRv9odTGstIfSUNA","","Tiếng Việt","","","","","",""
"25/03/2026 21:44:20","ndloc@ctump.edu.vn","Tạp chí Y học Việt Nam","1859-1868","1 điểm","11/04/2025","HẠ ĐƯỜNG HUYẾT VỀ ĐÊM Ở BỆNH NHÂN ĐÁI THÁO ĐƯỜNG TÝP 2: VAI TRÒ CỦA THIẾT BỊ THEO DÕI ĐƯỜNG HUYẾT LIÊN TỤC","Nguyễn Thị Ngọc Trinh, Ngô Văn Truyền, Đoàn Thị Kim Châu, Ngô Đức Lộc, Bùi Xuân Trà","Nguyễn Thị Ngọc Trinh","5","Tập 548, số 2, trang 154-158","https://drive.google.com/open?id=1t_55sAAyBmagK9DdSg_TIz9MTaeNolod","","Tiếng Việt","","","","","",""
"25/03/2026 21:46:09","ndloc@ctump.edu.vn","Tạp chí Y học Việt Nam","1859-1868","1 điểm","21/04/2025","ĐỘT BIẾN EXON 4 GEN LDLR Ở BỆNH NHÂN RỐI LOẠN LIPID MÁU TẠI BỆNH VIỆN TRƯỜNG ĐẠI HỌC Y DƯỢC CẦN THƠ","Đoàn Thị Kim Châu, Nguyễn Trần Khánh Duy, Trịnh Thị Hồng Của, Ngô Đức Lộc, Nguyễn Thị Ngọc Yến, Trương Gia Mỹ","Đoàn Thị Kim Châu","6","Tập 549, số 1, trang 310-314","https://drive.google.com/open?id=1bJ3yxtvY27wByvW3qFOi0rSGJomYlLH5","","Tiếng Việt","","","","","",""
"26/03/2026 10:45:07","dttvy@ctump.edu.vn","Tạp chí giáo dục xã hội","1859-3917","1 điểm","27/01/2026","Xây dựng hệ sinh thái đổi mới sáng tạo trong các trường đại học khoa học sức khỏe: góc nhìn sở hữu trí tuệ và chuyển giao công nghệ","Huỳnh Nguyễn Thanh Tâm, Đinh Thị Hương Trúc, Phạm Trương Yến Nhi, Dương Thị Thảo Vy","Huỳnh Nguyễn Thanh Tâm","","trang số 4, tháng 2 kì 1","https://drive.google.com/open?id=1DWuwf3h8BwcdXduOKgcmCVY8PpPj-cFt","","Tiếng Việt","","","","","",""
"26/03/2026 10:51:55","hnttam@ctump.edu.vn","Tạp chí Giáo dục và Xã hội","1859-3917","0.5 điểm","27/01/2026","Xây dựng hệ sinh thái đổi mới sáng tạo trong các trường đại học khoa học sức khỏe: góc nhìn sở hữu trí tuệ và chuyển giao công nghệ","Huỳnh Nguyễn Thanh Tâm, Đinh Thị Hương Trúc, Phạm Trương Yến Nhi, Lý Thị Trà My, Dương Thị Thảo Vy","Huỳnh Nguyễn Thanh Tâm","5","Số 179 (2040), tháng 2/2026 (kì 1), trang 239-243","https://drive.google.com/open?id=1LMmqNwpRWfpRcYHPvQmYe3GN65C1dt5j","","Tiếng Việt","","","","","",""
"26/03/2026 11:23:47","lttmy@ctump.edu.vn","Tạp chí Giáo chức Việt Nam","1859-2902","0.75 điểm","14/11/2025","Sự hài lòng của học viên ngành Ngôn ngữ Anh hình thức vừa làm vừa học về hoạt động hỗ trợ học thuật và môi trường học tập tích cực tại cơ sở giáo dục đại học ","Nguyễn Thái Hữu, Phạm Phương Tâm, Nguyễn Bửu Huân, Dương Thị Hoàng Yến, Lý Thị Trà My","Nguyễn Thái Hữu","5","số 230, kì 2, trang 217-220","https://drive.google.com/open?id=1wwv_k1SOoK1-pzDbY1bJi6bDM4xG_XGP","","Tiếng Việt","","","","","",""
"26/03/2026 17:00:06","nptai@ctump.edu.vn","Tạp chí nghiên cứu Triết học","2734-990X","1 điểm","26/03/2026","XÂY DỰNG ĐỘI NGŨ CÁN BỘ CẤP XÃ NGƯỜI DÂN TỘC THIỂU SỐ Ở ĐỒNG BẰNG SÔNG CỬU LONG HIỆN NAY THEO TƯ TƯỞNG HỒ CHÍ MINH","Nguyễn Minh Vũ, Nguyễn Phước Tài","Nguyễn Phước Tài","2","Số 32 (3-2026), 38-44","https://drive.google.com/open?id=19BY-FL7U2-ryJdanYASGY6UkCC3scjmN","","Tiếng Việt","","","","","",""
"26/03/2026 17:01:53","nptai@ctump.edu.vn","Tạp chí Triết học và Đời sống","2734-9470","0.75 điểm","25/12/2025","PHÁT HUY VAI TRÒ CỦA KHOA HỌC VÀ CÔNG NGHỆ TRONG THÚC ĐẨY ĐỔI MỚI SÁNG TẠO Ở TRUNG QUỐC VÀ GỢI MỞ CHO VIỆT NAM","Nguyễn Phước Tài, Ngô Văn Tuất","Nguyễn Phước Tài","","Số 10 (12-2025), 67-72","https://drive.google.com/open?id=1H10_OiOb5fc8dRrMmyBBkhrGfZxeMrBM","","Tiếng Việt","","","","","",""
"26/03/2026 20:00:33","nthung@ctump.edu.vn"," Tạp chí Khoa học và Công nghệ Cần Thơ Trường Đại học Kỹ thuật - Công nghệ Cần Thơ","3030-4148","0.5 điểm","30/01/2026","DIGITAL TRANSFORMATION IN MEDICAL EDUCATION: A CASE STUDY OF CAN THO UNIVERSITY OF MEDICINE AND PHARMACY","Nguyễn Hữu Phước Đại, Dương Quốc Thanh, Nguyễn Thanh Hùng, Nguyễn Hoàng Thái, Huỳnh Đăng Khoa","Nguyễn Hữu Phước Đại","5","No.09 - February, 2026, page 37-45","https://drive.google.com/open?id=1-cnlX4zd82AMOAMRdVLaFJ9WJTJa6HJo","","Tiếng Anh","","","","","",""
"27/03/2026 6:55:25","pdlong@ctump.edu.vn","Tạp chí nghiên cứu Y học","2354 - 080X","1 điểm","30/01/2026","Đặc điểm lâm sàng và kết quả điều trị rối loạn tăng động giảm chú ý ở trẻ từ 6 đến 8 tuổi tại Bệnh viện Nhi đồng Cần Thơ năm 2023 - 2025","Phạm Kiều Anh Thơ, Bùi Minh Trí, Bùi Quang Nghĩa, Phún Duy Long, Trần Quang Khải","Trần Quang Khải","5","Tập 198, số 1, trang 358-366","https://drive.google.com/open?id=1ep08g_pkTxPFNVylCh9VttWrRtER3EHw","","Tiếng Việt","","","","","",""
"27/03/2026 11:00:01","tghung@ctump.edu.vn","Tạp chí Y học Việt Nam ","1859-1868","1 điểm","24/11/2025","Treatment outcomes of melasma using picosecond Nd: YAG 1064nm laser at Can Tho Dermatology Hospital","Lâm Thanh, Huỳnh Văn Sang, Lạc Thị Kim Ngân, Nguyễn Ngọc Kim Ngân, Trần Gia Hưng ","Trần Gia Hưng ","5","Tập 556, số 2, trang 72-80","https://drive.google.com/open?id=1YByrX7EX38zFNU3FKELwHF_dMds6Y8qk","","Tiếng Anh","","","","","",""
"29/03/2026 14:14:10","nvthong@ctump.edu.vn","Nghiên cứu Y học","ISSN 2354-080X","1 điểm","28/01/2026","Mức độ cô đơn, lo âu và khả năng độc lập sinh hoạt ở bệnh nhân trầm cảm cao tuổi","Nguyễn Văn Thống, Nguyễn Hoàng Thanh Sơn","Nguyễn Văn Thống","2","198 (1)","https://drive.google.com/open?id=1n-jqAtU68fmRucds0tNYD3u7vKme3tJz","","Tiếng Việt","","","","","",""
"30/03/2026 10:42:02","ntnmai@ctump.edu.vn","Tạp chí Y học Việt Nam","1859-1868","1 điểm","03/12/2026","Tình hình đồng nhiễm Epstein - Barr virus với Helicobacter pylori của người dân tại thành phố Cần Thơ năm 2025","Đào Thanh , Trần Thị Như Lê, Nguyễn Thị Như Mai , Bùi Hoài Niệm , Đinh Xuân Hải , Huỳnh Quang Minh , Nguyễn Văn Khoa, Trần Công Minh, Đinh Thị Hồng Phúc","Đào Thanh","","TẬP 560-THÁNG 3-SỐ 1 -2026","https://drive.google.com/open?id=1169Q52u_L42EIErcph2pzM7kw-pE0QUU","","Tiếng Việt","","","","","",""
"30/03/2026 11:06:44","htmduyen@ctump.edu.vn","Tạp chí Y Dược học","2734-9209","1 điểm","24/10/2025","Nghiên cứu bào chế viên nang mềm chứa hệ tự vi nhũ (SMEDDS/SNEDDS) từ cao chiết Linh Chi giàu Triterpenoid","Trần Việt Hùng, Đào Mai Trúc Ly, Phan Nguyễn Trường Thắng, Nguyễn Thị Khánh Linh, Trương Công Trị, Lê Minh Quân, Phan Hoàng Long, Trần Cao Thụy Hạ Lan, Huỳnh Thị Mỹ Duyên","Huỳnh Thị Mỹ Duyên","9","65 tháng 10/2025","https://drive.google.com/open?id=1c6JeBmzZXkTNsNqH9T2DSPlDd8sLc_C0","Do tạp chí đang hoàn thiện dường link nên chưa có link trực tiếp, nhóm tác giả tải 1trang đầu bài báo. ","Tiếng Việt","","","","","",""
"30/03/2026 14:57:48","axsam@ctump.edu.vn","Tạp chí Đại học Cần Thơ","2588-1418","1 điểm","25/03/2026","EMI Lecturers in Vietnamese Higher Education: Exploring professional development needs for teaching quality enhancement","Âu Xuân Sâm, Phương Hoàng Yến, Nguyễn Thị Hương Lan","Âu Xuân Sâm","3","Vol.18 No.1(2026)","https://drive.google.com/open?id=1S_SxtbQxOnvYMbS0uwZ50VWo6__n1G_c","  ","Tiếng Anh","","","","","",""
"31/03/2026 20:32:46","dtngan@ctump.edu.vn","Tạp chí Y học Việt Nam","1859 - 1868","1 điểm","05/01/2026","KHẢO SÁT TỶ LỆ BỆNH LÝ VỀ CƠ XƯƠNG KHỚP VÀ MỘT SỐ ĐẶC ĐIỂM BỆNH NHÂN CƠ XƯƠNG KHỚP ĐIỀU TRỊ NỘI TRÚ TẠI BỆNH VIỆN Y HỌC CỔ TRUYỀN THÀNH PHỐ CẦN THƠ NĂM 2025","Nguyễn Lưu Phú Quí, Lê Minh Hoàng, Hồ Tấn Dũng, Hồ Phương Anh, Châu Khắc Kiệt, Phạm Thị Ngọc Luận","Lê Minh Hoàng","6","Tập 557 Số 3 (2025) ","https://drive.google.com/open?id=1tws4nr_qvPpUN1y1TEdSeugBOkVV3GE2","","Tiếng Việt","","","","","",""
"31/03/2026 20:39:16","dtngan@ctump.edu.vn","Tạp chí Y học cộng đồng","2354-6013","0.75 điểm","23/01/2026","CHUẨN ĐẦU RA TRONG ĐÀO TẠO Y HỌC CỔ TRUYỀN DƯỚI GÓC NHÌN SINH VIÊN: KHẢO SÁT TẠI TRƯỜNG ĐẠI HỌC Y DƯỢC CẦN THƠ","Nguyễn Ngọc Chi Lan, Lữ Quốc Vinh, Nguyễn Ngọc Anh Thư, Huỳnh Tiến Vương, Đặng Tiến Đăng Khoa","Đặng Tiến Đăng Khoa","5","Tập 67 Số Chuyên đề 1, 309-313","https://drive.google.com/open?id=1X5uq3JC6x7Q5Vw36H4j4dU398ggAvfS8","Nguyễn Ngọc Chi Lan (00224), Nguyễn Ngọc Anh Thư (00834), Huỳnh Tiến Vương (00861), Đặng Tiến Đăng Khoa (00814)","Tiếng Việt","","","","","",""
"31/03/2026 20:41:32","dtngan@ctump.edu.vn","Tạp chí Y học cộng đồng","2354-0613","0.75 điểm","20/01/2026","Khảo sát sự biến đổi của dấu hiệu sinh tồn khi day ấn huyệt Thái xung ở sinh viên Trường Đại học Y Dược Cần Thơ năm 2024-2025","Nguyễn Lê Thúy Vi, Lê Thị Mỹ Tiên, Nguyễn Quốc Thành, Đinh Thị Anh Đào, Đặng Hữu Phước, Trần Thị Thảo Vân","Lê Thị Mỹ Tiên","6","Tập 67, số CĐ1-NCKH, 145-149","https://drive.google.com/open?id=1KV6KcqKXqe80IOfVD4ujEKBS81p4DGru","Lê Thị Mỹ Tiên (00194)","Tiếng Việt","","","","","",""
"01/04/2026 6:07:30","ptmngoc@ctump.edu.vn","Medpharmes","Tạp chí Y học HCM- E-ISSN 2615-9139","0.5 điểm","12/12/2025","Evaluating Case based learning  in renal  physiology: student feedback and academic outcomes","Tran Thai Thanh Tam, Vo Van Thi, Pham Thi My Ngoc. Le Van Minh, Duong Gia Lang","Duong Gia Lang","","S1, trang 21","https://drive.google.com/open?id=1dp5VOoU8wrB3ZNlc9AXVci-At8wR62FR","","Tiếng Anh","","","","","",""
"02/04/2026 9:42:49","vttrinh@ctump.edu.vn","KỶ YẾU HỘI THẢO KHOA HỌC TOÀN QUỐC NĂM 2026  NÂNG CAO CHẤT LƯỢNG CÔNG TÁC GIÁO DỤC THỂ CHẤT   VÀ THỂ DỤC THỂ THAO TRONG THỜI ĐẠI MỚI  THỰC TIỄN VÀ ĐỊNH HƯỚNG PHÁT TRIỂN  ","978-632-614-316-4","Kỷ yếu có phản biện","23/03/2026","Giải pháp tăng cường công tác tổ chức thể thao ngoại khóa trường  Trung học cơ sở Lương Thế Vinh, Thành phố Cần Thơ","Đào Mai Sơn Trà, Lê Thị Bích Nhi, Võ Thành Trinh ","Đào Mai Sơn Trà","3","105, trang 662-669","https://drive.google.com/open?id=1jrLDcm5iQF6Ze-LDfcIZWoGvq-GV_i2p","","Tiếng Việt","","","","","",""
"02/04/2026 17:38:07","ntdkhanh@ctump.edu.vn","KỶ YẾU HỘI THẢO KHOA HỌC TOÀN QUỐC NĂM 2026  VÀ THỂ DỤC THỂ THAO TRONG THỜI ĐẠI MỚI THỰC TIỄN VÀ ĐỊNH HƯỚNG PHÁT TRIỂN NÂNG CAO CHẤT LƯỢNG CÔNG TÁC GIÁO DỤC THỂ CHẤT","ISBN: 978-632-614-316-4.","0.5 điểm","28/03/2026","NGHIÊN CỨU THỰC TRẠNG MỘT SỐ ĐẶC ĐIỂM NHÂN TRẮC VÀ SINH LÝ NỮ SINH VIÊN NĂM THỨ NHẤT LỨA TUỔI 19 THUỘC TRƯỜNG ĐẠI HỌC Y DƯỢC CẦN THƠ NĂM 2024 – 2025","ThS. Nguyễn Trần Đăng Khánh, ThS.Trương Thị Tuyết Châu TS.BS. Phạm Kiều Anh Thơ, BS. Lý Tuyết Nhi","ThS. Nguyễn Trần Đăng Khánh","4","Trang 87","https://drive.google.com/open?id=10LJinuOyAMUJnhZYJ_TBYDsOhhUwPy6r","","Tiếng Việt","","","","","",""
"02/04/2026 17:43:35","tttchau@ctump.edu.vn","KỶ YẾU HỘI THẢO KHOA HỌC TOÀN QUỐC NĂM 2026 NÂNG CAO CHẤT LƯỢNG CÔNG TÁC GIÁO DỤC THỂ CHẤT VÀ THỂ DỤC THỂ THAO TRONG THỜI ĐẠI MỚI THỰC TIỄN VÀ ĐỊNH HƯỚNG PHÁT TRIỂN ","ISBN: 978-632-614-316-4","0.5 điểm","28/03/2026","NGHIÊN CỨU THỰC TRẠNG MỘT SỐ ĐẶC ĐIỂM NHÂN TRẮC VÀ SINH LÝ NỮ SINH VIÊN NĂM THỨ NHẤT LỨA TUỔI 19 THUỘC TRƯỜNG ĐẠI HỌC Y DƯỢC CẦN THƠ NĂM 2024 – 2025","ThS. Nguyễn Trần Đăng Khánh, ThS.Trương Thị Tuyết Châu TS.BS. Phạm Kiều Anh Thơ, BS. Lý Tuyết Nhi","ThS.Trương Thị Tuyết Châu","4","Trang 87","https://drive.google.com/open?id=1LSgwp1obyHZ5gJ9URvKf_M21zIwsMHA-","","Tiếng Việt","","","","","",""
"03/04/2026 8:57:43","nlmdang@ctump.edu.vn","International Journal of Multi Research","3107-7676","1 điểm","03/12/2026","The physical condition of students at Phan Ngoc Hien High School, Can Tho  City, Vietnam","Nguyen Lam Minh Dang, Nguyen Huu Tin, Tran Nam Giao","Nguyễn Lâm Minh Đăng","3","Tập 1, số 1, trang 45-50","https://drive.google.com/open?id=1l1B-s08Y9jRPIRACGthpd9GD-TLOppt2","","Tiếng Anh","","","","","",""
"24/04/2026 11:08:45","nptai@ctump.edu.vn","Tạp chí thông tin Khoa học lý luận chính trị","2354-1040","0.75 điểm","18/05/2026","Phát triển lực lượng sản xuất chất lượng mới ở Trung Quốc hiện nay: Nội hàm và thực trạng","Đinh Văn Thụy, Nguyễn Phước Tài","Nguyễn Phước Tài","","Số 3/2026, trang 19-25","https://drive.google.com/open?id=1MLcGMqtHDJALpILmjfdO4yxVRqN2GXpH","","Tiếng Việt","","","","","",""
"01/05/2026 7:01:53","tvxo.giangvien@ctump.edu.vn","Tạp Chí Giáo dục và Xã hội ","1859-3917","0.5 điểm","18/04/2026","Xây dựng và đánh giá hiệu quả Hệ thống số hóa quản lý và giới thiệu  sản phẩm học thuật tại cơ sở giáo dục đại học: Nghiên cứu trường hợp CTUMP PROS tại Trường Đại học Y Dược Cần Thơ","Trần Thị Bích Phương, Đỗ Thùy Trang, Trần Việt Xô, Huỳnh Đăng Khoa, Trần Thụy Lam Thảo","Trần Thị Bích Phương","5","Tháng 4/2026 (kỳ 2), số 181, trang 180-184","https://drive.google.com/open?id=1CnS-o5f_Sb1NbvGp61HC5rEuV5rr0Uu9, https://drive.google.com/open?id=11Q_KBVc_Jj-cbj9Qayq_uHbbfuSAxXDF","","Tiếng Việt","","","","","",""
"07/05/2026 19:14:27","lmkha@ctump.edu.vn","Tạp chí Sinh lý học Việt Nam","ISSN 1859-2376","0.25 điểm","06/05/2026","KHẢO SÁT TỈ LỆ VÀ MỘT SỐ YẾU TỐ LIÊN QUAN ĐẾN MỨC ĐỘ NẶNG CỦA BỆNH NHÂN KHÔ MẮT DO RỐI LOẠN CHỨC NĂNG TUYẾN BỜ MI","Đinh Thị Hồng Phúc, Võ Huỳnh Trang, Trần Thanh Bình, Lê Minh Kha, Hoàng Quang Bình","Hoàng Quang Bình","5","Tập 30, Số 2 (2026), trang 33-42","https://drive.google.com/open?id=12YnJWI-_PW7SacNSDTZmi00D6bXWwu7O","","Tiếng Việt","","","","","",""
"21/05/2026 19:28:32","nptai@ctump.edu.vn","Tạp chí Khoa học Đại học Đồng Tháp","0866-7675","0.75 điểm","17/04/2026","Ứng dụng mô hình lớp học đảo ngược kết hợp công nghệ số trong giảng dạy triết học Mác-Lênin cho sinh viên y khoa quốc tế: nghiên cứu bán thực nghiệm tại Trường Đại học Y Dược Cần Thơ","Nguyễn Phước Tài, Nguyễn Thuận Quý","Nguyễn Thuận Quý","","April 2026, 1-12","https://drive.google.com/open?id=1ik_KHXbZeKiuek_FrpPx7vm-CrleLItK","","Tiếng Việt","","","","","",""
"25/05/2026 9:42:49","ttbphuong@ctump.edu.vn","Tạp chí Giáo dục và Xã hội","1859-3917","0.5 điểm","18/04/2026","PHÂN TÍCH HÀNH VI VÀ MỨC ĐỘ HÀI LÒNG THEO NHÓM NGƯỜI DÙNG ỨNG DỤNG DI ĐỘNG TRONG TRUYỀN THÔNG GIÁO DỤC ĐẠI HỌC: NGHIÊN CỨU TRƯỜNG HỢP CTUMP APP","Trần Thị Bích Phương, Đỗ Thùy Trang","Trần Thị Bích Phương","2","số 181 (142), tháng 4/2026, kỳ 2","https://drive.google.com/open?id=1-hfWH2N6_yUnmhgTyHCYoBBP4TBFajXb, https://drive.google.com/open?id=1a4N9j9aajsC8OZ0Fc96ffovXG_eB_gR_","","Tiếng Việt","","","","","",""
"28/05/2026 11:55:31","ttnam@ctump.edu.vn","Tạp chí Y học Thành phố Hồ Chí Minh","1859-1779","0.75 điểm","21/05/2026","Thiếu đa vi chất dinh dưỡng và một số yếu tố liên quan ở trẻ em dưới 5 tuổi","Nguyễn Thị Bảo Hà, Thái Thị Ngọc Thúy, Trương Thành Nam","Nguyễn Thị Bảo Hà","3","29(7): 25-32","https://drive.google.com/open?id=1mDsFr6LgCp9N4iPH0R-pFDRlsDSkrFV7","","Tiếng Việt","","","","","",""
"04/06/2026 9:37:14","ngthinh@ctump.edu.vn","Tạp chí Giáo dục và Xã hội","ISSN: 1859 - 3917","0.5 điểm","12/03/2026","Thực trạng động lực học tập học phần Tiền lâm sàng của sinh viên Y khoa năm thứ 2 tại Trường Đại học Y Dược Cần Thơ","Nguyễn Gia Thịnh, Phạm Thị Mỹ Ngọc, Trần Xuân Quỳnh, Trần Bích Ngọc, Ngô Mỹ Linh, Đặng Thanh Hồng","Nguyễn Gia Thịnh","6","Số 179 (240), 376-381","https://drive.google.com/open?id=1U0kA-V4FXEUnwKPRKlJbpL4y-99PmvCd","","Tiếng Việt","","","","","",""
"04/06/2026 11:49:54","ttnam@ctump.edu.vn","Đánh giá chất lượng hồ sơ bệnh án nội trú theo tiêu chuẩn bệnh viện Hoàn Mỹ Cửu Long","Tạp chí Y học Việt Nam có mã số ISSN: 1859-1868","1 điểm","15/02/2026","Tạp chí Y học Việt Nam ","Trần Văn Đệ Huỳnh Khải Quang, Thạch Thị Phola, Đồng Lê Minh Quân, Nguyễn Quách Giáng My, Trương Thành Nam","Trần Văn Đệ","6","số 71: 60-73","https://drive.google.com/open?id=1QUO0Yx-q33uP4zMU1nFGBD3d-s7b8ZuA","","Tiếng Việt","","","","","",""
"08/06/2026 14:48:02","ctump45@ctump.edu.vn","KỶ YẾU HỘI THẢO - NÂNG CAO CHẤT LƯỢNG SẢN PHẨM TRUYỀN THÔNG ĐÁP ỨNG NHIỆM VỤ GIÁO DỤC VÀ ĐÀO TẠO THEO YÊU CẦU CỦA NQ SỐ 71-NQTW NĂM 2026","ISBN: 978-604-82-8889-1","Kỷ yếu có phản biện","06/01/2026","ỨNG DỤNG NỀN TẢNG DI ĐỘNG TRONG TRUYỀN THÔNG TUYỂN SINH ĐẠI HỌC: NGHIÊN CỨU TRƯỜNG HỢP CTUMP APP (trang 361-364)","Đỗ Thuỳ Trang, Phan Thị Vân","Trần Thị Bích Phương","","Trang 361 - 364","https://drive.google.com/open?id=1ZPGeBsYUKb9C7yy0EyNZc-RVcGX63rT1, https://drive.google.com/open?id=1o5L-PDol6Mu6JAEGGiOFqx1GbvAGjoCc","","Tiếng Việt","","","","","",""
"10/06/2026 17:49:59","ctump45@ctump.edu.vn","Tạp chí GIÁO DỤC & XÃ HỘI","ISSN 1859-3917","0.5 điểm","18/04/2026","Phân tích hành vi và mức độ hài lòng theo nhóm người dùng ứng dụng di động trong truyền thông giáo dục đại học: Nghiên cứu trường hợp CTUMP APP","Trần Thị Bích Phương, Đỗ Thuỳ Trang","Trần Thị Bích Phương","","Số 181 (242), Tháng 4/2026 (kì 2)","https://drive.google.com/open?id=1D6q6OUXk6VQQwJQ0K1DUVR-gaptCnYR_","","Tiếng Việt","","","","","",""
"15/06/2026 9:43:48","nphung@ctump.edu.vn","Tạp chí khoa học và kinh tế phát triển - Trường Đại học Nam Cần Thơ","2588-1272","0.25 điểm","01/04/2026","Assessing the effectiveness of intervention on knowledge, attitude, practices about emergency contraceptive pills among retail pharmacists in Can Tho city, 2023-2024","Triệu Thị Ngân Tram, Nguyễn Phục Hưng*, Võ Thị Mỹ Hương, Nguyen Thuy Thuy Ai, Tran Vinh Duy, Mai Thu Sương","Nguyễn Phục Hưng","6","Số 40, trang 171-182","https://drive.google.com/open?id=1r5VeuHgahLMIRd_IxE8vNIXO_QVEegsS","","Tiếng Anh","","","","","",""
"15/06/2026 10:37:22","nphung@ctump.edu.vn","Tạp chí Y Dược học","2734-9209","1 điểm","01/02/2026","ĐÁNH GIÁ YẾU TỐ ẢNH HƯỞNG ĐẾN Ý ĐỊNH MUA TRỰC TUYẾN CÁC SẢN PHẨM CHĂM SÓC SỨC KHỎE CỦA NGƯỜI DÂN TẠI THÀNH PHỐ CẦN THƠ NĂM 2025","Hoàng Hải Yến, Phạm Ngọc Trâm, Nguyễn Thị Huế Trân, Thạch Phạm Tường Vy, Nguyễn Phục Hưng*, Võ Thị Mỹ Hương, Trần Bá Kiên, Nguyễn Nhật Hải","Nguyễn Phục Hưng*","8","tap 71, trang 50-59","https://drive.google.com/open?id=1BcnEcAUeRz-Mvu-KgVNa2Rr5llr8IDGz","","Tiếng Việt","","","","","",""
"15/06/2026 10:42:57","nphung@ctump.edu.vn","Tạp chí Y Dược học","2734-9209","1 điểm","01/04/2026","NGHIÊN CỨU THÁI ĐỘ CỦA DƯỢC SĨ CỘNG ĐỒNG VỀ KỸ NĂNG GIAO TIẾP TẠI CÁC CƠ SỞ BÁN LẺ THUỐC Ở THÀNH PHỐ CẦN THƠ NĂM 2025","Trần Phương Anh, Lê Như Ý, Trần Thanh Mai, Nguyễn Tú Uyên, Vũ Anh Minh, Nguyễn Phục Hưng*, Trần Bá Kiên, Nguyễn Nhật Hải","Nguyễn Phục Hưng","8","74, 36-76","https://drive.google.com/open?id=108TgT_4LD6DP8VxMIGiJEREgkcxW0DFj","","Tiếng Việt","","","","","",""
"15/06/2026 15:39:22","nphung@ctump.edu.vn","Hong Bang Interna�onal University Journal of Science","2615 - 9686","0.5 điểm","01/06/2026","A study on the associa�on between social media use and stress levels in students at Can Tho University of Medicine and Pharmacy in 2025","Tran Thi Nhu Phuong, Han Ngoc Tuyet Bang, Le Thi Ngoc Chau, To Kieu Linh, Nguyen Phuc Hung* , Vo Thi My Huong, Ngo Phuong Thao, Nguyen Thi Bich, Nguyen Thi Hai Yen ","Nguyễn Phục Hưng","9","Vol 10(6), trang 1-12","https://drive.google.com/open?id=16ubCw0XZNApxkdhc1IO12mnuhMwfMp2-","","Tiếng Anh","","","","","",""
"17/06/2026 6:04:35","ntdkhanh@ctump.edu.vn","Kỷ yếu hội thảo Khoa học toàn quốc năm 2026 về nâng cao chất lượng công tác GDTC và TDTT trong thời đại mới thực tiễn và định hướng phát triển.","ISBN: 978-632-614-316-4","0.5 điểm","23/03/2026","NGHIÊN CỨU THỰC TRẠNG MỘT SỐ ĐẶC ĐIỂM NHÂN TRẮC VÀ SINH LÝ NỮ SINH VIÊN NĂM THỨ NHẤT LỨA TUỔI 19 THUỘC TRƯỜNG ĐẠI HỌC Y DƯỢC CẦN THƠ NĂM 2024 – 2025","Nguyễn Trần Đăng Khánh, Trương Thị Tuyết Châu, Phạm Kiều Anh Thơ, Lý Tuyết Nhi","Nguyễn Trần Đăng Khánh","4","Trang 87-94","https://drive.google.com/open?id=1AoEfQdXZJ_xJOKOiCpqDUvq0vswqZNfY","","Tiếng Việt","","","","","",""
"17/06/2026 20:51:57","mhntan@ctump.edu.vn"," TẠP CHÍ NGHIÊN CỨU Y HỌC - TRƯỜNG ĐẠI HỌC Y HÀ NỘI","2354-080X","1 điểm","06/05/2026","Tình hình thiếu cơ và một số yếu tố liên quan ở bệnh nhân bệnh thận mạn chưa lọc máu giai đoạn 3 – 4 tại Bệnh viện Vạn Hạnh","Lê Văn Nhâm, Võ Thanh Hùng, Nguyễn Như Nghĩa","Nguyễn Như Nghĩa","3","tập 201, số 4 (2026), trang 459-470","https://drive.google.com/open?id=1Vt_d6lyrBbRFgAjRkfPIbK70vgGvLWdJ","","Tiếng Việt","","","","","",""
"17/06/2026 20:54:19","mhntan@ctump.edu.vn","TRƯỜNG ĐẠI HỌC Y HÀ NỘI - TẠP CHÍ NGHIÊN CỨU Y HỌC","2354-080x","1 điểm","31/03/2026","Đáp ứng điều trị thiếu máu bằng erythropoietin alfa và một số yếu tố liên quan ở bệnh nhân bệnh thận mạn lọc máu chu kỳ tại Bệnh viện Đồng Nai 2","Đoàn Thị Hoà, Nguyễn Như Nghĩa","Nguyễn Như Nghĩa","2","tập 200 số 3,tr. 221-232.","https://drive.google.com/open?id=1951_cUob70N1dNT_4T87E8NJbBGObI8I","","Tiếng Việt","","","","","",""
"17/06/2026 20:56:37","mhntan@ctump.edu.vn","TRƯỜNG ĐẠI HỌC Y HÀ NỘI - TẠP CHÍ NGHIÊN CỨU Y HỌC","2354-080x","1 điểm","06/05/2026","Bước đầu khảo sát mối liên quan giữa đa hình rs505151 gen PCSK9 và rối loạn lipid máu ở người bệnh thận mạn giai đoạn cuối lọc máu chu kỳ","Trương Thị Hồng Ngọc, Phan Minh Hoàng, Phạm Thị Phượng Hằng, Phạm Văn Hải, Nguyễn Như Nghĩa","Nguyễn Như Nghĩa","5","tập 201 số4,tr 43-54.","https://drive.google.com/open?id=1ZKNMfCLmBUzy2nTs1nNplv-t6gVDYp6C","","Tiếng Việt","","","","","",""
"17/06/2026 23:11:31","lpthien@ctump.edu.vn","Tạp Chí Nghiên cứu Y học","2354-080X","1 điểm","06/05/2026","Nghiên cứu mối liên quan giữa Helicobacter pylori mang gen vacA và một số hình thái tổn thương trên nội soi ở bệnh nhân viêm dạ dày mạn tính","Lâm Phước Thiện, Nguyễn Thanh Liêm, Lê Chí Linh, Lâm Thị Kim Chi","Nguyễn Thanh Liêm","4","Tập 201, số 4, trang 151-158","https://drive.google.com/open?id=1vjOv04N7CfdBJdtRcDMHFaMl9zSI900d","","Tiếng Việt","","","","","",""
"18/06/2026 9:39:17","ptnhan@ctump.edu.vn","Tạp chí Giáo dục và Xã hội","ISSN: 1859-3917","1 điểm","25/05/2026","Khảo sát nhu cầu học Tiếng Anh chuyên ngành của Sinh viên Y khoa Trường Đại học Y dược Cần Thơ năm 2025-2026","Nguyễn Thị Tuyết Minh, Phan Thị Ngọc Hân","Nguyễn Thị Tuyết Minh","7","Số Đặc biệt tháng 5/2026 (kì 2), trang 126-130","https://drive.google.com/open?id=1JAp0GVo5_9h4NMrXgfjQjkLQj584NMJF","","Tiếng Việt","","","","","",""
"18/06/2026 12:12:34","ttnguyet@ctump.edu.vn","Tạp chí Y học cộng đồng"," ISSN 2354 - 0613","0.75 điểm","02/04/2026","KIẾN THỨC, THÁI ĐỘ VỀ SỬ DỤNG SẢN PHẨM NHỰA DÙNG MỘT LẦN VÀ MỘT SỐ YẾU TỐ LIÊN QUAN CỦA NGƯỜI DÂN TẠI PHƯỜNG Ô MÔN, THÀNH PHỐ CẦN THƠ","Trần Chính Kiệt, Tô Hoàng Thít, Nguyễn Huỳnh Nhân, Nguyễn Thị Kiều Trinh, Lê Thị Ngọc Trinh, Đỗ Thị Mỹ Hường, Lưu Khánh Linh, Trần Tú Nguyệt","Trần Tú Nguyệt","8","Tập 67 Số CĐ3-NCKH","https://drive.google.com/open?id=1tYCL5FGtspLQ1981Gc_ySWW1uygBorbs","","Tiếng Việt","","","","","",""
"18/06/2026 14:54:05","ntmphuong@ctump.edu.vn","Tạp chí Y học Việt Nam","1859-1868","0.75 điểm","28/01/2026","TIÊM CORTICOSTEROID NỘI SẸO: GIẢI PHÁP HIỆU QUẢ CHO SẸO PHÌ ĐẠI SAU BỎNG – BÁO CÁO CA LÂM SÀNG","Nguyễn Thanh Chơn, Nguyễn Văn Lâm, Nguyễn Hữu Giàu, Ngô Trí Minh Phương, Nguyễn Công Lập, Đặng Trần Đăng Khoa, Đặng Trường Hải","Đặng Trường Hải ","7","558 (1): 339-343 ","https://drive.google.com/open?id=1bgIl83kGNW248W8IuNg3ymBfUupVlIrS","","Tiếng Việt","","","","","",""
"18/06/2026 15:10:27","ntmphuong@ctump.edu.vn","Tạp chí Y Dược Thái Bình ","ISSN: 2815-5548 ","0.25 điểm","28/04/2026","Đánh giá sớm kết quả điều trị, mức độ hài lòng và tính an toàn của bệnh nhân có nếp nhăn cau mày tại Bệnh viện Trường Đại học Y Dược Cần Thơ","Lê Viết Trí, Nguyễn Văn Lâm, Nguyễn Hữu Giàu, Võ Thị Hậu, Ngô Trí Minh Phương, Đặng Trường Hải, Huỳnh Thảo Uyên","Nguyễn Hữu Giàu","7","21 (2): 11-18 ","https://drive.google.com/open?id=1pSQ-nvjvioisI9A74xRV5BDn_QIkPT1Y","","Tiếng Việt","","","","","",""
"18/06/2026 23:40:02","nthieu@ctump.edu.vn","Tạp chí Y học Việt Nam","1859-1868","1 điểm","06/04/2026","SO SÁNH KẾT QUẢ PHẪU THUẬT VI PHẪU VÀ NỘI KHOA TRONG ĐIỀU TRỊ SUY SINH DỤC NAM CÓ GIÃN TĨNH MẠCH THỪNG TINH TẠI THÀNH PHỐ CẦN THƠ","Nguyễn Trung Hiếu, Nguyễn Trung Kiên, Đàm Văn Cương","Nguyễn Trung Hiếu","3","Tập 560, số 2","https://drive.google.com/open?id=1eQySHBYfKTT6ne84OG79lUKdcJYdOcQO","","Tiếng Việt","","","","","",""
"18/06/2026 23:44:00","nthieu@ctump.edu.vn","Tạp chí Y học Việt Nam","1859-1868","1 điểm","16/03/2026","KẾT QUẢ TINH DỊCH ĐỒ TRƯỚC VÀ SAU ĐIỀU TRỊ SUY SINH DỤC NAM  CÓ GIÃN TĨNH MẠCH THỪNG TINH TẠI THÀNH PHỐ CẦN THƠ","Nguyễn Trung Hiếu, Nguyễn Trung Kiên, Đàm Văn Cương","Nguyễn Trung Hiếu","3","Tập 560, số 1","https://drive.google.com/open?id=1EccT5NW9fNi2d7z-3-A3cLARpQzZ-RRd","","Tiếng Việt","","","","","",""
"19/06/2026 8:59:20","ntntrinh@ctump.edu.vn","Tạp chí Y học Thành phố Hồ Chí Minh","1859 - 1779","0.75 điểm","14/04/2026","So sánh kết quả kiểm soát đường huyết nội trú bằng theo dõi đường huyết liên tục giữa bệnh nhân đái tháo đường típ 2 <60 tuổi và ≥60 tuổi","Nguyễn Thị Ngọc Trinh, Ngô Văn Truyền","Ngô Văn Truyền","8","Tập 29, số 4, trang 118 - 124","https://drive.google.com/open?id=1FZ9D5vVMBDIYAf9ViNOGkvm_un-LVhWp","","Tiếng Việt","","","","","",""
"19/06/2026 9:07:21","htmduyen@ctump.edu.vn","Tạp chí Y Dược học","ISSN 2734-9209","1 điểm","14/04/2026","TỐI ƯU HÓA ĐIỀU KIỆN CHIẾT CAO LÁ LỨC (PLUCHEA PTEROPODA HEMSL.) CÓ HOẠT TÍNH KHÁNG KHUẨN IN VITRO","Nguyễn Thị Mỹ Thảo, Dương Thị Trúc Ly, Lê Thị Minh Ngọc, Nguyễn Ngọc Anh Thư, Nguyễn Thị Bảo Ngọc, Chiêm Bảo Anh, Huỳnh Thị Mỹ Duyên","Huỳnh Thị Mỹ Duyên","7","Số 74 tháng 4/2026","https://drive.google.com/open?id=1Yc0SC4cTcsUA_YEvu0xP5Zv_X9AGPD1q","","Tiếng Việt","","","","","",""
"19/06/2026 9:12:44","htmduyen@ctump.edu.vn","TẠP CHÍ Y DƯỢC HỌC","ISSN 2734-9209","1 điểm","13/03/2026","Nghiên cứu kiến thức, thái độ và thực hành đối với thuốc không đạt tiêu chuẩn chất lượng, thuốc giả của người bán lẻ thuốc tại Thành phố Hồ Chí Minh năm 2025","PHẠM HUỲNH MINH TRÍ, HUỲNH THỊ MỸ DUYÊN, TRẦN VĂN ĐỆ  Nghiên cứu kiến thức, thái độ và thực hành đối với thuốc không đạt tiêu chuẩn chất lượng, thuốc giả của người bán l","TRẦN VĂN ĐỆ","3","Số 72 tháng 3/2026","https://drive.google.com/open?id=1x_cPBc3n3DP9_VdX1H6mz_xxxMLJlCyk","","Tiếng Việt","","","","","",""
"19/06/2026 9:14:55","nthithuytrang@ctump.edu.vn","Tạp chí Y học Việt Nam","ISSN: 1859-1868","1 điểm","19/06/2026","Nghiên cứu đặc điểm lâm sàng và khảo sátchất lượng cuộc sống ở bệnh nhân viêm da cơ địa người lớn tại Bệnh viện Da liễu Thành phố Cần Thơ và Bệnh viện Trường Đại học Y Dược Cần Thơ","Huỳnh Anh Đào, Trương Ngọc Kim Châu, Nguyễn ThếAnh, Nguyễn Minh Phú, Trần Thảo Sương,Trần Gia Hưng, Nguyễn ThịThùy Trang","Nguyễn Thị Thùy Trang","7","TẬP 561, SỐ 2, trang 58-63","https://drive.google.com/open?id=19z9YefVnWtLF98Azz0Sh09Q7o0JrBjp_","https://doi.org/10.51298/vmj.v561i2.18245","Tiếng Việt","","","","","",""
"19/06/2026 9:21:55","htmduyen@ctump.edu.vn","TẠP CHÍ Y DƯỢC HỌC","ISSN ","1 điểm","10/02/2026","XÂY DỰNG VÀ THẨM ĐỊNH THANG ĐO SỰ HÀI LÒNG CỦA BỆNH NHÂN DỰA TRÊN MÔ HÌNH SERVQUAL TRONG HOẠT ĐỘNG CẤP PHÁT THUỐC LẺ NỘI TRÚ TẠI BỆNH VIỆN TRƯỜNG ĐẠI HỌC Y DƯỢC CẦN THƠ NĂM 2025","Nguyễn Viết Hiệu1, Huỳnh Thị Mỹ Duyên2, Vũ Thị Ngọc Lan1, Lại Tài My1, Mai Quốc Trường1, Trần Bá Kiên","Trần Bá Kiên","6","Số 70 tháng 2/2026","https://drive.google.com/open?id=1jx1F2nsb6ZMgtwCv1GYUNruHJCZoRjCu","","Tiếng Việt","","","","","",""
"19/06/2026 9:27:41","htmduyen@ctump.edu.vn","Tạp chí Y Dược học","ISSN 2734-9209","1 điểm","14/01/2026","XÂY DỰNG VÀ THẨM ĐỊNH QUY TRÌNH ĐỊNH LƯỢNG ĐỒNG THỜI METFORMIN HYDROCLORID VÀ VILDAGLIPTIN TRONG VIÊN NÉN VÀ CÁC MÔI TRƯỜNG HÒA TAN KHÁC NHAU BẰNG PHƯƠNG PHÁP HPLC-DAD"," Lê Nhật Anh, Huỳnh Thị Mỹ Duyên, Bùi Cao Lê Đức Huy, Võ Thành Thông, Lý Ngọc Hạnh","Lý Ngọc Hạnh","5","Số 68 tháng 1/2026","https://drive.google.com/open?id=1_sXRnEifkS9n5oouWWyC_-JxphSJoJK0","","Tiếng Việt","","","","","",""
"19/06/2026 9:40:46","htmduyen@ctump.edu.vn","Tạp chí khoa học Trường Đại học Quốc tế Hồng Bàng","ISSN 2615-9686","0.5 điểm","12/03/2026","NGHIÊN CỨU BÀO CHẾ CỐM HÒA TAN TỪ CAO CHIẾT   HOA HÒE VÀ CAO LÁ SEN","Huỳnh Thị Mỹ Duyên1, Tô Hải Bình2, Nguyễn Hữu Nhân1,   Nguyễn Thị Bích1,  Lê Thị Minh Ngọc","Lê Thị Minh Ngọc","5","Số Đặc biệt: Hội nghị Khoa học Dược - 5/2026 ","https://drive.google.com/open?id=1oV3GyuJLtpCW3Fc-nU1nF2TCTyPR9xfK","","Tiếng Việt","","","","","",""
"19/06/2026 11:05:25","ptuyen@ctump.edu.vn","Journal of Medical Research","2354 - 080X","1 điểm","09/06/2026","Surgical Outcomes of Mandibular Fractures Treated with Miniplate Fixation and Management of Teeth in the Line of Fracture","Trinh Truong Giang, Vo Anh Dung, Truong Nhut Khue","Trương Nhựt Khuê","3","Tập 202, Số 5E18, trang 193-202","https://drive.google.com/open?id=1S2tHY4kutmaptKB83D95VQWzFHjbjC6d","","Tiếng Anh","","","","","",""
"19/06/2026 11:03:07","ltkngan@ctump.edu.vn","Tạp chí Y học Việt Nam","1859-1868","1 điểm","19/06/2026","ĐẶC ĐIỂM LÂM SÀNG VÀ KẾT QUẢ ĐIỀU TRỊ VIÊM DA TIẾP XÚC BÀN TAY MẠN TÍNH","Lê Thu Hiền, Trần Gia Hưng, Nguyễn Thị Thuỳ Tramg, Phạm Thanh Thảo, Lạc Thị Kim Ngân","Lạc Thị Kim Ngân","5","TẬP 561-THÁNG 4-SỐ2-NĂM 2026","https://drive.google.com/open?id=1A3A9HIg8VEK0NjXJgU9tD4F6_TmynAcW","","Tiếng Việt","","","","","",""
"19/06/2026 11:03:49","ptuyen@ctump.edu.vn","JOURNAL OF MEDICAL RESEARCH","2354 - 080X","1 điểm","09/06/2026","Anesthetic efficacy of articaine and lidocaine in endodontic treatment of mandibular molars with symptomatic irreversible pulpitis","Pham Le Xuan Quynh, Hong Quoc Khanh, Phan Thi Bay, Truong Nhut Khue","Trương Nhựt Khuê","4","Tập 202, số 5E18, trang 212-220","https://drive.google.com/open?id=1ciWPitzqKdwjAcR8nMnWktCcBFVe-XMW","","Tiếng Anh","","","","","",""
"19/06/2026 15:09:24","qkphung@ctump.edu.vn","Vietnam Journal of Preventive Medicine (Tạp chí Y học dự phòng)","0868-2836","1 điểm","09/04/2026","Prevalence and associated factors of Group B Streptococcus colonization among pregnant women at Can Tho Obstetrics and Gynecology Hospital, 2025","Lâm Đức Tâm, Nguyễn Thanh Huy, Quan Kim Phụng","Lâm Đức Tâm","3","Tập 35, số 10, trang 41-48","https://drive.google.com/open?id=1ne0v934ubMITbxzIBlItKjb8J5njMtcU","","Tiếng Anh","","","","","",""
"19/06/2026 15:28:12","ntdkhanh@ctump.edu.vn","KỶ YẾU HỘI THẢO KHOA HỌC QUỐC GIA ĐỔI MỚI GIÁO DỤC THỂ CHẤT VÀ PHÁT TRIỂN THỂ THAO  TRƯỜNG HỌC TRONG KỶ NGUYÊN SỐ","KỶ YẾU HỘI THẢO KHOA HỌC QUỐC GIA ĐẠI HỌC TRÀ VINH","0.5 điểm","10/06/2026","Nghiên cứu thực trạng một số đặc điểm nhân trắc và sinh lý nam sinh viên lứa tuổi 19 học năm thứ nhất trường Đại học Y dược Cần Thơ năm 2024 - 2025","Nguyễn Trần Đăng Khánh, ThS. Trương Thị Tuyết Châu, TS. BS. Phạm Kiều Anh Thơ, BS. Lý Tuyết Nhi, ThS. Nguyễn Nhật Tường","Nguyễn Trần Đăng Khánh","5","trang 164-173","https://drive.google.com/open?id=1py0TLyePCZDtT9FW1WKr_j644nRykLi0","","Tiếng Việt","","","","","",""
"19/06/2026 16:17:03","ptuyen@ctump.edu.vn","Tạp chí Y học Cộng đồng","2354 - 0613","0.75 điểm","01/01/2026","MỐI LIÊN QUAN GIỮA CÁC ĐẶC ĐIỂM LÂM SÀNG, CẬN LÂM SÀNG RĂNG KHÔN HÀM DƯỚI VỚI TÌNH TRẠNG SÂU MẶT XA RĂNG CỐI LỚN THỨ HAI TƯƠNG ỨNG","Phạm Phước Danh, Phùng Quốc Khanh, Lâm Nhựt Tân, Trần Duy Quân, Bế Nguyễn Kim Tứ, Phùng Đỗ Gia Khang, Lê Ngọc Thanh Trúc, Nguyễn Thiên Phước.","Trần Duy Quân","8","Đang xuất bản","https://drive.google.com/open?id=19II7oFyEa9fodhGwHXF5fgEMD7I8latL","","Tiếng Việt","","","","","",""
"19/06/2026 16:18:12","tqlong@ctump.edu.vn","HTKH cấp tỉnh - Phát triển kinh tế tư nhân gắn với tăng trưởng xanh và phát triển bền vững ở tỉnh An Giang trong giai đoạn hiện nay","Kỷ yếu","Kỷ yếu có phản biện","18/06/2026","MỐI QUAN HỆ BIỆN CHỨNG GIỮA PHÁT TRIỂN KINH TẾ TƯ NHÂN VÀ TĂNG TRƯỞNG XANH TRONG TIẾN TRÌNH PHÁT TRIỂN BỀN VỮNG: TIẾP CẬN TỪ LÝ THUYẾT HỆ THỐNG VÀ KINH TẾ HỌC THỂ  CHẾ – TRƯỜNG HỢP TỈNH AN GIANG","Thạch Quí Long, Võ Thanh Trà","Thạch Quí Long","","Tâp1, số 12, trang 134-143","https://drive.google.com/open?id=1lNLwFbyaPA7TssvgivF36f4cXyHSmeYL","","Tiếng Việt","","","","","",""
"19/06/2026 20:08:23","lvphuc@ctump.edu.vn","Tạp chí Y học Việt Nam","1859-1868","1 điểm","01/01/2026","Một số yếu tố liên quan đến kết quả điều trị u dưới niêm mạc thực quản và dạ dày bằng kỹ thuật đào hầm dưới niêm mạc qua nội soi ống mềm","La Vĩnh Phúc, Phạm Văn Lình, Võ Huỳnh Trang","Võ Huỳnh Trang","3","Tập 558, số 3, trang 367-74","https://drive.google.com/open?id=1WK8yoeMdat-ndqMTBA4Mn4SJGgyYaKqz","","Tiếng Việt","","","","","",""
"19/06/2026 20:12:43","lvphuc@ctump.edu.vn","Tạp chí Y học Việt Nam","1859-1868","1 điểm","01/08/2025","ĐẶC ĐIỂM NỘI SOI, CẮT LỚP VI TÍNH VÀ GIẢI PHẪU BỆNH CỦA U DƯỚI NIÊM MẠC THỰC QUẢN VÀ DẠ DÀY","La Vĩnh Phúc, Phạm Văn Lình , Võ Huỳnh Trang","Võ Huỳnh Trang","3","Tập553, số 3, trang 371-375","https://drive.google.com/open?id=1ku3eUnoAjcwgn2yRJwJL-eCNj-VuAZgW","","Tiếng Việt","","","","","",""
"19/06/2026 20:18:07","lvphuc@ctump.edu.vn","Tạp chí Y học lâm sàng Bệnh viện Trung ương Huế","p-ISSN 3030-4733, e-ISSN 3030-4415","1 điểm","28/01/2026","ĐÁNH GIÁ KẾT QUẢ ĐIỀU TRỊ U DƯỚI NIÊM MẠC THỰC QUẢN VÀ DẠ DÀY BẰNG KỸ THUẬT ĐÀO HẦM DƯỚI NIÊM MẠC QUA NỘI SOI ỐNG MỀM","La Vĩnh Phúc, Phạm Văn Lình, Võ Huỳnh Trang","Phạm Văn Lình","3","Tập 18, số 1, trang 5-10","https://drive.google.com/open?id=1oXTCKrgHOVLusH048eCha972vFbIsvqi","","Tiếng Việt","","","","","",""
"19/06/2026 23:02:31","cttnguyen2025@ctump.edu.vn","Tạp chí KHCN Đại học Thái Nguyên","1859-2171","1 điểm","11/03/2026","BƯỚC ĐẦU TÌM HIỂU ĐẶC ĐIỂM DI TRUYỀN QUA 22 PHẢ HỆ BỆNH VIÊM NHA CHU VÀ ĐÁI THÁO ĐƯỜNG TYPE 2","Huỳnh Ái Linh,  Cao Thị Tài Nguyên","Cao Thị Tài Nguyên","2","231(05)417-423","https://drive.google.com/open?id=1YX5vWOn2QZRP8IAoUVwBT5vPHaZOax6i","","Tiếng Việt","","","","","",""
"20/06/2026 11:42:50","ttnthuy@ctump.edu.vn","Tạp chí Y học ","ISSN: 1859-1779","0.75 điểm","21/05/2026","Thiếu đa vi chất dinh dưỡng và một số yếu tố liên quan ở trẻ em dưới 5 tuổi ","Nguyễn Thị Bảo Hà, Thái Thị Ngọc Thúy, Trương Thành Nam","Nguyễn Thị Bảo Hà","3","Tập 29, Số 7, trang 25 - 32 ","https://drive.google.com/open?id=1XOb7H8p9zYlVEB3gDvxlxOdq_AYIPtLs","","Tiếng Việt","","","","","",""
"20/06/2026 14:02:06","ntdkhanh@ctump.edu.vn"," KỶ YẾU HỘI THẢO KHOA HỌC QUỐC GIA ĐỔI MỚI GIÁO DỤC THỂ CHẤT VÀ PHÁT TRIỂN THỂ THAO  TRƯỜNG HỌC TRONG KỶ NGUYÊN SỐ","KỶ YẾU HỘI THẢO KHOA HỌC QUỐC GIA ĐẠI HỌC TRÀ VINH có mã số ISBN: 978-604-60-43331","0.5 điểm","10/06/2026","Nghiên cứu thực trạng một số đặc điểm nhân trắc và sinh lý nam sinh viên lứa tuổi 19 học năm thứ nhất trường Đại học Y dược Cần Thơ năm 2024 - 2025","Nguyễn Trần Đăng Khánh, ThS. Trương Thị Tuyết Châu, TS. BS. Phạm Kiều Anh Thơ, BS. Lý Tuyết Nhi, ThS. Nguyễn Nhật Tường","Nguyễn Trần Đăng Khánh","5","trang 164-173","https://drive.google.com/open?id=10AeQ6pnP9KVVhNEVwmpzd1ixlyb6W6Ze","","Tiếng Việt","","","","","",""
"20/06/2026 14:09:48","ntdkhanh@ctump.edu.vn","KỶ YẾU HỘI THẢO KHOA HỌC QUỐC GIA ĐỔI MỚI GIÁO DỤC THỂ CHẤT VÀ PHÁT TRIỂN THỂ THAO  TRƯỜNG HỌC TRONG KỶ NGUYÊN SỐ","KỶ YẾU HỘI THẢO KHOA HỌC QUỐC GIA ĐẠI HỌC TRÀ VINH có mã số ISBN: 978-604-60-43331","0.5 điểm","10/06/2026","Nghiên cứu thực trạng một số đặc điểm nhân trắc và sinh lý nam sinh viên lứa tuổi 19 học năm thứ nhất trường Đại học Y dược Cần Thơ năm 2024 - 2025","Nguyễn Trần Đăng Khánh, ThS. Trương Thị Tuyết Châu, TS. BS. Phạm Kiều Anh Thơ, BS. Lý Tuyết Nhi, ThS. Nguyễn Nhật Tường","Trương Thị Tuyết Châu","5","trang 164-173","https://drive.google.com/open?id=1WWrNmHE6i7taQ5VY9EhTqyoFkhgLSJky","","Tiếng Việt","","","","","",""
"20/06/2026 14:17:41","ntdkhanh@ctump.edu.vn","KỶ YẾU HỘI THẢO KHOA HỌC QUỐC GIA ĐỔI MỚI GIÁO DỤC THỂ CHẤT VÀ PHÁT TRIỂN THỂ THAO  TRƯỜNG HỌC TRONG KỶ NGUYÊN SỐ","KỶ YẾU HỘI THẢO KHOA HỌC QUỐC GIA ĐẠI HỌC TRÀ VINH có mã số ISBN: 978-604-60-43331","0.5 điểm","10/06/2026","Nghiên cứu thực trạng một số đặc điểm nhân trắc và sinh lý nam sinh viên lứa tuổi 19 học năm thứ nhất trường Đại học Y dược Cần Thơ năm 2024 - 2025","Nguyễn Trần Đăng Khánh, ThS. Trương Thị Tuyết Châu, TS. BS. Phạm Kiều Anh Thơ, BS. Lý Tuyết Nhi, ThS. Nguyễn Nhật Tường","Phạm Kiều Anh Thơ","5","trang 164-173","https://drive.google.com/open?id=1Z9eVBT_Boz6mlrMeY_kMuWFSssSAiV_D","","Tiếng Việt","","","","","",""
"20/06/2026 14:24:17","ntdkhanh@ctump.edu.vn","KỶ YẾU HỘI THẢO KHOA HỌC QUỐC GIA ĐỔI MỚI GIÁO DỤC THỂ CHẤT VÀ PHÁT TRIỂN THỂ THAO  TRƯỜNG HỌC TRONG KỶ NGUYÊN SỐ","KỶ YẾU HỘI THẢO KHOA HỌC QUỐC GIA ĐẠI HỌC TRÀ VINH có mã số ISBN: 978-604-60-43331","0.5 điểm","10/06/2026","Nghiên cứu thực trạng một số đặc điểm nhân trắc và sinh lý nam sinh viên lứa tuổi 19 học năm thứ nhất trường Đại học Y dược Cần Thơ năm 2024 - 2025","Nguyễn Trần Đăng Khánh, ThS. Trương Thị Tuyết Châu, TS. BS. Phạm Kiều Anh Thơ, BS. Lý Tuyết Nhi, ThS. Nguyễn Nhật Tường","Nguyễn Nhật Tường","5","trang 164-173","https://drive.google.com/open?id=1Msf46pQSW_RhgLWiXurfwEk-AQSbLr3H","","Tiếng Việt","","","","","",""
"20/06/2026 14:30:52","ntdkhanh@ctump.edu.vn","KỶ YẾU HỘI THẢO KHOA HỌC QUỐC GIA ĐỔI MỚI GIÁO DỤC THỂ CHẤT VÀ PHÁT TRIỂN THỂ THAO  TRƯỜNG HỌC TRONG KỶ NGUYÊN SỐ","KỶ YẾU HỘI THẢO KHOA HỌC QUỐC GIA ĐẠI HỌC TRÀ VINH có mã số ISBN: 978-604-60-43331","0.5 điểm","10/06/2026","Nghiên cứu thực trạng một số đặc điểm nhân trắc và sinh lý nam sinh viên lứa tuổi 19 học năm thứ nhất trường Đại học Y dược Cần Thơ năm 2024 - 2025","Nguyễn Trần Đăng Khánh, ThS. Trương Thị Tuyết Châu, TS. BS. Phạm Kiều Anh Thơ, BS. Lý Tuyết Nhi, ThS. Nguyễn Nhật Tường","Lý Tuyết Nhi","5","trang 164-173","https://drive.google.com/open?id=1IC2bC_xtfF4hcw5wEEK7c_wp_Ph3EkKL","","Tiếng Việt","","","","","",""
"20/06/2026 14:35:49","ntdkhanh@ctump.edu.vn","KỶ YẾU HỘI THẢO KHOA HỌC QUỐC GIA ĐỔI MỚI GIÁO DỤC THỂ CHẤT VÀ PHÁT TRIỂN THỂ THAO  TRƯỜNG HỌC TRONG KỶ NGUYÊN SỐ","KỶ YẾU HỘI THẢO KHOA HỌC QUỐC GIA ĐẠI HỌC TRÀ VINH có mã số ISBN: 978-604-60-43331","0.5 điểm","10/06/2026","Nghiên cứu khảo sát một số đặc điểm giá trị sinh học nam sinh viên khóa 50 ngành giáo dục thể chất Đại học Cần Thơ năm học 2025 – 2026","TS. Nguyễn Văn Thái, ThS. Nguyễn Trần Đăng Khánh, ThS. Tống Lê Minh, TS. Đàm Anh Tuấn, ThS. Võ Thành Trinh, ThS. Nguyễn Lâm Minh Đăng","Nguyễn Trần Đăng Khánh","6","trang 153-164","https://drive.google.com/open?id=1sQHKfjC3Pj3PMhUtjVwRaFvtICxb1leL","","Tiếng Việt","","","","","",""
"20/06/2026 14:40:16","ntdkhanh@ctump.edu.vn","KỶ YẾU HỘI THẢO KHOA HỌC QUỐC GIA ĐỔI MỚI GIÁO DỤC THỂ CHẤT VÀ PHÁT TRIỂN THỂ THAO  TRƯỜNG HỌC TRONG KỶ NGUYÊN SỐ","KỶ YẾU HỘI THẢO KHOA HỌC QUỐC GIA ĐẠI HỌC TRÀ VINH có mã số ISBN: 978-604-60-43331","0.5 điểm","10/06/2026","Nghiên cứu khảo sát một số đặc điểm giá trị sinh học nam sinh viên khóa 50 ngành giáo dục thể chất Đại học Cần Thơ năm học 2025 – 2026","TS. Nguyễn Văn Thái, ThS. Nguyễn Trần Đăng Khánh, ThS. Tống Lê Minh, TS. Đàm Anh Tuấn, ThS. Võ Thành Trinh, ThS. Nguyễn Lâm Minh Đăng","Đàm Anh Tuấn","6","trang 153-164","https://drive.google.com/open?id=1X1Fb2QYlLwf9pxgkTf58DsnrjX_7GohO","","Tiếng Việt","","","","","",""
"20/06/2026 14:45:15","ntdkhanh@ctump.edu.vn","KỶ YẾU HỘI THẢO KHOA HỌC QUỐC GIA ĐỔI MỚI GIÁO DỤC THỂ CHẤT VÀ PHÁT TRIỂN THỂ THAO  TRƯỜNG HỌC TRONG KỶ NGUYÊN SỐ","KỶ YẾU HỘI THẢO KHOA HỌC QUỐC GIA ĐẠI HỌC TRÀ VINH có mã số ISBN: 978-604-60-43331","0.5 điểm","10/06/2026","Nghiên cứu khảo sát một số đặc điểm giá trị sinh học nam sinh viên khóa 50 ngành giáo dục thể chất Đại học Cần Thơ năm học 2025 – 2026","TS. Nguyễn Văn Thái, ThS. Nguyễn Trần Đăng Khánh, ThS. Tống Lê Minh, TS. Đàm Anh Tuấn, ThS. Võ Thành Trinh, ThS. Nguyễn Lâm Minh Đăng","Nguyễn Lâm Minh Đăng ","6","trang 153-164","https://drive.google.com/open?id=1TLR-iIFqw-AoeyMqUayjNie2nhx-Hv_m","","Tiếng Việt","","","","","",""
"20/06/2026 14:53:32","ntdkhanh@ctump.edu.vn","KỶ YẾU HỘI THẢO KHOA HỌC QUỐC GIA ĐỔI MỚI GIÁO DỤC THỂ CHẤT VÀ PHÁT TRIỂN THỂ THAO  TRƯỜNG HỌC TRONG KỶ NGUYÊN SỐ","KỶ YẾU HỘI THẢO KHOA HỌC QUỐC GIA ĐẠI HỌC TRÀ VINH có mã số ISBN: 978-604-60-43331","0.5 điểm","10/06/2026","Nghiên cứu khảo sát một số đặc điểm giá trị sinh học nam sinh viên khóa 50 ngành giáo dục thể chất Đại học Cần Thơ năm học 2025 – 2026","TS. Nguyễn Văn Thái, ThS. Nguyễn Trần Đăng Khánh, ThS. Tống Lê Minh, TS. Đàm Anh Tuấn, ThS. Võ Thành Trinh, ThS. Nguyễn Lâm Minh Đăng","Võ Thành Trinh","6","trang 153-164","https://drive.google.com/open?id=1gEFa7NvS29NQFCKSI96yD3iIhMrPfU5F","","Tiếng Việt","","","","","",""
"20/06/2026 15:21:17","ntdkhanh@ctump.edu.vn","KỶ YẾU HỘI THẢO KHOA HỌC QUỐC GIA ĐỔI MỚI GIÁO DỤC THỂ CHẤT VÀ PHÁT TRIỂN THỂ THAO  TRƯỜNG HỌC TRONG KỶ NGUYÊN SỐ","KỶ YẾU HỘI THẢO KHOA HỌC QUỐC GIA ĐẠI HỌC TRÀ VINH có mã số ISBN: 978-604-60-43331","0.5 điểm","10/06/2026","Nghiên cứu khảo sát một số đặc điểm giá trị sinh học nam sinh viên khóa 50 ngành giáo dục thể chất Đại học Cần Thơ năm học 2025 – 2026","Lê Tiền Đề","Lê Tiền Đề","1","trang 42-53","https://drive.google.com/open?id=1anKaIvmy3N_eQPBJewaklg_14p2RG6Kt","","Tiếng Việt","","","","","",""
"20/06/2026 15:26:26","ntdkhanh@ctump.edu.vn","KỶ YẾU HỘI THẢO KHOA HỌC TOÀN QUỐC NĂM 2026 VÀ THỂ DỤC THỂ THAO TRONG THỜI ĐẠI MỚI THỰC TIỄN VÀ ĐỊNH HƯỚNG PHÁT TRIỂN NÂNG CAO CHẤT LƯỢNG CÔNG TÁC GIÁO DỤC THỂ CHẤT","KỶ YẾU HỘI THẢO KHOA HỌC ISBN: 978-632-614-316-4","0.5 điểm","23/03/2026","NGHIÊN CỨU THỰC TRẠNG MỘT SỐ ĐẶC ĐIỂM NHÂN TRẮC VÀ SINH LÝ NỮ SINH VIÊN NĂM THỨ NHẤT LỨA TUỔI 19 THUỘC TRƯỜNG ĐẠI HỌC Y DƯỢC CẦN THƠ NĂM 2024 – 2025","ThS. Nguyễn Trần Đăng Khánh, ThS.Trương Thị Tuyết Châu TS.BS. Phạm Kiều Anh Thơ, BS. Lý Tuyết Nhi","Nguyễn Trần Đăng Khánh","4","trang 87-94","https://drive.google.com/open?id=1cfCDKHjsO7mg5hmrSqMPKnr41bliH1o_","","Tiếng Việt","","","","","",""
"20/06/2026 15:28:29","ntdkhanh@ctump.edu.vn","KỶ YẾU HỘI THẢO KHOA HỌC TOÀN QUỐC NĂM 2026 VÀ THỂ DỤC THỂ THAO TRONG THỜI ĐẠI MỚI THỰC TIỄN VÀ ĐỊNH HƯỚNG PHÁT TRIỂN NÂNG CAO CHẤT LƯỢNG CÔNG TÁC GIÁO DỤC THỂ CHẤT","KỶ YẾU HỘI THẢO KHOA HỌC ISBN: 978-632-614-316-4","0.5 điểm","23/03/2026","NGHIÊN CỨU THỰC TRẠNG MỘT SỐ ĐẶC ĐIỂM NHÂN TRẮC VÀ SINH LÝ NỮ SINH VIÊN NĂM THỨ NHẤT LỨA TUỔI 19 THUỘC TRƯỜNG ĐẠI HỌC Y DƯỢC CẦN THƠ NĂM 2024 – 2025","ThS. Nguyễn Trần Đăng Khánh, ThS.Trương Thị Tuyết Châu TS.BS. Phạm Kiều Anh Thơ, BS. Lý Tuyết Nhi","Trương Thị Tuyết Châu","4","trang 87-94","https://drive.google.com/open?id=1LIJH8PLsYS0mSIgCzKhaIsRKecPCfI2q","","Tiếng Việt","","","","","",""
"20/06/2026 15:30:25","ntdkhanh@ctump.edu.vn","KỶ YẾU HỘI THẢO KHOA HỌC TOÀN QUỐC NĂM 2026 VÀ THỂ DỤC THỂ THAO TRONG THỜI ĐẠI MỚI THỰC TIỄN VÀ ĐỊNH HƯỚNG PHÁT TRIỂN NÂNG CAO CHẤT LƯỢNG CÔNG TÁC GIÁO DỤC THỂ CHẤT","KỶ YẾU HỘI THẢO KHOA HỌC ISBN: 978-632-614-316-4","0.5 điểm","23/03/2026","NGHIÊN CỨU THỰC TRẠNG MỘT SỐ ĐẶC ĐIỂM NHÂN TRẮC VÀ SINH LÝ NỮ SINH VIÊN NĂM THỨ NHẤT LỨA TUỔI 19 THUỘC TRƯỜNG ĐẠI HỌC Y DƯỢC CẦN THƠ NĂM 2024 – 2025","ThS. Nguyễn Trần Đăng Khánh, ThS.Trương Thị Tuyết Châu TS.BS. Phạm Kiều Anh Thơ, BS. Lý Tuyết Nhi","Phạm Kiều Anh Thơ","4","trang 87-94","https://drive.google.com/open?id=15cqr0hViP6u-KWocbNLwRFLeP2FaNR0-","","Tiếng Việt","","","","","",""
"20/06/2026 15:31:48","ntdkhanh@ctump.edu.vn","KỶ YẾU HỘI THẢO KHOA HỌC TOÀN QUỐC NĂM 2026 VÀ THỂ DỤC THỂ THAO TRONG THỜI ĐẠI MỚI THỰC TIỄN VÀ ĐỊNH HƯỚNG PHÁT TRIỂN NÂNG CAO CHẤT LƯỢNG CÔNG TÁC GIÁO DỤC THỂ CHẤT","KỶ YẾU HỘI THẢO KHOA HỌC ISBN: 978-632-614-316-4","0.5 điểm","23/03/2026","NGHIÊN CỨU THỰC TRẠNG MỘT SỐ ĐẶC ĐIỂM NHÂN TRẮC VÀ SINH LÝ NỮ SINH VIÊN NĂM THỨ NHẤT LỨA TUỔI 19 THUỘC TRƯỜNG ĐẠI HỌC Y DƯỢC CẦN THƠ NĂM 2024 – 2025","ThS. Nguyễn Trần Đăng Khánh, ThS.Trương Thị Tuyết Châu TS.BS. Phạm Kiều Anh Thơ, BS. Lý Tuyết Nhi","Lý Tuyết Nhi","4","trang 87-94","https://drive.google.com/open?id=181ACWlfrNlldXQi_EZFq7H1UUh6fapsQ","","Tiếng Việt","","","","","",""
"20/06/2026 19:07:57","lttai@ctump.edu.vn","Tạp chí Y học Việt Nam","1859-1868","1 điểm","06/04/2026","Nghiên cứu tình hình rối loạn chức năng tình dục và yếu tố liên quan ở phụ nữ mãn kinh tại Thành phố Cần Thơ năm 2025","Lê Thị Kim Định, Lê Thành Tài, Lê Minh Hữu, Ngô Văn Dũng, Trần Khánh Nga","Trần Khánh Nga","5","Tập 560, số 2, trang 150-154","https://drive.google.com/open?id=1DZuC02VUQod1RDcAUsLiBZu6PqA2tok3","","Tiếng Việt","","","","","",""
"21/06/2026 11:25:26","bmnoi@ctump.edu.vn","Tạp chí Y học Việt Nam","ISSN: 1859-1868","1 điểm","06/03/2026","Mối liên quan giữa điểm siêu âm phổi và đáp ứng khởi trị bằng kháng sinh kinh nghiệm trong viêm phổi mắc phải cộng đồng","Tô Việt Khái, Vương Hữu Tiến, Võ Phạm Minh Thư"," Võ Phạm Minh Thư","3","TCNCYH 201 (04) - 2026","https://drive.google.com/open?id=182yJ1teqAREh47mvhQEzmgwe2S8FZyGO","","Tiếng Việt","","","","","",""
"21/06/2026 11:44:29","bmnoi@ctump.edu.vn","JOURNAL OF MEDICAL RESEARCH","ISSN: 2354-080X","1 điểm","15/04/2026","LUNG ULTRASOUND CHARACTERISTICS IN COMMUNITY-ACQUIRED PNEUMONIA PATIENTS AT CAN THO UNIVERSITY OF MEDICINE AND PHARMACY HOSPITAL","Đặng Nhật Hoàng,  Phù Trí Nghĩa,  Võ Nhật Khoa,  Nguyễn Thế Bảo,  Mai Thị Thùy Linh,  Trần Trọng Anh Tuấn,  Võ Phạm Minh Thư","Võ Phạm Minh Thư","7","JMR 202 E18 (05) - 2026 ","https://drive.google.com/open?id=1zGSq9zfOPiXT10it74x3YQu1T6mHU0Sf","","Tiếng Anh","","","","","",""
"21/06/2026 11:51:16","bmnoi@ctump.edu.vn","Tạp chí Y học Việt Nam","ISSN: 1859-1868","1 điểm","23/04/2026","ĐÁNH GIÁ KẾT QUẢ ĐIỀU TRỊ KHÁNG SINH KINH NGHIỆM Ở BỆNH NHÂN VIÊM PHỔI CỘNG ĐỒNG NẶNG TẠI BỆNH VIỆN ĐA KHOA CÀ MAU NĂM 2025-2026","Trần Văn Nhật, Võ Phạm Minh Thư, Huỳnh Ngọc Linh","Trần Văn Nhật","3","Tập 66, Số Chuyên đề 14","https://drive.google.com/open?id=1_3VnSt6n2NDO6HdhQgcAx6gkegCehfZs","bài báo Tiếng Việt có tóm tắt bằng tiếng Anh","Tiếng Việt","","","","","",""
"21/06/2026 14:53:25","nhhon@ctump.edu.vn","Tạp chí Y học Việt Nam","ISSN: 1859-1868","1 điểm","09/02/2026","ĐẶC ĐIỂM MÔ BỆNH HỌC U CƠ TUYẾN, POLYP TÚI MẬT VÀ ĐÁNH GIÁ KẾT QUẢ ĐIỀU TRỊ BẰNG PHẪU THUẬT CẮT TÚI MẬT NỘI SOI TẠI BỆNH VIỆN TRƯỜNG ĐẠI HỌC Y DƯỢC CẦN THƠ NĂM 2023-2025","Nguyễn Hoàng Hơn, Nguyễn Văn Lâm, La Văn Phú, Nguyễn Văn Luân, Nguyễn Văn Tuấn, Đặng Hồng Quân, Mai Văn Đợi, Nguyễn Văn Hiên, Nguyễn Khắc Nam, Phạm Văn Năng","Nguyễn Hoàng Hơn","10","Tập 559, số 1, trang 38-42","https://drive.google.com/open?id=1uG7ScoC2YzsfiZzNs3rzlp08VRRUkxzw","","Tiếng Việt","","","","","",""
"21/06/2026 22:49:14","khnhan@ctump.edu.vn","JOURNAL OF MEDICAL RESEARCH","ISSN 2354-080X ","1 điểm","09/06/2026","ASSOCIATION BETWEEN KRAS MUTATIONS AND THE ENDOSCOPIC AND HISTOPATHOLOGICAL FEATURES OF COLORECTAL ADENOMATOUS POLYPS","Le Thi Ngoc Huyen, Nguyen Thanh Liem, Kha Huu Nhan Thai Thi Hong Nhung, Nguyen Phan Hai Sam, La Vinh Phuc Nguyen The Bao, Tran Y Duc, Luong Thi Thuy Loan, Dang Nhu Lan, Nguyen Tien Thien, Huynh Van Loc, Huynh Hieu Tam","Huynh Hieu Tam","13","JMR 202 E18 (05) - 2026, trang 45-55","https://drive.google.com/open?id=18SOGgVseGygeGmMC-Bfp3QAcaBNZPv7A","","Tiếng Anh","","","","","",""
"22/06/2026 8:06:19","btttam@ctump.edu.vn","Tạp chí Khoa học quản lý giáo dục","2354-0788","0.75 điểm","20/04/2026","Thực trạng quản lý hoạt động đào tạo trình độ thạc sĩ tại trường Đại học Y Dược Cần Thơ","Cao Ngọc Báu, Bùi Thị Thanh Tâm","Cao Ngọc Báu","2","Tập 2, số 51, trang 10-17","https://drive.google.com/open?id=1py4pWhiimF5CDD04bY3FwPyqm1HMDQF-","","Tiếng Việt","","","","","",""
"22/06/2026 9:04:36","ddtien@ctump.edu.vn","Tạp chí Y học Việt Nam","Tạp chí Y học Việt Nam có mã số ISSN: 1859-1868","1 điểm","04/06/2026","ĐÁNH GIÁ ĐẶC ĐIỂM HÌNH ẢNH CHẤN THƯƠNG CỘT SỐNG NGỰC – THẮT LƯNG TRÊN   CẮT LỚP VI TÍNH THEO PHÂN LOẠI AOSPINE","Đoàn Dũng Tiến1*, Lê Thiên Bảo1, Dương Thanh Phúc1, Bành Dương Yến Nhi2","Đoàn Dũng Tiến","4","Tập 560 (THÁNG 3), số 2, trang 375-378","https://drive.google.com/open?id=1sqW6iwZno5VRGm7g70BpQCDoKjz8Abl7","","Tiếng Việt","","","","","",""
"22/06/2026 11:23:34","bmnoi@ctump.edu.vn","Tạp chí Y học Cộng đồng","ISSN 2354-0613.","0.5 điểm","05/03/2026","THỰC TRẠNG BỆNH LÝ ĐẠI TRÀNG Ở NHỮNG NGƯỜI KIỂM TRA SỨC KHỎE TẠI BỆNH VIỆN TRƯỜNG ĐẠI HỌC Y DƯỢC CẦN THƠ NĂM 2023-2024","Huỳnh Hiếu Tâm, Võ Nhật Khoa,  Lương Thị Thúy Loan,  Đặng Như Lan,  Trần Y Đức,  Thái Thị Hồng Nhung","Thái Thị Hồng Nhung","6","Tập 67 Số CĐ2-NCKH","https://drive.google.com/open?id=1B9vz8xupOn7JgnaAMc4kquR6cWXGJZEh","","Tiếng Việt","","","","","",""
"22/06/2026 11:30:07","bmnoi@ctump.edu.vn","Tạp chí Nghiên cứu Y học","ISSN: 2354-080X","1 điểm","31/03/2026","ASSOCIATION BETWEEN KRAS MUTATIONS AND THE ENDOSCOPIC AND HISTOPATHOLOGICAL FEATURES OF COLORECTAL ADENOMATOUS POLYPS","Lê Thị Ngọc Huyền, Nguyễn Thành Liêm, Kha Hữu Nhân, Thái Thị Hồng Nhung, Nguyễn Phan Hải Sâm, Lã Vinh Phúc, Nguyễn Thế Bảo, Trần Y Đức, Lương Thị Thủy Loan, Đặng Như Lân, Nguyễn Tiến Thiện, Huỳnh Văn Lộc và Huỳnh Hiếu Tâm.","Huỳnh Hiếu Tâm","13","Tập 202 E18, Số 05 - Tháng 5 năm 2026.","https://drive.google.com/open?id=1454d06bXP7YYjDFCEQXib5TAxw6gIRYQ","","Tiếng Anh","","","","","",""
"22/06/2026 11:48:27","qkphung@ctump.edu.vn","Tạp chí nghiên cứu Y học","2354-080X","0.75 điểm","28/07/2025","NIỀM TIN CỦA HỘ SINH VỀ THỰC HÀNH DỰA TRÊN BẰNG CHỨNG VÀ MỘT SỐ YẾU TỐ LIÊN QUAN","Mai Nguyễn Thanh Trúc, Phạm Lê An, Lê Thị Kim Định, Ngô Thị Dung, Phạm Thị Thanh Thoảng, Đặng Thị Minh Phương, Phan Thị Thư, Lâm Đức Tâm","Mai Nguyễn Thanh Trúc","8","Tập 192, số 7, trang 500-507","https://drive.google.com/open?id=1A14tbBiswTeneRMQD7vG0T2KaFrcTA-A","","Tiếng Việt","","","","","",""
"22/06/2026 12:09:55","qkphung@ctump.edu.vn","Tạp chí Y học Việt Nam","1859-1868","1 điểm","03/02/2026","KHẢO SÁT TỶ LỆ, MỨC ĐỘ NÔN NGHÉN VÀ ẢNH HƯỞNG CỦA NÔN NGHÉN ĐẾN CHẤT LƯỢNG CUỘC SỐNG CỦA THAI PHỤ TRONG 3 THÁNG ĐẦU TẠI BỆNH VIỆN PHỤ SẢN THÀNH PHỐ CẦN THƠ","Đàm Như Bình, Bành Dương Yến Nhi, Lâm Đức Tâm","Lâm Đức Tâm","3","Tập 558, số 3, trang 362-367","https://drive.google.com/open?id=1Lip69TUjLm4chHkmXEBdPZEK58qOrxb7","","Tiếng Việt","","","","","",""
"22/06/2026 11:59:48","qkphung@ctump.edu.vn","Tạp chí Y học Việt Nam","1859-1868","1 điểm","11/03/2026","ĐẶC ĐIỂM LƯỢNG MÁU MẤT VÀ MỘT SỐ YẾU TỐ LIÊN QUAN Ở SẢN PHỤ SINH THƯỜNG NGẢ ÂM ĐẠO TẠI TRUNG TÂM Y TẾ KHU VỰC THẠNH PHÚ NĂM 2025","Bùi Xuân Tươi, Lê Thị Minh Nguyệt, Nguyễn Thị Diễm, Huỳnh Lê Tấn Phúc, Hồ Thị Bích Liên, Lâm Đức Tâm","Lâm Đức Tâm","6","Tập 559, số 3, trang 304-308","https://drive.google.com/open?id=1VyaLdYWTrLBGpK30i3Qt4hlWAcTzV7fd","","Tiếng Việt","","","","","",""
"22/06/2026 12:08:11","qkphung@ctump.edu.vn","Tạp chí Y học Việt Nam","1859-1868","1 điểm","19/06/2026","ĐẶC ĐIỂM LÂM SÀNG, CẬN LÂM SÀNG VÀ CÁC YẾU TỐ LIÊN QUAN CỦA XUẤT HUYẾT TỬ CUNG BẤT THƯỜNG Ở PHỤ NỮ TỪ 18-52 TUỔI TẠI BỆNH VIỆN ĐA KHOA KHU VỰC THỦ ĐỨC","Lâm Đức Tâm, Nguyễn Thị Kim Ngọc, Huỳnh Ngọc Phước","Lâm Đức Tâm","3","tập 561, số 2, trang 315-320","https://drive.google.com/open?id=1cIWIZuYPMra6_PkRBdJe8aYPJscD8GKH","","Tiếng Việt","","","","","",""
"22/06/2026 16:05:53","nttminh@ctump.edu.vn","Tạp chí Giáo Dục và Xã hội","ISSN: 1859 - 3917","0.5 điểm","25/05/2026","KHẢO SÁT NHU CẦU HỌC TIẾNG ANH CHUYÊN NGÀNH  CỦA SINH VIÊN Y KHOA TRƯỜNG ĐẠI HỌC Y DƯỢC CẦN THƠ  NĂM 2025-2026","Phạm Thành Đạt, Nguyễn Diễm Nguyên, Trần Phước Lợi, Hà Tuấn Anh, Nguyễn Hoàng Sơn, Phan Thị Ngọc Hân, Nguyễn Thị Tuyết Minh","Nguyễn Thị Tuyết Minh","","Số đặc biệt, kỳ 2, trang 126 -130","https://drive.google.com/open?id=1sVepaIalbGubh2vrO3Ps9Fv6hDeauCo3, https://drive.google.com/open?id=1UrZo93YAJE70oYznTppWhqVBLQCVSyg1","Nguyễn Thị Tuyết Minh và  Phan Thị Ngọc Hân (tác giả chịu trách nhiệm hướng dẫn nhóm sinh viên)","Tiếng Việt","","","","","",""
"22/06/2026 22:14:08","ntliem@ctump.edu.vn","Tạp chí Y học Việt Nam","1859-1868","1 điểm","19/06/2026","ĐẶC ĐIỂM NỘI SOI, MÔ BỆNH HỌC VÀ KẾT QUẢ CẮT POLYP   KHÔNG CUỐNG Ở ĐẠI TRỰC TRÀNG ≥20 MM QUA NỘI SOI ","Nguyễn Thanh Liêm, Lê Thị Thúy Loan","Lê Thị Thúy Loan","2","Tập 561, số 2, trang 54-58","https://drive.google.com/open?id=165zTDodWhamTmZWcFLHq7QYxdQndLLJU","","Tiếng Việt","","","","","",""
"22/06/2026 22:20:30","ntliem@ctump.edu.vn","TẠP CHÍ NGHIÊN CỨU Y HỌC","2354-080X","1 điểm","06/05/2026","MỐI LIÊN QUAN GIỮA NHIỄM HELICOBACTER PYLORI VÀ           HỘI CHỨNG RUỘT KÍCH THÍCH THEO TIÊU CHUẨN ROME IV","Võ Ngọc Đăng Thư, Lê Văn Nho và Nguyễn Thanh Liêm","Nguyễn Thanh Liêm","3","Tập 201, số 4, trang 159-168","https://drive.google.com/open?id=1nRaCsNIW3c3jhzHEcn4xyyVmuSTnsQSb","","Tiếng Việt","","","","","",""
"23/06/2026 13:44:32","ntktuong@ctump.edu.vn","Y học TP. Hồ Chí Minh","P-ISSN là 1859-1779 và E-ISSN là 2615-9139","0.75 điểm","16/05/2026","Kiểm định tính tin cậy nội bộ và giá trị cấu trúc của bộ chuẩn năng lực giảng viên điều dưỡng Việt Nam","Trần Thụy Khánh Linh, Huỳnh Thụy Phương Hồng , Hà Thị Như Xuân, Lương Văn Hoan, Nguyễn Thị Kim Tường, Nguyễn Bích Lưu","Trần Thụy Khánh Linh","6","Tập 29, số 6, trang 179-187","https://drive.google.com/open?id=1TV_fXITcJN-XXhBwFO5waVat9Bu45mrb","","Tiếng Việt","","","","","",""
"23/06/2026 21:54:41","lcnhan@ctump.edu.vn","Tạp chí Thanh niên nghiên cứu khoa học","2734-9039","0.75 điểm","16/06/2026","Nhận diện những đặc điểm của cục diện thế giới hiện nay","Trần Thị Hồng Lê, Lê Chí Nhân","Trần Thị Hồng Lê","2","Số 102, trang 175-177","https://drive.google.com/open?id=16MS8u37ocdAYzMd0xMSQMkCjhQlra3NJ","","Tiếng Việt","","","","","",""
"24/06/2026 8:27:07","tthcua@ctump.edu.vn","Tạp chí Y học Thành phố Hồ Chí Minh"," 1859-1779","1 điểm","05/12/2026","Tỉ lệ huyết thanh IgG dương tính với Toxocara spp. và kết quả điều trị bằng albendazol trên bệnh nhân mày đay mạn tính","Huỳnh Như, Nguyễn Văn Thống, Trịnh Thị Hồng Của","Trịnh Thị Hồng Của","3","Tập 29, Số 6, 129-135","https://drive.google.com/open?id=1iuckAnIwjc9svXF7T4M2_ojGHD3c1xhq","","Tiếng Việt","","","","","",""
"24/06/2026 9:17:04","ntklan@ctump.edu.vn","Tạp chí Y học Cộng đồng ","2354-0613","0.25 điểm","25/04/2026","ÁP LỰC HỌC TẬP VÀ MỐI LIÊN QUAN VỚI TRẦM CẢM Ở HỌC SINH TRUNG HỌC PHỔ THÔNG TẠI TỈNH VĨNH LONG","Nguyễn Tấn Đạt, Nguyễn Thanh Truyền, Nguyễn Ngọc Huyền, Nguyễn Thị Kiều Lan, Nguyễn Minh Phương","Nguyễn Tấn Đạt","5","Tập 67, số 4, trang 302-306","https://drive.google.com/open?id=14GxH8jccYSCGqqlxp-cc8mYonlzSvkot","","Tiếng Việt","","","","","",""
"24/06/2026 9:23:33","ntklan@ctump.edu.vn","Tạp chí Giáo dục và Xã hội","1859-3917","0.5 điểm","15/01/2026","ĐẶC ĐIỂM CĂNG THẲNG HỌC TẬP VÀ MỐI LIÊN QUAN VỚI TRÍ TUỆ CẢM XÚC Ở HỌC SINH TRUNG HỌC NĂM 2024","Nguyễn Thị Kiều Lan, Nguyễn Tấn Đạt, Nguyễn Thị Thanh Thảo, Nguyễn Lê Ngọc Giàu, Trần Hoàng Anh Huy, Nguyễn Minh Trung, Nguyễn Thị Tuyết","Nguyễn Thị Kiều Lan","7","Tập 239, số 178, trang 77-81","https://drive.google.com/open?id=1PFZSutpxwEUSddx_nP1hRfLGR9L-TonO","","Tiếng Việt","","","","","",""
"24/06/2026 10:02:25","dtkry@ctump.edu.vn","Vietnam Journal of Community Medicine (Tạp chí Y học Cộng Đồng)","2354-0613","0.75 điểm","27/05/2026","ASSESSMENT OF PREGNANCY MANAGEMENT   AND OUTCOMES AMONG PRIMIGRAVID WOMEN AT DONG NAI-2 HOSPITAL","Duong My Linh, Do Thi Minh Nguyet, Nguyen Dinh Duong, Bui Quang Nghia","Duong My Linh","4","Vol. 67, English version No. 1, 2026, 137-142","https://drive.google.com/open?id=148FVON4Tw1JW6sQSTEJzX3seRJJammIN","","Tiếng Anh","","","","","",""
"24/06/2026 10:05:16","dtkry@ctump.edu.vn","Tạp chí Y học Cộng đồng","2354 - 0613","0.75 điểm","21/05/2026","TÌNH HÌNH VIÊM ÂM ĐẠO DO NẤM Ở PHỤ NỮ MANG THAI TAM CÁ NGUYỆT 2 VÀ 3","Dương Mỹ Linh, Nguyễn Trần Tố Nữ Yến Nhi, Dương Thị Khao Ry","Dương Mỹ Linh","3","Vol. 67, No.5, 213-217","https://drive.google.com/open?id=1u5D3CAnYiLk9g9T6NgFkWWtldjtxqmyy","","Tiếng Việt","","","","","",""
"24/06/2026 10:08:10","dtkry@ctump.edu.vn","Tạp chí Y học Cộng đồng","2354 - 0613","0.75 điểm","27/03/2026","KẾT QUẢ KHỞI PHÁT CHUYỂN DẠ BẰNG ỐNG THÔNG FOLEY  VÀ DINOPROSTONE Ở THAI PHỤ QUÁ NGÀY DỰ SINH","Dương Mỹ Linh, Nguyễn Thị Kim Chi","Dương Mỹ Linh","2","Tập 201, số 4, trang 202-207","https://drive.google.com/open?id=1PopKrTiudziGNEYP5zTw0TehJH245NKF","","Tiếng Việt","","","","","",""
"24/06/2026 10:14:52","ptnghia@ctump.edu.vn","Tạp chí nghiên cứu y học Hà Nội","2354-080X","1 điểm","05/05/2026","Lung Ultrasound Characteristics in Community-Acquired Pneumonia Patients at Can Tho University of Medicine and Pharmacy Hospital","Dang Nhat Hoang,  Phu Tri Nghia, Vo Nhat Khoa, Nguyen The Bao, Mai Thi Thuy Linh, Tran Trong Anh Tuan, Vo Pham Minh Thu","Vo Pham Minh Thư","7","Tập 202, số E18(05), trang 167-177","https://drive.google.com/open?id=1U20EHzGwV9UjPTLBA17YQ_ieX9y2QAR2","","Tiếng Anh","","","","","",""
"25/06/2026 6:04:59","dcmvtho@ctump.edu.vn","Tap chí nghiên cứu Y học","ISSN 2354-080X","1 điểm","27/03/2026","KẾT QUẢ TỐI ƯU HÓA CHI PHÍ TRONG                                                             QUẢN LÝ TĂNG HUYẾT ÁP NGOẠI TRÚ:                                   BẰNG CHỨNG TỪ THỰC HÀNH TUYẾN CƠ SỞ","Trương Cẩm Bình, Vũ Tiến Dũng, Đỗ Châu Minh Vĩnh Thọ","Đỗ Châu Minh Vĩnh Thọ","3","Tập 4 số 201, t34-742","https://drive.google.com/open?id=1fzSTDwN4RgDhw00CKhBKzpIAMf8__OmJ","","Tiếng Việt","","","","","",""
"26/06/2026 9:24:56","lththanh@ctump.edu.vn","Tạp chí Giáo dục lý luận","0868-3492","0.75 điểm","01/05/2026","Nâng cao chất lượng học tập lý luận chính trị cho sinh viên các trường đại học ở Việt Nam trong kỷ nguyên số","Nguyễn Việt Thanh, Lương Thị Hoài Thanh"," Lương Thị Hoài Thanh","2","43 (5/2026), trang 70-73","https://drive.google.com/open?id=1ZuJrlzUrOTNcrpsVWVYVWQ9I0HXMWXi8","","Tiếng Việt","","","","","",""
"26/06/2026 10:08:52","dthong@ctump.edu.vn","TẠP CHÍ KHOA HỌC TRƯỜNG ĐẠI HỌC SƯ PHẠM HÀ NỘI ","2354-1075","1 điểm","21/04/2026","DEVELOPMENT AND VALIDATION OF A LEARNING STYLE SCALE FOR SECOND-YEAR MEDICAL STUDENTS AT CAN THO UNIVERSITY OF MEDICINE AND PHARMACY","Tống Khánh Ly, Đặng Thanh Hồng, Trương Trần Quốc Lộc, Nguyễn Hoàng Ái Nhi, Nguyễn Vũ Tiến, Phan Việt Hoàng Huy","ĐặngThanh Hồng","6","Tập 71, Số 3, trang 181-190","https://drive.google.com/open?id=1JMs98XZDYAQN4n3pNfwGj8Jj8m5wT1yu","","Tiếng Việt","","","","","",""
"28/06/2026 22:46:11","dtngan@ctump.edu.vn","Tạp chí Y học cộng đồng","2354-0613","0.75 điểm","21/02/2026","KHẢO SÁT TỶ LỆ VÀ MỘT SỐ YẾU TỐ LIÊN QUAN CỦA TÌNH TRẠNG SA SÚT TRÍ TUỆ TRÊN BỆNH NHÂN SAU ĐỘT QUỴ NÃO","Vương Xuân Nguyên, Bùi Ngọc Bảo Trân, Trần Tố Anh, Nguyễn Quốc Cường, Nguyễn Huỳnh Anh Thư, Lê Ngọc Diễm, Lê Minh Hoàng","Lê Minh Hoàng","7","Tập 67 Số CĐ1-NCKH","https://drive.google.com/open?id=1O23U9_HKSvzS_pMumve86Lw9paG-Iw3G","","Tiếng Việt","","","","","",""
"28/06/2026 22:48:43","dtngan@ctump.edu.vn","Tạp chí Giáo Dục","2354-0753","1 điểm","20/04/2026","Phát triển năng lực tự chủ học tập cho sinh viên đại học: tiếp cận từ mô hình động lực học tập của Rolland Viau","Lữ Quốc Vinh, Nguyễn Ngọc Chi Lan","Nguyễn Ngọc Chi Lan","2","Tập 26, số 08 (tháng 04/2026)","https://drive.google.com/open?id=1jhYqLIm7nXfAmZgVGQ4pTlZh96jzastQ","","Tiếng Việt","","","","","",""
"28/06/2026 22:52:19","dtngan@ctump.edu.vn","Tạp chí Giáo Dục","2354-0753","1 điểm","20/05/2026","Gíao dục bằng hành động và động lực học tập: một số vấn đề lý luận và hàm ý sư phạm","Lữ Quốc Vinh, Nguyễn Ngọc Chi Lan","Nguyễn Ngọc Chi Lan","2","Tập số  26 tập số 10 (tháng 5/2026)","https://drive.google.com/open?id=1B6mGhRHjM8HzXW01OLAn2suAqZZJKUWe","","Tiếng Việt","","","","","",""
"28/06/2026 22:55:33","dtngan@ctump.edu.vn","Tạp chí Sinh lý học Việt Nam","1859-2376","1 điểm","07/05/2026","QUAN ĐIỂM YHCT VỀ VIÊM LOÉT DẠ DÀY TÁ TRÀNG: TỪ CƠ CHẾ BỆNH SINH ĐẾN ĐIỀU TRỊ","Hoàng Phi Phụng, Lê Chí Hòa, Đặng Tiến Đăng Khoa, Lê Minh Hoàng "," Lê Minh Hoàng ","4"," Tập 30 Số 2 (2026) ","https://drive.google.com/open?id=1kTe4CDMfx7lqUANXvfwUsr0XH4pu67gU"," Đặng Tiến Đăng Khoa, Lê Minh Hoàng ","Tiếng Việt","","","","","",""
"28/06/2026 23:02:11","dtngan@ctump.edu.vn","Tạp chí Y Dược học","2734-9209","1 điểm","14/04/2026","Tối ưu hóa điều kiện chiết cao lá lức (Pluchea Pteropoda Hemsl.) có hoạt tính kháng khuẩn in vitro","Nguyễn Thị Mỹ Thảo, Dương Thị Trúc Ly, Lê Thị Minh Ngọc, Nguyễn Ngọc Anh Thư, Nguyễn Thị Bảo Ngọc, Chiêm Bảo Anh, Huỳnh Thị Mỹ Duyên","Huỳnh Thị Mỹ Duyên","7","Số 74 (tháng 4/2026)","https://drive.google.com/open?id=1DauQy6ZJ52jobAbt3k50alY8yr1E1xcn","Dương Thị Trúc Ly","Tiếng Việt","","","","","",""
"29/06/2026 9:54:58","nhgiang@ctump.edu.vn","Tạp chí Y học Cộng đồng","2354-0613","0.75 điểm","20/05/2026","PROSTHETIC COMPLICATIONS OF IMPLANT-SUPPORTED RESTORATIONS FOLLOWING LATERAL SINUS FLOOR ELEVATION WITH MIXED BONE GRAFTING: A 12-MONTH PROSPECTIVE CLINICAL STUDY","Nguyễn Hoàng Giang, Lê Nguyên Lâm, Võ Văn Nhân","Lê Nguyên Lâm","3","Tập 66, Số 2 Tiếng Anh, trang 384-387","https://drive.google.com/open?id=17A2FArJIDrz86P18nzFpT5YdFmhzZCCa","","Tiếng Anh","","","","","",""
"29/06/2026 14:58:45","dtngan@ctump.edu.vn","Tạp chí Giáo dục","2354-0753","1 điểm","20/06/2026","SỰTHAM GIA HỌC TẬP CỦA SINH VIÊN TRONG CÁC HỌC PHẦN TRỰC TUYẾN THEO MÔ HÌNH BA THÀNH TỐ: NGHIÊN CỨU TẠI ĐẠI HỌC CẦN THƠ","Lữ Quốc Vinh, Nguyễn Ngọc Chi Lan, Nguyễn Ngọc Phương Thảo, Nguyễn Minh Thư"," Nguyễn Ngọc Chi Lan","4"," Tập 26, số 12 (tháng 06/2026) ","https://drive.google.com/open?id=1-VJ2MlsKFtUNQxoxMxOsIp5v_vQIZUU8","","Tiếng Việt","","","","","",""
"29/06/2026 15:46:02","nphung@ctump.edu.vn","Tạp chí Y Dược lâm sàng 108","1859-2872","0.75 điểm","22/06/2026","Đánh giá hiệu quả can thiệp dược lâm sàng đối với các vấn đề liên quan đến thuốc trong kê đơn ngoại trú kết hợp thuốc hóa dược và thuốc dược liệu tại tỉnh Bạc Liêu","Lý Khoa Đăng, Ong Tú Mỹ và Phạm Thành Suôl","Lý Khoa Đăng","3","Tập 21, số 5, trang 102-110","https://drive.google.com/open?id=1iGKBxKQfcxLqqxCG6Qm2DnzdHsqWBfxR","","Tiếng Việt","","","","","",""
"30/06/2026 10:47:33","banbientap@ctump.edu.vn","TẠP CHÍ GIÁO DỤC VÀ XÃ HỘI","ISSN 1859-3917","0.5 điểm","20/06/2026","Thực trạng dụng Mạng xã hội và một số ảnh hưởng đối với sinh viên Trường Đại học Y Dược Cần Thơ: kết quả khảo sát giai đoạn 2023 - 2026","Trần Thị Bích Phương, Đỗ Thuỳ Trang,  Phan THị Vân, Trần Ngọc Phúc","Trần Thị Bích Phương","5"," Tháng 6/2026 (kì 2)","https://drive.google.com/open?id=1-tJFRFUU6vld1K3Ld-2mpGyVL3UfHHwB","","Tiếng Việt","","","","","",""
"30/06/2026 14:00:12","ntthu@ctump.edu.vn","Tạp chí Y Học Việt Nam","1859-1868","1 điểm","06/04/2026","NGHIÊN CỨU TÌNH HÌNH RỐI LOẠN CHỨC NĂNG TÌNH DỤC VÀ YẾU TỐ LIÊN QUAN Ở PHỤ NỮ MÃN KINH TẠI THÀNH PHỐ CẦN THƠ NĂM 2025","Lê Thị Kim Định, Lê Thành Tài, Lê Minh Hữu, Ngô Văn Dũng, Trần Khánh Nga","Lê Thị Kim Định","5","Tập 560, số 2, trang 150-154","https://drive.google.com/open?id=16vnvTsl1Hy4obuA0KWC3H1wYxEk8PGHs","","Tiếng Việt","","","","","",""
"30/06/2026 14:05:36","ntthu@ctump.edu.vn","Tạp chí Nghiên cứu Y học - Trường Đại học Y Hà Nội ","2354-080X","1 điểm","31/03/2026","Đặc điểm rối loạn chức năng tuyến giáp và kết cục thai kỳ ở thai phụ nhập viện sinh tại Bệnh viện Đa khoa tỉnh Bình Dương","Huỳnh Thị Thủy, Trần Khánh Nga","Huỳnh Thị Thủy","2","Tập 220, số 3, trang 331-339","https://drive.google.com/open?id=1MKsguZr855SVc95TsCcbpo4nV3vmypPM","","Tiếng Việt","","","","","",""
"30/06/2026 14:12:37","ntthu@ctump.edu.vn","Tạp chí Nghiên cứu Y học - Trường Đại học Y Hà Nội ","2354-080X","1 điểm","06/05/2026","Tình hình và yếu tố liên quan đến nhiễm Trichomonas vaginalis ở phụ nữ khám phụ khoa tại Trung tâm Y tế Cẩm Mỹ năm 2025 - 2026","Nguyễn Thị Kim Hà, Vũ Đăng Khoa, Nguyễn Thị Thư, Trần Khánh NGa","Nguyễn Thị Kim Hà","4","Tập 201, số 4, trang 536-543","https://drive.google.com/open?id=1e5b1a0Bs462Lx8zj0q8ta65iJcbhs_bC","","Tiếng Việt","","","","","",""
"01/07/2026 10:24:49","tnkiet@ctump.edu.vn","Tạp chí Sinh lý học Việt Nam","ISSN: 1859 - 2376","0.25 điểm","29/06/2026","BẤT THƯỜNG HÌNH THÁI THAI NHI TRÊN SIÊU ÂM QUÝ 1 THEO ISUOG 2023 TẠI BỆNH VIỆN PHỤ SẢN THÀNH PHỐ CẦN THƠ","Võ Châu Quỳnh Anh, Trần Văn Nam, Phan Hữu Thúy Nga, Trần Nhân Kiệt, Hồ Thị Kim Yến","Võ Châu Quỳnh Anh","5","Tập 30, số 2, trang 123 - 131","https://drive.google.com/open?id=1FvVURx1eQRuluanSgvIlwdGdt20GjN4L","","Tiếng Việt","","","","","",""
"01/07/2026 19:34:58","nhha82@ctump.edu.vn","Y học lâm sàng Bệnh viện Trung ương Huế","3030-4733","1 điểm","06/12/2026","GIÁ TRỊ CỦA CYSTATIN C VÀ TỶ SỐ ALBUMIN/CREATININ NIỆU  TRONG NHẬN DIỆN GIẢM MỨC LỌC CẦU THẬN Ở BỆNH NHÂN  ĐÁI THÁO ĐƯỜNG TÝP 2","Đinh Quang Thanh1 , Huỳnh Thanh Hiền2 , Lê Thị Hạ Quyên1 , Lê Anh Ngọc1 , Trần Đức An1 ,  Nguyễn Hồng Hà2","Nguyễn Hồng Hà","6","Tập 18, số 4, trang 88-94","https://drive.google.com/open?id=18JPGu9l389J3jscSy0KCK3LX1erR2JNk","","Tiếng Việt","","","","","",""
"01/07/2026 19:39:10","nhha82@ctump.edu.vn","Tạp chí Nghiên cứu y học","2354-080X","1 điểm","05/02/2026","KHẢO SÁT ĐẶC ĐIỂM NỒNG ĐỘ RESISTIN HUYẾT THANH VÀ MỐI LIÊN QUAN VỚI MỨC ĐỘ NẶNG Ở BỆNH NHÂN THOÁI HÓA KHỚP GỐI NGUYÊN PHÁT","Nguyễn Ngọc Hải1,2, Huỳnh Thanh Hiền2  và Nguyễn Hồng Hà2,","Nguyễn Hồng Hà","3","TCNCYH 204 (07) - 2026, trang 1-10","https://drive.google.com/open?id=1RpElrS8ahmJduYCv_NucMoy2qyrYUh95","","Tiếng Việt","","","","","",""
"01/07/2026 20:55:00","nhha82@ctump.edu.vn","Tạp chí Y học lâm sàng Bệnh viện Trung ương Huế","3030-4733","1 điểm","06/12/2026","NGHIÊN CỨU MỐI LIÊN QUAN GIỮA ĐA HÌNH RS3798220 GEN  LIPOPROTEIN(A) VỚI NỒNG ĐỘ LIPOPROTEIN(A) Ở BỆNH NHÂN  HỘI CHỨNG ĐỘNG MẠCH VÀNH CẤP","Lê Thị Phương Thanh1,2, Ngô Văn Truyền1 , Nguyễn Hồng Hà1 , Vũ Gia Phương3 , Phan Hữu Hên1,4","Phan Hữu Hên","5","Tập 18, số 4 - trang 118-123","https://drive.google.com/open?id=1LCd4DbHji9korW5BqLIW2hZcld_6tvbt","","Tiếng Việt","","","","","",""
"01/07/2026 21:29:20","tqkhai@ctump.edu.vn","Tạp chí Nghiên cứu Y học","2354-080X","1 điểm","25/05/2026","Vai trò của lactate máu và Interleukin-6 trong tiên lượng sốc nhiễm khuẩn ở trẻ em tại Bệnh viện Đa khoa Ninh Thuận năm 2025-2026","Trần Quang Khải, Lê Huy Thạch, Nguyễn Công Tâm và Nguyễn Văn Lập","Nguyễn Văn Lập","4","204 (7), 1-10","https://drive.google.com/open?id=1MUyhFA4woZEyuaFt8qGXF95tQh5Ww-G0","","Tiếng Việt","","","","","",""
"27/08/2026 20:27:16","nptai@ctump.edu.vn","Tạp chí Lý luận Chính trị","2525-2585","1 điểm","24/08/2026","Kinh nghiệm Trung Quốc trong phát triển công nghệ số và trí tuệ nhân tạo","Đinh Văn Thụy, Nguyễn Phước Tài, Trần Thị Kim Hoàng","Nguyễn Phước Tài","","Online (https://doi.org/10.70786/PTOJ.2026.5181)","https://drive.google.com/open?id=1gd0xHtvDPEi_tek4qNdQ2LCqxgqAW88O","https://doi.org/10.70786/PTOJ.2026.5181","Tiếng Việt","","","","","",""
"05/09/2026 8:04:13","tthongnhung@ctump.edu.vn","Hue Journal of Medicine and Pharmacy","3030-4326","1 điểm","30/04/2026","CagL amino acid sequence polymorphism of Helicobacter pylori in Vietnamese patients with gastroduodenal diseases","Tran Ha Duy Khang1  , Nguyen Thi Mai Ngan2  , Thai Thi Hong Nhung3  , Pham Van Linh4*"," Phạm Văn Lình","4","Tập 16(2), trang 70-78","https://drive.google.com/open?id=1qbabzW-k51msjiXB1ekUMJm7Uq0NjJEF","","Tiếng Anh","","","","","",""
"05/09/2026 8:31:52","tthongnhung@ctump.edu.vn","Tạp Chí Y học Cộng đồng","2354 - 0613","0.75 điểm","25/02/2026","Thực trạng bệnh lý đại tràng ở những người kiểm tra sức khỏe tại bệnh viện trường đại học y dược cần thơ năm 2023-2024","Huynh Hieu Tam1*, Vo Nhat Khoa2  , Luong Thi Thuy Loan2  , Dang Nhu Lan2  , Tran Y Duc2  , Thai Thi Hong Nhung1","Thái Thị Hồng Nhung","6","Vol. 67, Special Issue 2, 339-343","https://drive.google.com/open?id=1suuaGwF41Kz2UI2-uByDd5ru-Gp-6Ed2","","Tiếng Việt","","","","","",""
"05/09/2026 8:49:35","tthongnhung@ctump.edu.vn","Tạp chí Nghiên cứu y học","2354-080X","1 điểm","15/04/2026","ĐẶC ĐIỂM NỘI SOI VÀ KẾT QUẢ ĐIỀU TRỊ  HELICOBACTER PYLORI BẰNG PHÁC ĐỒ PALB Ở BỆNH NHÂN  LOÉT DẠ DÀY TÁ TRÀNG","Huỳnh Thị Thảo và Thái Thị Hồng Nhung","Thái Thị Hồng Nhung","2","Tập 201, số 04, trang 517-526","https://drive.google.com/open?id=1vJsR6ARacu040Bq2L37NiUabDZE5OAB2","","Tiếng Việt","","","","","",""
"05/09/2026 9:12:21","tthongnhung@ctump.edu.vn","Tạp chí Nghiên cứu Y học","0868-202X","1 điểm","15/04/2026","MỐI LIÊN QUAN GIỮA ĐA HÌNH RS1800629 GEN TNFΑ VỚI SIRS VÀ ĐIỂM BISAP Ở NGƯỜI BỆNH VIÊM TỤY CẤP","Tiêu Văn Cường và Thái Thị Hồng Nhung","Thái Thị Hồng Nhung","2","203 (06), trang 804-812","https://drive.google.com/open?id=1s2mnUotKlWOnCYkOmmiU42NAQcOcvgzm","","Tiếng Việt","","","","","",""
"05/09/2026 9:18:47","tthongnhung@ctump.edu.vn","Tạp chí Nghiên cứu Y học","0868-202X","1 điểm","08/05/2026","GIÁ TRỊ THANG ĐIỂM CLIF-C ACLF TRONG DỰ BÁO KẾT QUẢ ĐIỀU TRỊ Ở BỆNH NHÂN SUY GAN CẤP TRÊN NỀN MẠN","Hồ Thế Dũng, Thái Thị Hồng Nhung và Nguyễn Thanh Liêm","Nguyễn Thanh Liêm","3","TCNCYH 203 (06), tr 377-386","https://drive.google.com/open?id=1Ll7nrcGakeopeXto5WX3deRdZoDSTj2Z","","Tiếng Việt","","","","","",""
"07/09/2026 15:59:53","tthongnhung@ctump.edu.vn","TẠP CHÍ Y DƯỢC HỌC CẦN THƠ","2354-1210","0.5 điểm","25/07/2026","NGHIÊN CỨU TỶ LỆ VÀ MỐI LIÊN QUAN GIỮA CÁC GENE cagA VÀ iceA CỦA VI KHUẨN HELICOBACTER PYLORI VỚI HÌNH ẢNH NỘI SOI  Ở BỆNH NHÂN VIÊM LOÉT DẠ DÀY TÁ TRÀNG","Trần Thị Mỹ Huyền1  , Hà Thị Minh Thi2 , Nguyễn Thị Mai Ngân2, Thái Thị Hồng Nhung","Thái Thị Hồng Nhung","4","số 100/2026, trang 43-50","https://drive.google.com/open?id=11igt-zC7NcSydPxaEDxs_xad2ZXPerdv","","Tiếng Việt","","","","","",""
"07/09/2026 16:12:59","tthongnhung@ctump.edu.vn","Tạp chí Nghiên cứu Y học","2354-080X","1 điểm","31/03/2026","ASSOCIATION BETWEEN KRAS MUTATIONS  AND THE ENDOSCOPIC AND HISTOPATHOLOGICAL FEATURES  OF COLORECTAL ADENOMATOUS POLYPS","Le Thi Ngoc Huyen1  , Nguyen Thanh Liem1  , Kha Huu Nhan1  Thai Thi Hong Nhung1  , Nguyen Phan Hai Sam1  , La Vinh Phuc1  Nguyen The Bao3  , Tran Y Duc2  , Luong Thi Thuy Loan2  , Dang Nhu Lan2  Nguyen Tien Thien2  , Huynh Van Loc2  and Huynh Hieu Tam1,","Huỳnh Hiếu tâm","13","JMR 202 E18 (05) - 2026","https://drive.google.com/open?id=1O0FK1nieo0m-jMzVIxuuQEd_DpWW9BDp","","Tiếng Anh","","","","","",""
"09/09/2026 0:33:44","nnhuyen@ctump.edu.vn","Tạp chí Y học cộng đồng","2354 - 0613","0.75 điểm","28/08/2026","Kiến thức, thái độ, thực hành về phòng, chống bệnh dại của người dân có nuôi chó mèo tại xã Phú Tân, tỉnh Cà Mau năm 2025","Đinh Hoàng Nhớ, Huỳnh Ngọc Linh, Nguyễn Ngọc Huyền, Lê Minh Hữu*"," Lê Minh Hữu","4","Tập 67, số 8, trang  205-210","https://drive.google.com/open?id=1gYslGmgWJFEL5z35HQUBtFj4U8r7zVvU","","Tiếng Việt","","","","","",""
"10/09/2026 9:32:51","cttnguyen26@ctump.edu.vn","Tạp chí nghiên cứu Y học","2354-080X","1 điểm","06/07/2026","Đa hình rs854560 gen PON1 và kết cục nội viện ở người bệnh đái tháo đường típ 2 mắc đột quỵ thiếu máu não: Nghiên cứu bệnh-chứng","Phan Thị Bé, Ngô Văn Truyền, Cao Thị Tài Nguyên, Nguyễn Văn Hoàng, Nguyễn Đình Quang","Phan Thị Bé","5","Tập 203 Số 6 (2026)","https://drive.google.com/open?id=1dBe0qfJZuvbgmcME3l7oBL4j_qCYTKWd","","Tiếng Việt","","","","","",""
"10/09/2026 17:24:51","ntttram@ctump.edu.vn","Dong Thap University Journal of Science","0866-7675","0.25 điểm","01/06/2026","INVESTIGATION ON PHYTOCHEMICAL COMPOSITION, ANTIOXIDANT ACTIVITY, TOTAL PHENOLIC AND FLAVONOID CONTENTS OF LUDWIGIA PERUVIANA","Ba Duy Tran, Ngo Thanh Trung Pham, Ngo Bao Ngoc Pham, Tu Nguyen Nguyen, Quoc An Duong, Minh Nhan Le, and Thi Thu Tram Nguyen","Thi Thu Tram Nguyen","7","doi.org/10.52714/dthu.ns.3176.2005","https://drive.google.com/open?id=1lUw1W_afD27obSxYH1S3-qWHaznReDgc","","Tiếng Anh","","","","","",""
"14/09/2026 10:52:23","nthtuyen@ctump.edu.vn","Tạp chí Y học dự phòng","0868-2836","1 điểm","30/06/2026","ĐÁNH GIÁ HIỆU QUẢ MỘT SỐ BIỆN PHÁP CAN THIỆP NHẰM CẢI  THIỆN HOẠT ĐỘNG QUẢN LÝ BỆNH ĐÁI THÁO ĐƯỜNG TÍP 2 TẠI  TRẠM Y TẾ XÃ VÀ NÂNG CAO KIẾN THỨC, THỰC HÀNH PHÒNG  CHỐNG ĐÁI THÁO ĐƯỜNG CỦA NGƯỜI KHMER TẠI HUYỆN CHÂU  THÀNH, TỈNH TRÀ VINH, NĂM 2023–2024","Dương Thị Hồng, Nguyễn Thanh Bình, Nguyễn Thị Hồng Tuyến"," Nguyễn Thị Hồng Tuyến","3","Tập 36, số 4, 282-295","https://drive.google.com/open?id=1qJo58zzrWgfr1kBNH1Jq27kM7RKRdSG1","","Tiếng Việt","","","","","",""
"15/09/2026 16:10:22","nthoa@ctump.edu.vn","Tạp chí Nghiên cứu y học","2354-080X","1 điểm","27/03/2026","ĐA HÌNH rs72552713 CỦA GEN ABCG2 VÀ MỐI LIÊN QUAN VỚI  NỒNG ĐỘ ACID URIC Ở BỆNH NHÂN GÚT","Võ Thanh Tâm, Huỳnh Phan Phúc Linh, và Nguyễn Thái Hòa","Nguyễn Thái Hòa","3","TCNCYH 201 (04) - 2026","https://drive.google.com/open?id=1PzJ7m0tuWf5S2qULsaIbgZNQYqPpJR7l","","Tiếng Việt","","","","","",""
"16/09/2026 14:09:30","tdminh@ctump.edu.vn","Tạp chí Y học Việt Nam","1859-1868","1 điểm","10/08/2026","ĐẶC ĐIỂM GÁNH NẶNG TIM MẠCH CHUYỂN HÓA VÀ MỐI LIÊN QUAN ĐẾN MỨC ĐỘ NẶNG CỦA NHỒI MÁU NÃO NGƯỜI TRẺ THEO NHÓM TUỔI","Lương Thế Vĩnh, Ngô Hữu Phúc, Trần Duy Minh, Lý Ngọc Tú, Lương Thanh Điền","Lương Thế Vĩnh","5","Tập 562, số 1, trang 356-360","https://drive.google.com/open?id=1ar-xn6fiIDA25arftmK3Wmo-icQdsMgf","","Tiếng Việt","","","","","",""
"16/09/2026 16:50:24","nthoa@ctump.edu.vn","Tạp chí Nghiên cứu Y học","2354-080X","1 điểm","14/01/2026","ĐA HÌNH RS12129861 GEN PDZK1 VÀ NỒNG ĐỘ ACID URIC MÁU Ở BỆNH NHÂN CHẨN ĐOÁN GÚT LẦN ĐẦU: DỮ LIỆU THĂM DÒ BƯỚC ĐẦU TẠI VIỆT NAM","Nguyễn Thị Mai Liên1  và Nguyễn Thái Hòa2,","Nguyễn Thái Hòa","2","TCNCYH 199 (02) - 2026","https://drive.google.com/open?id=1JUfwwGmAWqr0anNoqeEFxiJGgBVCUVxr","","Tiếng Việt","","","","","",""
"16/09/2026 17:01:09","nthoa@ctump.edu.vn","Tạp chí Nghiên cứu Y học","2354-080X","1 điểm","11/01/2026","ĐA HÌNH RS1260326 GEN GCKR VÀ ĐƯỜNG HUYẾT LÚC ĐÓI Ở NGƯỜI BỆNH GÚT VIỆT NAM: NGHIÊN CỨU THĂM DÒ","Phan Đức Duy,  và Nguyễn Thái Hòa","Nguyễn Thái Hòa","2","TCNCYH 199 (02) - 2026","https://drive.google.com/open?id=1Hd2t_Cg-_tNAOJ5MWjipS2KUjPX-U3sB","","Tiếng Việt","","","","","",""
"16/09/2026 20:00:01","tthongnhung@ctump.edu.vn","Tạp chí Y học Việt Nam","1859-1868","1 điểm","20/01/2026","SỨC CƠ YẾU - NGUY CƠ TIỀM ẨN CỦA GÃY XƯƠNG ĐỐT SỐNG:NGHIÊN CỨU BỆNH CHỨNG","Nguyễn Thái Hoà1,2, Nguyễn Thế Bảo1, Nguyễn Thúy Quyên1,Thái Thị Hồng Nhung1, Hồ Phạm Thục Lan3, Võ Tam","Võ Tam","6","ẠP CHÍ Y HỌC VIỆT NAM TẬP 549 – THÁNG 4 – QUYỂN 2 – SỐ CHUYÊN ĐỀ - 2025","https://drive.google.com/open?id=1lZtLDFPHe03WYodKYZSg6hgAaWNK5T7C","","Tiếng Việt","","","","","",""
"16/09/2026 20:01:53","nthoa@ctump.edu.vn","Tạp chí Y học Việt Nam","1859-1868","1 điểm","20/01/2026","SỨC CƠ YẾU - NGUY CƠ TIỀM ẨN CỦA GÃY XƯƠNG ĐỐT SỐNG:NGHIÊN CỨU BỆNH CHỨNG","Nguyễn Thái Hoà1,2, Nguyễn Thế Bảo1, Nguyễn Thúy Quyên1,Thái Thị Hồng Nhung1, Hồ Phạm Thục Lan3, Võ Tam","Võ Tam","6","TẠP CHÍ Y HỌC VIỆT NAM TẬP 549 – THÁNG 4 – QUYỂN 2 – SỐ CHUYÊN ĐỀ - 2025","https://drive.google.com/open?id=1wOoNfLhqHIjU48ZtOuuuykcUpbLL9PNf","","Tiếng Việt","","","","","",""
"17/09/2026 14:34:20","nphung@ctump.edu.vn","Tạp chí Y Dược học","2734-9209","1 điểm","15/06/2026","NGHIÊN CỨU TÌNH HÌNH VÀ ĐÁNH GIÁ HIỆU QUẢ CAN THIỆP NÂNG CAO KIẾN THỨC, THÁI ĐỘ, THỰC HÀNH CỦA NHÂN VIÊN Y TẾ ĐỐI VỚI HOẠT ĐỘNG BÁO CÁO PHẢN ỨNG CÓ HẠI CỦA THUỐC TẠI BỆNH VIỆN ĐA KHOA VẠN PHÚC 2 NĂM 2025 - 2026","Võ Thành Lộc, Phan Hữu Đức, Phạm Thị Tố Liên, Nguyễn Ngọc Nhã Thảo, Nguyễn Phục Hưng, Trần Bá Kiên","Võ Thành Lộc","6","79, tháng 6, trang 70-82","https://drive.google.com/open?id=1zD6QbaVZt6OlWpgMOmv3ZgXG-EWP3u60","","Tiếng Việt","","","","","",""
"17/09/2026 17:15:52","nphung@ctump.edu.vn","THỰC TRẠNG DUY TRÌ TIÊU CHUẨN “THỰC HÀNH TỐT CƠ SỞ BÁN LẺ THUỐC (GPP)” VÀ MỘT SỐ YẾU TỐ LIÊN QUAN ĐẾN TÌNH TRẠNG KHÔNG ĐÁP ỨNG YÊU CẦU DUY TRÌ TIÊU CHUẨN TẠI CÁC NHÀ THUỐC TRÊN ĐỊA BÀN THÀNH PHỐ HẢI PHÒNG GIAI ĐOẠN 2025 - 2026","2734- 9209","1 điểm","01/06/2026","THỰC TRẠNG DUY TRÌ TIÊU CHUẨN “THỰC HÀNH TỐT CƠ SỞ BÁN LẺ THUỐC (GPP)” VÀ MỘT SỐ YẾU TỐ LIÊN QUAN ĐẾN TÌNH TRẠNG KHÔNG ĐÁP ỨNG YÊU CẦU DUY TRÌ TIÊU CHUẨN TẠI CÁC NHÀ THUỐC TRÊN ĐỊA BÀN THÀNH PHỐ HẢI PHÒNG GIAI ĐOẠN 2025 - 2026","Bùi Khánh Huy, Nguyễn Ngọc Nhã Thảo, Nguyễn Phục Hưng, Trương Kiều My, Trần Bá Kiên, Đỗ Thị Bích Diệp","Nguyễn Ngọc Nhã Thảo ","6","79 tháng 6, trang 45-56","https://drive.google.com/open?id=1e-Svv1pJUt4Toszf7wOdGesCPxKNiBdz","","Tiếng Việt","","","","","",""
"17/09/2026 17:21:02","nphung@ctump.edu.vn","Tạp chí Y học cộng đồng","2354-0613","0.25 điểm","01/08/2026","PHÂN TÍCH CHI PHÍ TRỰC TIẾP Y TẾ VÀ CÁC YẾU TỐ LIÊN QUAN THEO PHÂN NHÓM BỆNH Ở BỆNH NHÂN BỆNH KHÔNG LÂY NHIỄM ĐIỀU TRỊ NGOẠI TRÚ TẠI TRUNG TÂM Y TẾ QUẬN GÒ VẤP NĂM 2025","Tiến Trịnh Văn, Hưng Nguyễn Phục, Loan Quách Tố, Trang Trần Thị Huyền, Hương Nguyễn Thị, Hòa Nguyễn Thị Thu, Kiên Trần Bá"," Nguyễn Phục Hưng","7","67,11, trang 357-362","https://drive.google.com/open?id=1nhf-HIW4K_iLSPWpORZ0yeBpsDR3XNz_","","Tiếng Việt","","","","","",""
"17/09/2026 17:26:32","nphung@ctump.edu.vn","Tạp chí Y Dược học","2734 - 9209","1 điểm","01/05/2026","CHI PHÍ TRỰC TIẾP Y TẾ VÀ CÁC YẾU TỐ LIÊN QUAN Ở BỆNH NHÂN BỆNH PHỔI TẮC NGHẼN MẠN TÍNH ĐIỀU TRỊ NỘI TRÚ TẠI BỆNH VIỆN ĐA KHOA CAO SU DẦU TIẾNG NĂM 2025 - 2026","Trần Thanh Nam, Nguyễn Phục Hưng, Võ Thị Mỹ Hương, Trần Bá Kiên, Nguyễn Nhật Hải","Nguyễn Phục Hưng","5","77 tháng 5, trang 34-42","https://drive.google.com/open?id=1G38DKHgCIo6MxZz2ncZ6q1ku5vKgB95B","","Tiếng Việt","","","","","",""
"17/09/2026 17:34:14","nphung@ctump.edu.vn","Tạp chí khoa học quốc tế Hồng Bàng","2615-9686","0.5 điểm","15/07/2026","Các yếu tố ảnh hưởng đến quan điểm của người bệnh về chi phí trực tiếp y tế bệnh phổi tắc nghẽn mạn tính","Trần Thanh Nam, Nguyễn Phục Hưng, Trần Bá Kiên, Trần Thành Trung","Nguyễn Phục Hưng","4","42, 7/2026, trang 123-132","https://drive.google.com/open?id=1bSMM9kfKpy9oRYPTdGoTjzM_bm9blB1A","","Tiếng Việt","","","","","",""
"17/09/2026 22:28:23","ttchieu@ctump.edu.vn","Tạp chí Khoa học Điều dưỡng","ISSN: 2615-9589 - e_ISSN: 2734-9632","0.5 điểm","14/09/2026","Perceptions, attitudes, and factors associated with the use of artificial intelligence in learning among students of the faculty of nursing and medical technology, Can Tho University of Medicine and Pharmacy, academic year 2025–2026","Truong Quang Pho¹, Truong Thi Chieu¹, Tran Cong Danh¹, Tran Thi Minh Thu¹, Le Thi Cam Van¹, Nguyen Thi My Tien¹, Nguyen Huynh Nhu¹","Trương Thị Chiêu","7","Tập 9, Số 05 (2026), trang 23-33","https://drive.google.com/open?id=1p457LJYqIDEV6MsqV6Q3GnjIQ8RAkd_k","","Tiếng Anh","","","","","",""
"18/09/2026 7:14:26","tqpho@ctump.edu.vn","Tạp chí Khoa Học Điều Dưỡng, tâp 9 Số 05 (2026)","Tạp chí Khoa Học Điều Dưỡng, tâp 9 Số 05 (2026)","0.5 điểm","14/09/2026","Perceptions, attitudes, and factors associated with the use of artifcial intelligence in learning among students of the faculty of nursing and medical technology, Can Tho University of Medicine and Pharmacy, academic year 2025–2026 Truong Quang Pho¹, Truong Thi Chieu¹, Tran Cong Danh¹, Tran Thi Minh Thu¹, Le Thi Cam Van¹, Nguyen Thi My Tien¹, Nguyen Huynh Nhu¹, ¹Can Tho University of Medicine and Pharmacy ABSTRACT","Perceptions, attitudes, and factors associat with the use of artifcial intelligence in learning among students of the faculty of nursing and medical technology, Can Tho University Truong Quang Pho¹, Truong Thi Chieu¹, Tran Cong Danh¹, Tran Thi Minh Thu¹, Le Thi Cam Van¹, Nguyen Thi My Tien¹, Nguyen Huynh Nhu¹, ¹Can Tho University of Medicine and Pharmacy ABSTRACT","Trương Thị Chiêu ","7","Tập 09, số 05, trang 23-33 ","https://drive.google.com/open?id=14Eea4rigqz4q_k-_uvbES6x5URYHZVHl","","Tiếng Anh","","","","","",""
"18/09/2026 20:48:19","ttchieu@ctump.edu.vn","Tạp chí sinh lý học Việt Nam","ISSN: 1859 – 2376","0.75 điểm","08/09/2026","GLYCATION GAP AND HEMOGLOBIN GLYCATION INDEX IN TYPE 2 DIABETIC KIDNEY DISEASE: PATHOPHYSIOLOGICAL BASIS, CLINICAL EVIDENCE AND FUTURE PERSPECTIVES","Tran Dang Dang Khoa1,*, Nguyen Thanh Liem1, Huynh Van Loc1, Nguyen Viet Phuong1, Truong Thi Chieu1, Nguyen Thi Kim Tuong1, Doan Kim Thin1","Tran Dang Dang Khoa","7","Tập 30, số 5, trang 9-23 (Vol.30(4), Page 9-23) ","https://drive.google.com/open?id=1F0y9IX08Ph9LhLTkZSfaTTb4_3CsPtS1","Thành viên tham gia ","Tiếng Anh","","","","","",""
"18/09/2026 21:56:06","nhtoan@ctump.edu.vn","Tạp chí Sinh lý học Việt Nam","18659-2376","0.25 điểm","27/08/2026","KHẢO SÁT MỐI LIÊN QUAN GIỮA ĐA HÌNH GEN ANRIL VỚI HỘI CHỨNG ĐỘNG MẠCH VÀNH MẠN VÀ CÁC YẾU TỐ NGUY CƠ TIM MẠCH TẠI CẦN THƠ","Trần Viết An, Nguyễn Minh Phương, Nguyễn Duy Khuê, Nguyễn Minh Nguyệt, Lê Văn Cường, Trần Văn Triệu, Ngô Hoàng Toàn","Ngô Hoàng Toàn","7","30(3): 115-122","https://drive.google.com/open?id=1clclLES6M408YRSL_uNKYRTcE_0r1A_G","","Tiếng Việt","","","","","",""
"18/09/2026 21:58:04","nhtoan@ctump.edu.vn","Tạp chí Nghiên cứu Y học","2354-080X","1 điểm","06/07/2026","Tỉ lệ và một số yếu tố liên quan tiền đái đường ở bệnh nhân tăng huyết áp","Lâm Thị Chư Láng, Ngô Phúc Thảo, A Đam, Trần Kim Sơn","Trần Kim Sơn","4","203(6), 592-598","https://drive.google.com/open?id=1WdXFbkSkAdQtT33mO9LjrqSrqpQ-aYKl","","Tiếng Việt","","","","","",""
"18/09/2026 22:08:48","nhtoan@ctump.edu.vn","Tạp chí Nghiên cứu Y học","2354-080X","1 điểm","06/07/2026","Tỷ lệ và một số yếu tố liên quan đến suy tim phân suất tống máu giảm ở bệnh nhân nhiễm HIV đang điều trị ARV","Huỳnh Phe Rích, Trần Diệu Hiền, Trần Kim Sơn","Trần Kim Sơn","3","203(6), 146-154","https://drive.google.com/open?id=1GK892iplG8NYJIeepURaOK5zsCIokjpH","","Tiếng Việt","","","","","",""
"19/09/2026 11:55:25","ntbhai@ctump.edu.vn","Tạp chí Y Dược Huế","3030-4326","1 điểm","25/08/2026","Molecular Characteristics and Antimicrobial Resistance of Carbapenem-Resistant Klebsiellapneumoniae Isolated at Can Tho University of Medicine and Pharmacy Hospital, 2024–2025","Nguyễn Thị Bé Hai, Trần Đình Bình, Ngô Viết Quỳnh Trâm","Ngô Viết Quỳnh Trâm","3","Tập 16, số 4, trang 123-131","https://drive.google.com/open?id=1qKqNDNtWJJEOuBDCG22thsxWrNkenT88","","Tiếng Anh","","","","","",""
"19/09/2026 20:36:41","lctru@ctump.edu.vn","Tạp chí Sinh lý học Việt Nam","1859–2376","0.5 điểm","10/09/2026","Mối tương quan giữa chỉ số triglyceride–glucose (TyG) và FT3, FT4, TSH ở bệnh nhân rối loạn chức năng tuyến giáp","Nguyễn Ngọc Quỳnh Nhi, Trần Thị Thu Thảo, Nguyễn Thị Ngọc Hân, Lê Công Trứ","Lê Công Trứ","4","Tập 30, số 3, trang 153-161","https://drive.google.com/open?id=1RdOK50XlAtsYDm7xjBrL3lJM-kaf1bA5","","Tiếng Việt","","","","","",""
"20/09/2026 15:23:47","mhntan@ctump.edu.vn","TẠP CHÍ NGHIÊN CỨU Y HỌC - TRƯỜNG ĐẠI HỌC Y HÀ NỘI ","2354-080X","1 điểm","04/08/2026","Bước đầu khảo sát mối liên quan giữa đa hình rs3752462 gen MYH9 và nguy cơ bệnh thận mạn ở bệnh nhân tăng huyết áp","Trần Lâm Nguyệt Thanh, Võ Thanh Hùng, Nguyễn Như Nghĩa","Nguyễn Như Nghĩa","3","tập 204, số 7","https://drive.google.com/open?id=1ml_fGeoTZC1vMLN-Pc1Agb_0gZlW9Lza","","Tiếng Việt","","","","","",""
"20/09/2026 15:34:51","mhntan@ctump.edu.vn","TẠP CHÍ NGHIÊN CỨU Y HỌC - TRƯỜNG ĐẠI HỌC Y HÀ NỘI ","2354-808X","1 điểm","06/07/2026","Đa hình rs776746 gen CYP3A5 và mối liên quan với huyết áp ở bệnh nhân bệnh thận mạn giai đoạn 3","Bùi Thị Huyền Thương, Võ Thanh Hùng, Nguyễn Như Nghĩa","Nguyễn Như Nghĩa","3","tập 203, số 6","https://drive.google.com/open?id=1dId-WAiFZJ3xXky9vHYLlJoCzD7p9XgK","","Tiếng Việt","","","","","",""
"20/09/2026 15:48:32","mhntan@ctump.edu.vn","TẠP CHÍ Y HỌC CỘNG ĐỒNG  ","2354 - 0613","1 điểm","26/07/2026","RỐI LOẠN CHỨC NĂNG CẦU NỐI ĐỘNG-TĨNH MẠCH TỰ THÂN VÀ CÁC YẾU TỐ LIÊN QUAN Ở BỆNH NHÂN BỆNH THẬN MẠN GIAI ĐOẠN CUỐI LỌC MÁU CHU KỲ"," Võ Ngọc Tình, Võ Thanh Hùng,  Nguyễn Như Nghĩa","Nguyễn Như Nghĩa","3","tập 67, số 7","https://drive.google.com/open?id=1px2pbuDFllYjjHOavRoO2O7ImgWe_7xv","","Tiếng Việt","","","","","",""
"21/09/2026 9:50:01","hntuyen@ctump.edu.vn","Medpharmres","2615-9139","1 điểm","30/06/2026","Clinical and laboratory characteristics of patients with hepatitis B surface antigen seroclearance: a single-centered retrospective study in Vietnam","Nguyen Huynh Ngoc Tran, Ho Nguyen Tra Uyen, Nguyen Thi Cam Huong","Nguyen Thi Cam Huong","3","MedPharmRes 10(2):179-186","https://drive.google.com/open?id=1P1D3u5M1nwlY_MAr8Mx1nmUPO2Cqvjui","","Tiếng Anh","","","","","",""
"21/09/2026 10:40:13","htmduyen@ctump.edu.vn","TẠP CHÍ Y DƯỢC HỌC","2734-9209","1 điểm","05/03/2026","Đánh giá sự hài lòng của bệnh nhân theo mô hình SERVQUAL đối với hoạt động cấp phát thuốc lẻ nội trú tại Bệnh viện Trường Đại học Y Dược Cần Thơ","HUỲNH THỊ MỸ DUYÊN, NGUYỄN VIẾT HIỆU, VŨ THỊ NGỌC LAN, LẠI TÀI MY, MAI QUỐC TRƯỜNG, VÕ QUANG LỘC DUYÊN","VÕ QUANG LỘC DUYÊN","6","SO 77. THANG 5.2026. trang 59-74 ","https://drive.google.com/open?id=129Uy080-aHP8FD6_wyHvzdEbZWzv7z3p, https://drive.google.com/open?id=10boKm_BiEdZGNZCiHtE56mNxaCFgsZH3","","Tiếng Việt","","","","","",""
"21/09/2026 10:46:22","htmduyen@ctump.edu.vn","TẠP CHÍ Y DƯỢC HỌC","2734-9209","1 điểm","04/12/2026","TỐI ƯU HÓA ĐIỀU KIỆN CHIẾT CAO LÁ LỨC (PLUCHEA PTEROPODA HEMSL.) CÓ HOẠT TÍNH KHÁNG KHUẨN IN VITRO","Nguyễn Thị Mỹ Thảo, Dương Thị Trúc Ly, Lê Thị Minh Ngọc, Nguyễn Ngọc Anh Thư, Nguyễn Thị Bảo Ngọc, Chiêm Bảo Anh, Huỳnh Thị Mỹ Duyên","Huỳnh Thị Mỹ Duyên","7","SỐ 74 - THÁNG 4/2026 47 trang 47-60","https://drive.google.com/open?id=1kocdOk3I0ZTLce3wuCeIjzZTQe6xJOuZ, https://drive.google.com/open?id=1biUXH8ntTJFYYRtj8r9n7qt-RnxkuQ9e","","Tiếng Việt","","","","","",""
"21/09/2026 10:51:06","htmduyen@ctump.edu.vn","TẠP CHÍ Y DƯỢC HỌC","2734-9209","1 điểm","15/07/2026","KHẢO SÁT TỶ LỆ VÀ MỘT SỐ YẾU TỐ LIÊN QUAN ĐẾN CAM KẾT QUÁ MỨC VỚI CÔNG VIỆC CỦA NGƯỜI BÁN LẺ THUỐC TẠI THÀNH PHỐ HỒ CHÍ MINH","Lê Nguyễn Quang Huy, Huỳnh Thị Mỹ Duyên, Trần Văn Đệ","Trần Văn Đệ","3","SỐ 80 - THÁNG 7/2026 trang 89-96","https://drive.google.com/open?id=1XMNhSUp-ZOfTB9vRPOCp5-hppyGXCzkc, https://drive.google.com/open?id=1aZRLHGkdlj8-5otX_tKtijbbiK1eJ5Oh","","Tiếng Việt","","","","","",""
"21/09/2026 14:08:16","ntkngan@ctump.edu.vn","Kỷ yếu","Kỷ yếu","Kỷ yếu có phản biện","07/08/2026","ĐÁNH GIÁ KHẢ NĂNG KHÁNG OXY HOÁ IN VITRO CỦA CAO CHIẾT TỪ VI KHUẨN NỘI SINH BÍ KỲ NAM (Hydnophytum formicarum)","Nguyễn Thị Kim Ngân, Đái Thị Xuân Trang, Trần Chí Linh","Nguyễn Thị Kim Ngân","3","Trang 1313-1318","https://drive.google.com/open?id=1o1f1ut_78CIZ4eW3DKg_fhHc-ofQC72_","","Tiếng Việt","","","","","",""
"21/09/2026 15:46:21","phdat@ctump.edu.vn","Kỷ yếu","Kỷ yếu","Kỷ yếu có phản biện","08/08/2026","Khảo sát sự hiện diện của nấm sợi trong không khí ở các phòng thực hành tại Trường Đại học Y Dược Cần Thơ","Phan Hoàng Đạt, Nguyễn Thị Thảo Linh, Trịnh Thị Hồng Của, Nguyễn Thị Pha, Võ Thành Trí, Bùi Thảo Nhi","Phan Hoàng Đạt","6","Kỷ yếu","https://drive.google.com/open?id=18zpeUB610e9aF6iW5YSihBECHznQo9X4, https://drive.google.com/open?id=1edFn7-l0T6kPsp9muy0PNzUS6Xl1LUMk, https://drive.google.com/open?id=1dbHA6H37ROI9xquRumouAqvQfzHomu_7","","Tiếng Việt","","","","","",""
"21/09/2026 20:02:40","ptuyen@ctump.edu.vn","Tạp chí Nghiên cứu Y học","0868-202X","1 điểm","04/08/2026","Kết quả cấy ghép implant nhóm răng sau hàm trên bằng búa từ và khoan xương thông thường: Nghiên cứu can thiệp không ngẫu nhiên có nhóm chứng","Nguyễn Đình Luật, Nguyễn Thị Thảo Vân, Nguyễn Thị Khánh Hà, Lý Gia Huy, Trương Nhựt Khuê","Trương Nhựt Khuê","5","Tập 204, số 7, trang 68-77","https://drive.google.com/open?id=1dtSPLVgQOYelzw5PrueL9658cEjyzG4Y","","Tiếng Việt","","","","","",""
"21/09/2026 20:05:05","ptuyen@ctump.edu.vn","JOURNAL OF MEDICAL RESEARCH","0868-202X","1 điểm","09/06/2026","ANESTHETIC EFFICACY OF ARTICAINE AND LIDOCAINE IN ENDODONTIC TREATMENT OF MANDIBULAR MOLARS WITH SYMPTOMATIC IRREVERSIBLE PULPITIS","Pham Le Xuan Quynh, Hong Quoc Khanh, Phan Thi Bay, Truong Nhut Khue","Truong Nhut Khue","4","Tập 202, số 5E18, trang 212-220","https://drive.google.com/open?id=1USsHVvNfsqX_f0O8Ra5dJT-GL2cs_1iv","","Tiếng Anh","","","","","",""
"21/09/2026 20:11:12","ptuyen@ctump.edu.vn","JOURNAL OF MEDICAL RESEARCH","0868-202X","1 điểm","09/06/2026","SURGICAL OUTCOMES OF MANDIBULAR FRACTURES TREATED WITH MINIPLATE FIXATION AND MANAGEMENT OF  TEETH IN THE LINE OF FRACTURE","Trinh Truong Giang, Vo Anh Dung, Truong Nhut Khue Nội dung chính của bài viết","Truong Nhut Khue","3","Tập 202, số 5E18, trang 193-202","https://drive.google.com/open?id=1X1tjQG9xPAynYusMbQUb_VuAUy3-Z7o1","","Tiếng Anh","","","","","",""
"22/09/2026 16:23:51","tddkhoa@ctump.edu.vn","TẠP CHÍ Y HỌC VIỆT NAM ","ISSN: 1859-1868","1 điểm","15/09/2025","Đa hình gen, nồng độ protein MMP-9 và đạm niệu ở bệnh nhân đái tháo đường típ 2","Trần Đặng Đăng Khoa, Nguyễn Thanh Liêm, Lương Thanh Điền, Trương Thị Chiêu, Nguyễn Thị Kim Tường, Huỳnh Văn Lộc","Huỳnh Văn Lộc","6","TẬP 554 - THÁNG 9 - SỐ 3 - 2025, TRANG 230-234","https://drive.google.com/open?id=1UU4LCYzp-UpATMYp2e0PYaM4ZYh7zULM","","Tiếng Việt","","","","","",""
"22/09/2026 16:36:14","tddkhoa@ctump.edu.vn","TẠP CHÍ SINH LÝ HỌC VIỆT NAM","ISSN: 1859 – 2376","0.5 điểm","08/09/2026","Glycation gap and hemoglobin glycation index in type 2 diabetic kidney disease: pathophysiological basis, clinical evidence and future perspectives","Trần Đặng Đăng Khoa, Nguyễn Thanh Liêm, Huỳnh Văn Lộc, Nguyễn Việt Phương, Trương Thị Chiêu, Nguyễn Thị Kim Tường, Đoàn Kim Thìn","Trần Đặng Đăng Khoa","7","Tập 30(4), 11/2026, trang 9-23","https://drive.google.com/open?id=1hCKD3lCqGtQ0bX6fMxxus0LQCdFNohwV","","Tiếng Anh","","","","","",""
"22/09/2026 16:42:12","tddkhoa@ctump.edu.vn","Tạp chí sinh lý học việt nam","ISSN: 1859-2376","0.5 điểm","09/09/2026","Updated diagnosis and treatment of diabetic peripheral neuropathy","Trần Đặng Đăng Khoa, Nguyễn Thanh Liêm, Huỳnh Văn Lộc, Nguyễn Việt Phương, Trương Thị Chiêu, Nguyễn Thị Kim Tường, Đoàn Kim Thìn","Trần Đặng Đăng Khoa","7","Tập 30(4), 11/2026, trang 33-46","https://drive.google.com/open?id=101YFb29-jRgvDcOa1ooOGKtvEBMI5TYP","","Tiếng Anh","","","","","",""
"22/09/2026 21:12:45","qtloan@ctump.edu.vn","Tạp chí Y học Cộng đồng","2354 - 0613","0.25 điểm","01/08/2026","PHÂN TÍCH CHI PHÍ TRỰC TIẾP Y TẾ VÀ CÁC YẾU TỐ LIÊN QUAN THEO PHÂN NHÓM BỆNH Ở BỆNH NHÂN BỆNH KHÔNG LÂY NHIỄM ĐIỀU TRỊ NGOẠI TRÚ TẠI TRUNG TÂM Y TẾ QUẬN GÒ VẤP NĂM 2025","Trịnh Văn Tiến, Nguyễn Phục Hưng, Quách Tố Loan, Trần Thị Huyền Trang, Nguyễn Thị Hương, Nguyễn Thị Thu Hòa, Trần Bá Kiên","Hưng Nguyễn Phục","7","Tập 67 Số CĐ11-NCKH","https://drive.google.com/open?id=1UEuRLnr9ZGfvCho4ACXwKl2F0gGq7t35, https://drive.google.com/open?id=1sTn_HGRxC3M9mAXyP9aX6IhklfFkL_IW","","Tiếng Việt","","","","","",""
"23/09/2026 11:45:28","ntktuong@ctump.edu.vn","Tạp chí Sinh lý học Việt Nam","ISSN 1859-2376","0.25 điểm","08/09/2026","GLYCATION GAP AND HEMOGLOBIN GLYCATION INDEX IN TYPE 2  DIABETIC KIDNEY DISEASE: PATHOPHYSIOLOGICAL BASIS, CLINICAL EVIDENCE AND FUTURE PERSPECTIVES","Trần Đặng Đăng Khoa, Nguyễn Thanh Liêm, Huỳnh Văn Lộc, Nguyễn Việt Phương, Trương Thị Chiêu, Nguyễn Thị Kim Tường, Đoàn Kim Thìn","Trần Đặng Đăng Khoa","7","Tập 30, số 4, trang 9-23","https://drive.google.com/open?id=1zUTlcgi3LV5NNtrr9rHknpEIuHUtcFHK","","Tiếng Anh","","","","","",""
"23/09/2026 11:51:02","ntktuong@ctump.edu.vn","Tạp chí Sinh lý học Việt Nam","ISSN 1859-2376","0.25 điểm","09/09/2026","UPDATED DIAGNOSIS AND TREATMENT  OF DIABETIC PERIPHERAL NEUROPATHY","Trần Đặng Đăng Khoa, Nguyễn Thanh Liêm, Huỳnh Văn Lộc, Nguyễn Việt Phương, Trương Thị Chiêu, Nguyễn Thị Kim Tường, Đoàn Kim Thìn","Trần Đặng Đăng Khoa","7"," Tập 30, số 4, trang 33-46","https://drive.google.com/open?id=1XmOv7dUkQrY1YrMHjdXj-TKC2Z-P0B7w","","Tiếng Anh","","","","","",""
"23/09/2026 14:24:22","hvloc@ctump.edu.vn","Tạp chí Sinh lý học Việt Nam","1859 - 2376","0.25 điểm","08/09/2026","GLYCATION GAP AND HEMOGLOBIN GLYCATION INDEX IN TYPE 2 DIABETIC KIDNEY DISEASE: PATHOPHYSIOLOGICAL BASIS, CLINICAL EVIDENCE AND FUTURE PERSPECTIVES","Tran Dang Dang Khoa, Nguyen Thanh Liem, Huynh Van Loc, Nguyen Viet Phuong, Truong Thi Chieu, Nguyen Thi Kim Tuong, Doan Kim Thin","Tran Dang Dang Khoa","7","Tập 30, số 4, trang 9-23","https://drive.google.com/open?id=1u69Q6wnU5o-41iyV73cMF8pN_eUk7TJl","","Tiếng Anh","","","","","",""
"23/09/2026 14:28:54","hvloc@ctump.edu.vn","Tạp chí Sinh lý học Việt Nam","1859-2376","0.25 điểm","09/09/2026","UPDATED DIAGNOSIS AND TREATMENT OF DIABETIC PERIPHERAL NEUROPATHY","Tran Dang Dang Khoa1, Nguyen Thanh Liem, Huynh Van Loc, Nguyen Viet Phuong, Truong Thi Chieu, Nguyen Thi Kim Tuong, Doan Kim Thin","Tran Dang Dang Khoa","7","Tập 30, số 4, trang 33-46","https://drive.google.com/open?id=1vZQAySTNbtG1KWKOIZviooIefl6SG_wi","","Tiếng Anh","","","","","",""
"23/09/2026 19:24:38","ttrongnhan@ctump.edu.vn","Tạp chí nghiên cứu Y Học","2815-5629","1 điểm","06/05/2026","Kết qủa khởi phát chuyển dạ bằng ống thông Foley và Dinoprostone ở thai phụ quá ngày dự sinh","Dương Mỹ Linh, Nguyễn Thị Kim Chi","Dương Mỹ Linh","2","Tập 201, số 4, trang 202-208","https://drive.google.com/open?id=1pWMeVKkAEQAFoHkTVUZioIrHH7NRK59r","","Tiếng Việt","","","","","",""
"23/09/2026 19:32:58","ttrongnhan@ctump.edu.vn","Tạp chí Y học cộng đồng","2354-0613","0.5 điểm","25/05/2026","TÌNH HÌNH VIÊM ÂM ĐẠO DO NẤM Ở PHỤ NỮ MANG THAI TAM CÁ NGUYỆT 2 VÀ 3","Dương Mỹ Linh, Nguyễn Trần Nữ Tố Yến Nhi, Dương Thị Khao Ry","Dương Mỹ Linh","3","Tập 67, số 5, trang 215-217","https://drive.google.com/open?id=1mV5SQih37IZ5yGpLNvV4avPF6ehnPTxS","","Tiếng Việt","","","","","",""
"23/09/2026 19:52:27","ttrongnhan@ctump.edu.vn","Tạp chí Y Dược Thái Bình","1859-073X","0.5 điểm","28/08/2026","Kết cục thai kỳ ở thai phụ thiếu máu thiếu sắt tại Bệnh viện Hoàn Mỹ Đồng Nai","Dương Mỹ Linh, Nguyễn Thị Kim Nga, Hứa Kim Chi, Tô Văn Nhân, Hoàng Lê Minh Tuấn","Dương Mỹ Linh","5","Tập 24, số 25, trang 49-53","https://drive.google.com/open?id=10A_e290SZA_wST5oY6USAYgyd-gr5vu5","","Tiếng Việt","","","","","",""
"23/09/2026 19:57:11","ttrongnhan@ctump.edu.vn","Tạp chí Y học Cộng đồng","2354-0613","0.5 điểm","02/06/2026","ASSESSMENT OF PREGNANCY MANAGEMENT AND OUTCOMES AMONG PRIMIGRAVID WOMEN AT DONG NAI-2 HOSPITAL","Duong My Linh, Nguyen Dinh Duong, Bui Quang Nghia, Do Thi Minh Nguyet","Dương Mỹ Linh","4","Tập 67, số 1, trang 137-142","https://drive.google.com/open?id=1VA8M3CEfYgD7BGJqojjvyMCQz6JqOzPJ","","Tiếng Anh","","","","","",""
"23/09/2026 21:10:03","mhntan@ctump.edu.vn","Tạp chí Y Dược Huế","3030-4318","1 điểm","18/09/2026","Nồng độ endothelin-1 huyết tương và một số yếu tố liên quan ở bệnh nhân lọc máu chu kỳ","Mai Huỳnh Ngọc Tân, Võ Tam","Mai Huỳnh Ngọc Tân","2","tập 17 số 1","https://drive.google.com/open?id=1fkAYTQhulwkGOafQe2ejyozmh98d-u3z","Bài báo đã được chấp thuận đăng","Tiếng Việt","","","","","",""
"23/09/2026 22:20:39","nhhon@ctump.edu.vn","Tạp chí Y học Việt Nam"," ISSN: 1859-1868","1 điểm","09/02/2026","ĐẶC ĐIỂM MÔ BỆNH HỌC U CƠ TUYẾN, POLYP TÚI MẬT VÀ ĐÁNH GIÁ KẾT QUẢ ĐIỀU TRỊ BẰNG PHẪU THUẬT CẮT TÚI MẬT NỘI SOI TẠI BỆNH VIỆN TRƯỜNG ĐẠI HỌC Y DƯỢC CẦN THƠ NĂM 2023-2025","Nguyễn Hoàng Hơn,  Nguyễn Văn Lâm, La Văn Phú, Nguyễn Văn Luân, Nguyễn Văn Tuấn, Đặng Hồng Quân, Mai Văn Đợi, Nguyễn Văn Hiên, Nguyễn Khắc Nam, Phạm Văn Năng","Nguyễn Hoàng Hơn ","10","Tập 559, số 1, trang 38-42","https://drive.google.com/open?id=14lDqpdgxUr2Lsn9644mG398G91s72orQ","","Tiếng Việt","","","","","",""
"24/09/2026 7:13:04","ntliem@ctump.edu.vn","Tạp chí Y học Cộng đồng","2354 - 0613","0.75 điểm","25/06/2026","ẢNH HƯỞNG CỦA THỜI ĐIỂM UỐNG THUỐC XỔ ĐẾN CHẤT LƯỢNG LÀM SẠCH  ĐẠI TRÀNG Ở BỆNH NHÂN NỘI SOI ĐẠI TRỰC TRÀNG","Lương Thị Thúy Loan, Đặng Như Lan, Trần Y Đức, Huỳnh Văn Lộc, Nguyễn Thanh Liêm","Nguyễn Thanh Liêm","5","Tập 67, số 6, trang 311-315","https://drive.google.com/open?id=1enNlmZoD48hZH5XO9cv3YSfdCi_qgF9b","","Tiếng Việt","","","","","",""
"24/09/2026 7:17:08","ntliem@ctump.edu.vn","Tạp chí Y học Cộng đồng","2354 - 0613","0.75 điểm","25/06/2026","LIÊN QUAN GIỮA NHIỄM HELICOBACTER PYLORI VÀ POLYP ĐẠI TRỰC TRÀNG","Tống Thị Phương Anh, Lê Ngọc Lan Anh, Nguyễn Hoàng Lan Anh, Lê Thanh Hiếu, Lê Duy Khanh, Nguyễn Văn Tuấn, Nguyễn Thanh Liêm","Nguyễn Thanh Liêm","7","Tập 67, số 6, trang 196-199","https://drive.google.com/open?id=1jy0jyqcRndPk48657jYQw-iQ6ehwpFDB","","Tiếng Việt","","","","","",""
"24/09/2026 7:22:34","ntliem@ctump.edu.vn","Tạp chí Y học Cộng đồng","2354 - 0613","0.75 điểm","24/07/2026","ĐẶC ĐIỂM NỘI SOI THEO PHÂN LOẠI WASP VÀ KẾT QUẢ CẮT POLYP KHÔNG CUỐNG  NHỎ HƠN 10 MM Ở ĐẠI TRỰC TRÀNG BẰNG THÒNG LỌNG LẠNH: NGHIÊN CỨU PILOT","Nguyễn Văn Bình, Huỳnh Thị Hồng Ngọc, Đỗ Đức Trí Nhân, Huỳnh Ngọc Nguyên Khánh, Danh Minh,  Nguyễn Thanh Liêm","Nguyễn Thanh Liêm","6","Tập 67, số 7, trang 95-99","https://drive.google.com/open?id=15ioeO1K0GSsa9u27EBFgLStf2dpK45BW","","Tiếng Việt","","","","","",""
"24/09/2026 7:27:31","ntliem@ctump.edu.vn","Tạp chí Y học Cộng đồng","2354 - 0613","0.75 điểm","24/07/2026","MỐI LIÊN QUAN GIỮA GEN CAGA, VACA CỦA VI KHUẨN HELICOBACTER PYLORI VÀ  HÌNH ẢNH TỔN THƯƠNG TRÊN NỘI SOI Ở BỆNH NHÂN VIÊM DẠ DÀY","Lâm Tha, Nguyễn Thị Quỳnh Mai, Lâm Phước Thiện, Nguyễn Thanh Liêm","Nguyễn Thanh Liêm","4","Tập 67, số 7, trang 25-29","https://drive.google.com/open?id=1EwnM0Oe2ACRJQpFcrgWS3jLMwcHP6x89","","Tiếng Việt","","","","","",""
"24/09/2026 7:36:48","ntliem@ctump.edu.vn","Tạp chí Y học Cộng đồng","2354 - 0613","0.75 điểm","06/07/2026","NGHIÊN CỨU ĐẶC ĐIỂM LÂM SÀNG, CẬN LÂM SÀNG VÀ MỘT SỐ YẾU TỐ LIÊN  QUAN SUY GAN CẤP TRÊN NỀN MẠN Ở BỆNH NHÂN XƠ GAN MẤT BÙ CẤP TÍNH","Dương Văn Lưỡng, Huỳnh Thị Hồng Ngọc, Lâm Phước Thiện, Nguyễn Thanh Liêm","Nguyễn Thanh Liêm","4","Tập 67, Số CĐ8-NCKH, trang 60-64","https://drive.google.com/open?id=1aa7g1ZTaqHiUgOL89Ah9X7g3xflVeAC9","","Tiếng Việt","","","","","",""
"24/09/2026 7:39:42","ntliem@ctump.edu.vn","Tạp chí Y học Cộng đồng","2354 - 0613","0.75 điểm","06/07/2026","KẾT QUẢ ĐIỀU TRỊ NỘI SOI MẬT TỤY NGƯỢC DÒNG Ở BỆNH NHÂN VIÊM  ĐƯỜNG MẬT CẤP MỨC ĐỘ NẶNG DO SỎI ĐƯỜNG MẬT","Mai Hoàng Anh Phương, Huỳnh Thị Hồng Ngọc, Nguyễn Thanh Liêm","Nguyễn Thanh Liêm","3","Tập 67 Số CĐ8-NCKH, trang 21-26","https://drive.google.com/open?id=1GFaTn3SG85WuvTUHZpd6ziS_J8DbOGzl","","Tiếng Việt","","","","","",""
"24/09/2026 7:47:52","ntliem@ctump.edu.vn","Tạp chí Nghiên cứu Y học","2354-080X","1 điểm","06/07/2026","GIÁ TRỊ THANG ĐIỂM CLIF-C ACLF TRONG DỰ BÁO                   KẾT QUẢ ĐIỀU TRỊ Ở BỆNH NHÂN SUY GAN CẤP TRÊN NỀN MẠN","Hồ Thế Dũng, Thái Thị Hồng Nhung, Nguyễn Thanh Liêm","Nguyễn Thanh Liêm","3","Tập 203, số 6, trang 377-386","https://drive.google.com/open?id=1dC8W7O_cGWfmVGYx-AgOzuGWcypeJqna","","Tiếng Việt","","","","","",""
"24/09/2026 7:50:59","ntliem@ctump.edu.vn","TẠP CHÍ NGHIÊN CỨU Y HỌC","2354-080X","1 điểm","06/07/2026","YẾU TỐ LIÊN QUAN ĐẾN THỜI ĐIỂM                                                NỘI SOI MẬT TỤY NGƯỢC DÒNG CẤP CỨU Ở BỆNH NHÂN    VIÊM TỤY CẤP DO SỎI MẬT CÓ VIÊM ĐƯỜNG MẬT CẤP","Lưu Quốc Tín, Trần Đình Trí, Nguyễn Thanh Liêm","Nguyễn Thanh Liêm","3","Tập 203, số 6, trang 850-859","https://drive.google.com/open?id=1axlfeCPmBSNagCpchGJyEagGdfsR075t","","Tiếng Việt","","","","","",""
"24/09/2026 12:02:33","hmtu@ctump.edu.vn","Tạp chí Y học Việt Nam","1859-1868","1 điểm","15/09/2026","ĐÁNH GIÁ KẾT QUẢ BƯỚC ĐẦU PHẪU THUẬT NỘI SOI HAI CỔNG CÙNG BÊN GIẢI ÉP TRONG BỆNH LÝ THOÁI HÓA CỘT SỐNG THẮT LƯNG Ở BỆNH NHÂN TRÊN 60 TUỔI","Nguyễn Hữu Huỳnh Hải, Hoàng Minh Tú, Trương Triển Khang, Trần Thượng, Nguyễn Công","Nguyễn Hữu Huỳnh Hải","5","Tập 563, Số 1, Trang ","https://drive.google.com/open?id=19AxGPTSDdkS8S_VHNdVmGal3OyOxeMOR","","Tiếng Việt","","","","","",""
"24/09/2026 12:07:33","hmtu@ctump.edu.vn","Tạp chí Sinh lý học Việt Nam","1859-2376","0.5 điểm","22/06/2026","KẾT QUẢ ĐIỀU TRỊ CUNG RĂNG CHEN CHÚC BẰNG HỆ THỐNG MẮC CÀI DAMON ULTIMA TRÊN BỆNH NHÂN CHỈNH HÌNH KHÔNG NHỔ RĂNG TẠI BỆNH VIỆN TRƯỜNG ĐẠI HỌC Y DƯỢC CẦN THƠ NĂM 2025-2026","Bùi Nguyễn Thùy Linh, Nguyễn Hồ Đại Lập, Nguyễn Đoàn Thảo Nguyên, Hoàng Minh Tú, Lê Nguyên Lâm","Lê Nguyên Lâm","5","Tập 30, số 2, Trang 96-103","https://drive.google.com/open?id=1Nk31P6K8X07F0ot90svoyGCIs_KpW2tO","","Tiếng Việt","","","","","",""
"24/09/2026 19:56:28","tcly@ctump.edu.vn","Tạp chí Y học Thành phố Hồ Chí Minh","1859-1779","0.75 điểm","27/07/2026","Xây dựng và đánh giá tính giá trị, độ tin cậy thang đo kiến thức, thái độ, thực hành, rào cản về Y học dựa trên chứng cứ ở sinh viên Y khoa","Nguyễn Đình Nguyên Chương, Trần Công Lý, Trần Bích Ngọc, Trần Thị Huỳnh Như, Phún Duy Long, Lê Hoàng Mỷ, Nguyễn Minh Phương","Nguyễn Đình Nguyên Chương","7","29(9):146-152","https://drive.google.com/open?id=1jEUT_KqubBW6GSr33U3LL9BWOVKskXM4","","Tiếng Việt","","","","","",""
"24/09/2026 20:57:36","pvmy@ctump.edu.vn","TẠP CHÍ Y HỌC VIET NAM","ISSN: 1859-1868","0.5 điểm","22/07/2025","ĐÁNH GIÁ HIỆU QUẢ SỬ DỤNG VẠT DA CƠ LƯNG RỘNG TRONG ĐIỀU TRỊ CHE PHỦ KHUYẾT HỔNG PHẦN MỀM TH[NH NGỰC TẠI VIỆN BỎNG QUỐC GIA VIỆT NAM","Nguyễn Trung Hiếu , Lê Năm, Phạm Trịnh Quốc Khanh3 , Huỳnh Minh Trí , Phạm Việt Mỹ, Hoàng Minh Tú","HOÀNG MINH TÚ","7","Tập 552, số 3, trang 212-216","https://drive.google.com/open?id=1Cgl7JzeRufsuUn1WZaDBAOriAfw4P65b","","Tiếng Việt","","","","","",""
"24/09/2026 21:13:42","ntphien@ctump.edu.vn","Tạp chí Nghiên cứu Y học","2354-080X","1 điểm","25/08/2026","Thực trạng rối loạn giấc ngủ ở người bệnh rối loạn trầm cảm tái diễn tại Viện Sức khỏe tâm thần – Bệnh viện Bạch Mai","Nguyễn Văn Tuấn, Nguyễn Thị Phương Hiền","Nguyễn Thị Phương Hiền","2","Tập 205, số 8, trang 627-635","https://drive.google.com/open?id=1W7BR4fl_1n44yynQIoJfuj3I0QS-3ELY","","Tiếng Việt","","","","","",""
"25/09/2026 8:16:22","bmnoi@ctump.edu.vn","Tạp chí Y Dược học Quân sự","1859-0748","0.75 điểm","19/05/2026","PHÂN BỐ TÁC NHÂN VI SINH VÀ CÁC YẾU TỐ LIÊN QUAN ĐẾN ĐỒNG NHIỄM BẰNG KỸ THUẬT MULTIPLEX REAL-TIME PCR Ở BỆNH NHÂN ĐỢT CẤP BỆNH PHỔI TẮC NGHỄN MẠN TÍNH","Lâm Chí Hùng, Võ Phạm Minh Thư, Phạm Hùng Vân, Ngô Đình Khánh, Cao Thị Mỹ Thúy","Cao Thị Mỹ Thúy","5","Tập 51, Số 7 - 2026, Trang 187 – 194","https://drive.google.com/open?id=1eYlu33PIEIAcmrenWB_jAfutESQ-q4im","","Tiếng Việt","","","","","",""
"25/09/2026 8:35:22","vcqanh@ctump.edu.vn","Tạp chí Sinh lý học Việt Nam","1859-2376","0.25 điểm","29/06/2026","BẤT THƯỜNG HÌNH THÁI THAI NHI TRÊN SIÊU ÂM QUÝ 1 THEO ISUOG 2023 TẠI BỆNH VIỆN PHỤ SẢN THÀNH PHỐ CẦN THƠ","Võ Châu Quỳnh Anh, Trần Văn Nam, Phan Hữu Thúy Nga, Trần Nhân Kiệt, Hồ Thị Kim Yến","Võ Châu Quỳnh Anh","5","Tập 30 Số 2 (2026), trang 123-132","https://drive.google.com/open?id=18gP-DbVbmHaTOgbAY8GzujlVeN_pXOeD","","Tiếng Việt","","","","","",""
"25/09/2026 8:58:15","nptai@ctump.edu.vn","Tạp chí Nghiên cứu Triết học","2734-990X","1 điểm","25/09/2026","Sinh viên - “tế bào gốc” trong thế trận bảo vệ nền tảng tư tưởng của Đảng trên không gian mạng","Nguyễn Phước Tài, Nguyễn Thanh Hùng","Nguyễn Thanh Hùng","","Số 38 (9 - 2026), trang 16-22","https://drive.google.com/open?id=1S-BvfPrGeEnq6XEq30JPR_K6cuyrds7B","","Tiếng Việt","","","","","",""
"25/09/2026 14:45:33","nphung@ctump.edu.vn","Direct medical costs and related factors in inpatients with chronic obstructive pulmonary disease at Dau Tieng Rubber General Hospital in 2025-2026 ","Kỷ yếu","Kỷ yếu có phản biện","09/09/2026","Direct medical costs and related factors in inpatients with chronic obstructive pulmonary disease at Dau Tieng Rubber General Hospital in 2025-2026 ","Hung Nguyen Phuc*¹, Hai Nguyen Nhat¹, Nam Tran Thanh², Huong Vo Thi My³, & Kien Tran Ba⁴ ","Nguyễn Phục Hưng","5","Trang 123","https://drive.google.com/open?id=1Pb3MFWv0hoL6ycjQMBha5cc_cCl_ysuK","","Tiếng Anh","","","","","",""
"25/09/2026 14:54:41","vtmhuong@ctump.edu.vn","Kỷ yếu","Ky yếu","Kỷ yếu có phản biện","09/09/2026","Applying an integrated TAM-SOR model to examine the factors influencing consumers’ purchase intention for organically sourced dietary supplements: Evidence from Can Tho City, Vietnam ","Vo Thi My Huong, Nguyen Phuc Hung, Nguyen Phu Vinh, Mai Thu Suong, Pham Thanh Suol, Tang Nghiep Minh, Nguyen Thi Tuyet Minh","Nguyễn Phục Hưng","7","146","https://drive.google.com/open?id=16PSPgV8pMUXN1V5B0roJFswNNyzEwop-","","Tiếng Anh","","","","","",""
"25/09/2026 15:02:52","nphung@ctump.edu.vn","Kỷ yếu","Kỷ yếu","Kỷ yếu có phản biện","09/09/2026","Assessment of current situation and factors causing job pressure among pharmacy department staff in public healthcare facilities ","Le Quang Vinh, Nguyễn Phục Hưng, Nguyễn Ngọc Nhã Thảo , Nguyễn Hữu Phước Đại","Nguyễn Phục Hưng","5","131","https://drive.google.com/open?id=12WtkXpgGw1UEF77ZVOEcloqfKfC4KSMw","","Tiếng Anh","","","","","",""
"25/09/2026 22:01:33","nhtoan@ctump.edu.vn","Tạp chí Nghiên cứu Y học","2354-080X","1 điểm","05/06/2026","Mối liên quan giữa nồng độ sST2 huyết thanh và tình trạng sung huyết theo thang điểm Rohde ở bệnh nhân đợt cấp suy tim mạn","Phan Thị Anh Vân, Trần Viết An","Trần Viết An","2","201(4), 65-74","https://drive.google.com/open?id=1JycBO10VsVbb5dc49manN_Dp6lf2GDVl","","Tiếng Việt","","","","","",""
"25/09/2026 22:03:06","nhtoan@ctump.edu.vn","Tạp chí Nghiên cứu Y học","2354-080X","1 điểm","05/06/2026","Nồng độ CA-125 và mối liên quan với một số đặc điểm ở bệnh nhân đợt cấp suy tim mạn","Nguyễn Trang Đài, Trần Viết An","Trần Viết An","2","201(4), 1-9.","https://drive.google.com/open?id=1Pu0mC0y3JZX1o0NwwgiEYjqtnfnwtx7c","","Tiếng Việt","","","","","",""
"25/09/2026 22:04:25","nhtoan@ctump.edu.vn","Tạp chí Nghiên cứu Y học","2354-080X","1 điểm","05/06/2026","Đa hình gen ACE I/D và giá trị tiên lượng trên bệnh nhân nhồi máu cơ tim cấp","Huỳnh Văn Quyền, Trần Viết An, Phạm Thị Ngọc Nga","Trần Viết An","3","201(4), 34-42.","https://drive.google.com/open?id=12Q-I8TQQSFaBefJl8yh8paKOKp690vId","","Tiếng Việt","","","","","",""
"25/09/2026 22:05:52","nhtoan@ctump.edu.vn","Tạp chí Nghiên cứu Y học","2354-080X","1 điểm","06/07/2026","Nồng độ sST2 huyết thanh và một số yếu tố liên quan ở bệnh nhân suy tim phân suất tống máu giảm sau nhồi máu cơ tim","La Quốc Khôi Nguyên, Phạm Kiều Anh Thơ, Trần Viết An","Trần Viết An","3","203(6), 890-898.","https://drive.google.com/open?id=1U43WSQOMB9pYlHUUfONYbln57prHCB40","","Tiếng Việt","","","","","",""
"25/09/2026 22:07:15","nhtoan@ctump.edu.vn","Tạp chí Nghiên cứu Y học","2354-080X","1 điểm","06/07/2026","Đa hình rs673548, rs676210, rs1042034 gen APOB và yếu tố liên quan ở bệnh nhân cao tuổi mắc hội chứng động mạch vành cấp tại Bệnh viện Đa khoa Trung tâm An Giang","Phạm Huỳnh Minh Trí, Nguyễn Văn Tân, Trần Viết An","Trần Viết An","3","203(6), 860-872.","https://drive.google.com/open?id=1NeFphulD3Oxj6dPPxoI5GZGTZ23w8vNe","","Tiếng Việt","","","","","",""
"25/09/2026 22:08:41","nhtoan@ctump.edu.vn","Tạp chí Nghiên cứu Y học","2354-080X","1 điểm","06/07/2026","Đặc điểm tỷ số ApoB/ApoA1 ở bệnh nhân cao tuổi mắc hội chứng động mạch vành cấp","Phạm Huỳnh Minh Trí, Trần Viết An, Nguyễn Văn Tân","Nguyễn Văn Tân","3","203(6), 663-673.","https://drive.google.com/open?id=13e1RIKDtNQTr6ofshSZFfCvx2h6fiMNf","","Tiếng Việt","","","","","",""
"25/09/2026 22:10:28","nhtoan@ctump.edu.vn","Tạp chí Nghiên cứu Y học","2354-080X","1 điểm","06/07/2026","Đa hình C+3954T gen IL-1β và đặc điểm lâm sàng ở bệnh nhân viêm dạ dày tại Bệnh viện Chợ Rẫy năm 2023 - 2025","Phạm Hùng Phong, Hồ Tấn Phát, Võ Duy Thông, Trần Viết An","Trần Viết An","3"," 203(6), 512-521.","https://drive.google.com/open?id=1KV05uhD1lirsJW7gPqeNQz6gGud5GII3","","Tiếng Việt","","","","","",""
"25/09/2026 22:11:45","nhtoan@ctump.edu.vn","Tạp chí Nghiên cứu Y học","2354-080X","1 điểm","06/07/2026","Giá trị Galectin-3 kết hợp NT-proBNP trong tiên lượng hội chứng tim thận type 1 ở bệnh nhân đợt cấp suy tim mạn","Từ Mỹ Nhi, Bùi Thế Dũng, Trần Viết An, Trần Thị Thu Thảo","Từ Mỹ Nhi","4","203(6), 607-614.","https://drive.google.com/open?id=1nIck11LHTAqfOBgjkWwZ8NW_z6Q9seND","","Tiếng Việt","","","","","",""
"25/09/2026 22:12:56","nhtoan@ctump.edu.vn","Tạp chí Nghiên cứu Y học","2354-080X","1 điểm","04/08/2026","Đa hình rs1333049 gen ANRIL và một số yếu tố nguy cơ tim mạch ở bệnh nhân nghi ngờ bệnh động mạch vành: Nghiên cứu thăm dò","Nguyễn Ngọc Vy Yến, Phạm Thị Ngọc Nga, Trần Viết An","Trần Viết An","3","204(7), 1-9.","https://drive.google.com/open?id=13dOkzo2ZKRFC5ijgiCJzqi83J5JcayV4","","Tiếng Việt","","","","","",""
"25/09/2026 22:14:12","nhtoan@ctump.edu.vn","Tạp chí Nghiên cứu Y học","2354-080X","1 điểm","04/08/2026","Đa hình gen MMP2, nồng độ huyết thanh của matrix metalloproteinase-2 và mối liên quan với tổn thương cơ quan đích ở bệnh nhân tăng huyết áp kháng trị","Huỳnh Tuấn An, Nguyễn Thị Thảo Linh, Hoàng Anh Vũ, Hồ Quốc Chương, Hoàng Anh Tiến, Trần Viết An","Trần Viết An","6","204(7), 20-28","https://drive.google.com/open?id=1OeuY1t9wKBBGJDpRQ13ynRpTHIx8USIx","","Tiếng Việt","","","","","",""
"25/09/2026 22:15:27","nhtoan@ctump.edu.vn","Tạp chí Nghiên cứu Y học","2354-080X","1 điểm","25/08/2026","Mối liên quan giữa tỷ số ApoB/ApoA-I và tổn thương động mạch vành ở bệnh nhân hội chứng động mạch vành cấp","Tạ Đức Luân, Phạm Kiều Anh Thơ, Trần Viết An","Trần Viết An","3","205(8), 562-570.","https://drive.google.com/open?id=1kic3KO4nkwNZCJzTDhLjxthvcw2OfzyQ","","Tiếng Việt","","","","","",""
"25/09/2026 22:16:48","nhtoan@ctump.edu.vn","Tạp chí Nghiên cứu Y học","2354-080X","1 điểm","25/08/2026","Nồng độ GDF-15 huyết thanh và giá trị tiên lượng biến cố suy tim ở bệnh nhân nhồi máu cơ tim cấp được can thiệp động mạch vành qua da","Trần Viết An, Trần Thanh Hà","Trần Thanh Hà","2"," 205(8), 636-644.","https://drive.google.com/open?id=1NbgrdXw-NpTkFfGBFACycb94qysbXv_1","","Tiếng Việt","","","","","",""
"25/09/2026 22:19:15","nhtoan@ctump.edu.vn","Tạp chí Y học Việt Nam"," 1859-1868","1 điểm","15/09/2026","NGHIÊN CỨU KẾT QUẢ CỦA PHƯƠNG PHÁP BẢO VỆ NHÁNH BÊN BẰNG BÓNG VÀ MỘT SỐ YẾU TỐ LIÊN QUAN TRONG CAN THIỆP SANG THƯƠNG CHIA NHÁNH Ở BỆNH NHÂN HỘI CHỨNG VÀNH CẤP","Lâm Duy Tân, Trần Viết An, Bùi Thế Dũng","Lâm Duy Tân","3","563(1)","https://drive.google.com/open?id=1D6jvIotHjqZ6qHvRZ7k0kcBR4chlH65k","","Tiếng Việt","","","","","",""
"26/09/2026 9:53:12","nttrang@ctump.edu.vn","Tạp chí & xã hội ","ISSN: 1859-3917","0.75 điểm","24/06/2026","Thực trạng lối sống thực dụng và một số yếu tố liên quan của sinh viên Trường Đại học Y Dược Cần Thơ hiện nay","Nguyễn Thanh Trạng, Trần Thị Hồng Lê, Lương Thị Hoài Thanh, Lê Chí Nhân","Nguyễn Thanh Trạng","4","179-184","https://drive.google.com/open?id=1y523WQe7mWqLW--WJKcp4xrYpQP-FTOa","","Tiếng Việt","","","","","",""
"26/09/2026 21:48:08","lpthien@ctump.edu.vn","Tạp chí Nghiên cứu Y học","2354-080X","1 điểm","25/08/2026","DIỄN TIẾN ĐỘ THANH THẢI TRIGLYCERIDE HUYẾT THANH VÀ MỐI LIÊN QUAN VỚI BIẾN CHỨNG NỘI VIỆN TRONG VIÊM TỤY CẤP DO TĂNG TRIGLYCERIDE: KẾT QUẢ BƯỚC ĐẦU TỪ NGHIÊN CỨU QUAN SÁT TIẾN CỨU","Nguyễn Văn Trung, Huỳnh Thị Hồng Ngọc, Huỳnh Hiếu Tâm","Huỳnh Hiếu Tâm","3","Tâp 205, số 8, trang 165-174","https://drive.google.com/open?id=1-Ns6d1b5ITSGKjL2ZrgxBJSfFTqq6Mhv","","Tiếng Việt","","","","","",""
"26/09/2026 21:55:13","lpthien@ctump.edu.vn","Tạp chí Y học cộng đồng","2354-0613","1 điểm","26/07/2026","MỐI LIÊN QUAN GIỮA GEN CAGA, VACA CỦA VI KHUẨN HELICOBACTER PYLORI VÀ HÌNH ẢNH TỔN THƯƠNG TRÊN NỘI SOI Ở BỆNH NHÂN VIÊM DẠ DÀY","Lâm Tha, Nguyễn Thị Quỳnh Mai, Lâm Phước Thiện, Nguyễn Thanh Liêm","Nguyễn Thanh Liêm","4","Tập 67, số 7,  trang 25-29","https://drive.google.com/open?id=1OSHGmy30UzeYYuG3AMsvaeTDrYLVQlhw","","Tiếng Việt","","","","","",""
"26/09/2026 21:57:48","lpthien@ctump.edu.vn","Tạp chí Y học cộng đồng","2354-0613","1 điểm","06/07/2026","NGHIÊN CỨU ĐẶC ĐIỂM LÂM SÀNG, CẬN LÂM SÀNG VÀ MỘT SỐ YẾU TỐ LIÊN QUAN SUY GAN CẤP TRÊN NỀN MẠN Ở BỆNH NHÂN XƠ GAN MẤT BÙ CẤP TÍNH","Dương Văn Lưỡng, Huỳnh Thị Hồng Ngọc, Lâm Phước Thiện, Nguyễn Thanh Liêm","Nguyễn Thanh Liêm","4","Tập 67, số CĐ8-NCKH, trang 61-64","https://drive.google.com/open?id=1ctSwM5eyhfXIlUnH_BBufkpaNvVuaIzW","","Tiếng Việt","","","","","",""
"27/09/2026 18:07:44","lcnhan@ctump.edu.vn","Tạp chí Thanh niên","2734-9039","0.75 điểm","01/07/2026","Giải pháp nâng cao kiến thức và thái độ về thực hành giảm thiểu ô nhiễm rác thải nhựa của sinh viên Trường Đại học Y Dược Cần Thơ","Trần Thị Hồng Lê, Lê Chí Nhân, Lương Thị Hoài Thanh, Nguyễn Thanh Trạng, Nguyễn Phước Tài","Trần Thị Hồng Lê","5","Số 103, trang 137 - 139","https://drive.google.com/open?id=1GU2d1PmAUQOGWo_o-jZoIzdNEB1eSR0B","","Tiếng Việt","","","","","",""
"28/09/2026 9:24:14","ddtien@ctump.edu.vn","Tạp chí Y học Việt Nam","ISSN: 1859-1868","1 điểm","03/01/0026","ĐÁNH GIÁ ĐẶC ĐIỂM HÌNH ẢNH CHẤN THƯƠNG CỘT SỐNG NGỰC - THẮT LƯNG TRÊN CẮT LỚP VI TÍNH THEO PHÂN LOẠI AO SPINE","Đoàn Dũng Tiến, Lê Thiên Bảo, Dương Thanh Phúc, Bành Dương Yến Nhi","Đoàn Dũng Tiến","4","Tập 560, số 2, trang 375-378","https://drive.google.com/open?id=19tVFz-nDHQH4h-uPOokXlTTJnkJAQlHY","","Tiếng Việt","","","","","",""
"28/09/2026 10:48:18","ttrongnhan@ctump.edu.vn","Tạp chí Y học Dự phòng","0868-2836","1 điểm","20/08/2026","Tỷ lệ nhiễm Human Papilomavirus và một số yếu tố liên quan ở phụ nữ 21-65 tuổi tại tỉnh Cà Mau, 2026","Dương Mỹ Linh, Lê Mỹ Ngọc, Bùi Quang Nghĩa, Trương Minh Kiển, Võ Nhật Ngân Tuyền","Dương Mỹ Linh","5","Tập 36, số 6, trang 146 -154","https://drive.google.com/open?id=1LUHaXexqi_LOMlUwSA00Dg9McbTYnrEv","","Tiếng Việt","","","","","",""
"29/09/2026 18:33:18","vhnhan@ctump.edu.vn","Tạp chí Y học Việt Nam","ISSN: 1859-1868","1 điểm","05/05/2026","Đánh giá kết quả nội kiểm 05 thông số Tổng phân tích tế bào máu ngoại vi tại Khoa. Huyết học - Truyền máu, Bệnh viện Đa khoa Sóc Trăng","Phan Mộng Thiên Kiều, La ThịPhương Dung, Võ Hoài Nhân","Phan Mộng Thiên Kiều","3","Tập 562, trang 299-306","https://drive.google.com/open?id=1L5XZ18bHvUWzYnigxoP30zJeqPEQEZXD","","Tiếng Việt","","","","","",""
"29/09/2026 18:41:51","vhnhan@ctump.edu.vn","Tạp chí Y học Việt Nam","ISSN: 1859-1868","1 điểm","07/03/2025","Khảo sát sự đồng biểu hiện của dấu ấn CD34 và CD123 trên bệnh bạch cầu cấp dòng lympho B ở trẻ em","Nguyễn Thị Kim Yến, Võ Hoài Nhân, Nguyễn Ngọc Sang, Hoàng Thị Tuệ Ngọc, Nguyễn Phương Liên","Nguyễn Thị Kim Yến","5","Tập 552, trang 738-747","https://drive.google.com/open?id=1TDfQHgEIRAT_GtLMvWA3SVl4G-9dr128","","Tiếng Việt","","","","","",""
"29/09/2026 21:15:57","pvmy@ctump.edu.vn","Tạp chí Y học cộng đồng","ISSN: 1859-1868","1 điểm","18/06/2026","ĐẶC ĐIỂM LÂM SÀNG NHÓM RĂNG SAU CÓ CHỈ ĐỊNH THỰC HIỆN INLAY/ONLAY BẰNG VẬT LIỆU NHỰA IN 3D TERA HARZ TC-80DP TẠI BỆNH VIỆN TRƯỜNG ĐẠI HỌC Y DƯỢC CẦN THƠ","Bùi Ngọc Hoa1* , Phạm Việt Mỹ1, Trầm Kim Định1, Lâm Huỳnh Phước Minh1, Trần Hùng Lâm2","Trần Hùng Lâm","5","Tập 67, số 6, năm 2026","https://drive.google.com/open?id=17enJMT0tGK22ZxQOzBl4XeCtRuIZXFhc","","Tiếng Việt","","","","","",""
"30/09/2026 17:39:02","dthong@ctump.edu.vn","TẠP CHÍ KHOA HỌC TRƯỜNG ĐẠI HỌC SƯ PHẠM HÀ NỘI ","2354-1075","1 điểm","21/04/2026","XÂY DỰNG VÀ KIỂM ĐỊNH THANG ĐO PHONG CÁCH HỌC TẬP CHO SINH VIÊN Y KHOA NĂM HAI TẠI TRƯỜNG ĐẠI HỌC Y DƯỢC CẦN THƠ","ống Khánh Ly, Đặng Thanh Hồng, Trương Trần Quốc Lộc, Nguyễn Hoàng Ái Nhi, Nguyễn Vũ Tiến, Phan Việt Hoàng Huy","Đặng Thanh Hồng","6","Tập71, Số3, tr. 181-190","https://drive.google.com/open?id=1PSfkVchDapOst1ei43g5b7BfnXATLVaL","","Tiếng Việt","","","","","",""
"30/09/2026 20:35:59","dtngan@ctump.edu.vn","Y học cộng đồng","2354 - 0613","0.75 điểm","26/07/2026","CHẤT LƯỢNG GIẤC NGỦ VÀ MỘT SỐ YẾU TỐ LIÊN QUAN TRÊN BỆNH NHÂN THOÁI HÓA CỘT SỐNG THẮT LƯNG TẠI BỆNH VIỆN Y HỌC CỔ TRUYỀN CẦN THƠ","Nguyễn Minh Đương, Lê Minh Hoàng, Lâm Quang Vinh, Võ Tuyết Ngân, Lê Thị Hoàng Gia Mỹ, Nguyễn Trần Lộc, Lê Thị Huỳnh Em, Trần Thị Mỹ Trinh, Nguyễn Văn Thống","Nguyễn Văn Thống","9","Tập 67 số 07","https://drive.google.com/open?id=1moC09zNRdSfEHrtVj235zTwREhDjImef","Lê Minh Hoàng, Lâm Quang Vinh, Nguyễn Văn Thống","Tiếng Việt","","","","","",""
"30/09/2026 20:44:17","dtngan@ctump.edu.vn","Y học cộng đồng","1354-0613","0.75 điểm","26/07/2026","ĐÁNH GIÁ HIỆU QUẢ LÂM SÀNG CỦA BÀI THUỐC ĐỘC HOẠT KÝ SINH THANG KẾT HỢP ĐIỆN CHÂM, THỦY CHÂM, XOA BÓP BẤM HUYỆT TRÊN BỆNH NHÂN HỘI CHỨNG THẮT LƯNG HÔNG DO THOÁI HÓA CỘT SỐNG THẮT LƯNG","Lê Chí Hòa, Trần Đăng Đức, Nguyễn Ngọc Chi Lan, Tôn Chi Nhân","Nguyễn Ngọc Chi Lan","4","tập 67 (số 7)","https://drive.google.com/open?id=1NIL5hlwGSkTG4NHBIu_w6raafFafAKgy, https://drive.google.com/open?id=15rt-RyCx46r4liF2jjDbbYK4okUpQqlX","Nguyễn Ngọc Chi Lan","Tiếng Việt","","","","","",""
"30/09/2026 20:40:34","dtngan@ctump.edu.vn","Tạp chí Giáo Dục","2354-0753","1 điểm","05/08/2026","ĐỘNG LỰC HỌC TẬP CỦA SINH VIÊN ĐẠI HỌCTRONG MÔI TRƯỜNG HỌC TẬP SỐ:MỘT SỐ VẤN ĐỀ LÍ LUẬN VÀ HÀM Ý SƯ PHẠM","Lữ Quốc Vinh, Nguyễn Ngọc Chi Lan","Nguyễn Ngọc Chi Lan","2","Tập số  26 tập số 15 (tháng 8/2026)","https://drive.google.com/open?id=1_GCNGq48lgeRRBzswtIQ3i2L4i6pPxbB","","Tiếng Việt","","","","","",""
"01/10/2026 8:27:22","ntdkhanh@ctump.edu.vn","Tạp chí Khoa học và Đào tạo Thể dục thể thao","ISSN: 0866-8108","1 điểm","17/04/2026","Nghiên cứu sự hài lòng của sinh viên về nội dung chương trình giáo dục thể chất cải tiến tại trường Đại học Y Dược Cần Thơ ","Trương Thị Tuyết Châu, Châu Vĩnh Huy, Nguyen Trung Kiên","Trương Thị Tuyết Châu","3","số 2, trang 27-33","https://drive.google.com/open?id=1lnH6GhG6CQHDHkgAUHSNblihVsO1-S2U","","Tiếng Việt","","","","","",""
"01/10/2026 8:35:27","ntdkhanh@ctump.edu.vn","Tạp chí Khoa học và Đào tạo Thể dục thể thao","0866-8108","1 điểm","17/04/2026","Thực trạng thể lực nam sinh viên trường Đại học Y Dược Cần Thơ","Trương Thị Tuyết Châu, Châu Vĩnh Huy, Nguyen Trung Kiên","Trương Thị Tuyết Châu","3","số 2, trang 38-42","https://drive.google.com/open?id=1WgNEuyLkOvBUraAGB4_BAp04Jz6THCcJ","","Tiếng Việt","","","","","",""
"01/10/2026 20:51:56","lththanh@ctump.edu.vn","Tạp chí Nghiên cứu triết học","2734-990X","0.75 điểm","01/07/2026","Làm rõ ý nghĩa triết học của nghị quyết đại hội XIV của Đảng Cộng sản Việt Nam trong giảng dạy triết học Mác - Lênin"," Lương Thị Hoài Thanh, Nguyễn Việt Thanh","Nguyễn Việt Thanh","2","7(132), trang 28-37","https://drive.google.com/open?id=1mJ24phj46fGNPVHsQnYI4Hk4fe5uTtB8","Tác giả chính  Lương Thị Hoài Thanh","Tiếng Việt","","","","","",""
"01/10/2026 20:54:20","lththanh@ctump.edu.vn","Tạp chí Thông tin khoa học Lý luận chính trị","2354-1040","0.75 điểm","01/07/2026","Phê phán những luận điệu xuyên tạc về mục tiêu tăng trưởng hai con số của Việt Nam"," Lương Thị Hoài Thanh, Nguyễn Việt Thanh","Nguyễn Việt Thanh","2","7(132), trâng 28-37","https://drive.google.com/open?id=1JYX88HuCSK6J3R_XAASJKEZv2NwCR5AY","Tác giả chính  Lương Thị Hoài Thanh","Tiếng Việt","","","","","",""
"01/10/2026 22:21:34","tqtlam@ctump.edu.vn","Tạp chí Y học Thành phố Hồ Chí Minh","1859-1779","1 điểm","20/08/2026","Mức độ hài lòng của sinh viên điều dưỡng, hộ sinh về giảng dạy lâm sàng của giảng viên Trường Đại học Y Dược Cần Thơ năm 2025","Lê Uyên Nhi, Từ Anh Thư, Đặng Thị Kiều Trinh, Nguyễn Hồng Vy, Ngô Thị Dung, Nguyễn Thị Thanh Nhàn (00835), Nguyễn Thị Thanh Trúc*","Nguyễn Thị Thanh Trúc","7","Tập 29, số 10 trang 114-120","https://drive.google.com/open?id=1iJb9Vq_EkqWcWKlaqbfvgemAGNbfoLjK","","Tiếng Việt","","","","","",""
"02/10/2026 10:51:31","ptnnga@ctump.edu.vn","Tạp chí nghiên cứu y học","2354-080X","1 điểm","06/05/2026","ĐA HÌNH rs2070744 GEN NOS3 VÀ MỐI LIÊN QUAN VỚI     BIẾN CHỨNG NÃO Ở BỆNH NHÂN TĂNG HUYẾT ÁP ","Khưu Kim Phong, Nguyễn Trí Thức, Phạm Thị Ngọc Nga, Đoàn Minh Khang, Trần Kim Sơn","Khưu Kim Phong","5","201(4), 102-109","https://drive.google.com/open?id=1Sox6KAAMzozcdDJTUEaMTDX6ZNHMNGzX","có 02 cán bộ trong trường","Tiếng Việt","","","","","",""
"02/10/2026 10:57:05","ptnnga@ctump.edu.vn","Tạp chí nghiên cứu y học","2354-080X","1 điểm","06/05/2026","ĐA HÌNH GEN ACE I/D VÀ GIÁ TRỊ TIÊN LƯỢNG TRÊN BỆNH NHÂN NHỒI MÁU CƠ TIM CẤP","Huỳnh Văn Quyền  , Trần Viết An , Phạm Thị Ngọc Nga ","Huỳnh Văn Quyền","3","201(4), 34-42.","https://drive.google.com/open?id=12EzOhuN0Vsj2p0HRtLLdNpskT3CktoIT","","Tiếng Việt","","","","","",""
"02/10/2026 11:01:08","ptnnga@ctump.edu.vn","Tạp chí Sinh lý học","1859-2376 ","0.5 điểm","01/04/2026","ĐẶC ĐIỂM LÂM SÀNG VÀ KẾT QUẢ PHẪU THUẬT TẠO HÌNH MŨI KẾT HỢP TẠO HÌNH ĐẦU MŨI BẰNG VẬT LIỆU POLYCAPROLACTONE (PCL) VÀ SỤN VÀNH TAI CỦA BỆNH NHÂN TẠI  BỆNH VIỆN THẨM MỸ SAO HÀN THÀNH PHỐ HỒ CHÍ MINH NĂM 2025 ","Hồ Huyền Linh , Trần Quốc Dương , Nguyễn Thị Huỳnh Nhi , Nguyễn Thành Nghiệp , Nguyễn Minh  Quy, Phạm Thị Ngọc Nga , Nguyễn Văn Lâm ","Nguyễn Văn Lâm","7","Bài báo số 177, 10 trang, 01-10. ","https://drive.google.com/open?id=1qxFaFf9n4kqfagqIoZikxSxmPtcMroIF","","Tiếng Việt","","","","","",""
"02/10/2026 11:04:07","ptnnga@ctump.edu.vn","Tạp chí Thái nguyên","859-2171, 2374-9098; e-ISSN 2615-9562","1 điểm","30/07/2026","ASSOCIATION OF APOA5 RS651821 POLYMORPHISM WITH GLYCEMIC INDICATORS IN PATIENTS WITH TYPE 2 DIABETES AND SEVERE HYPERTRIGLYCERIDEMIA: A PRELIMINARY STUDY","5","Phạm Thị Ngọc Nga","5","232(01): 29 - 35 ","https://drive.google.com/open?id=11NKXB30AYUtdtfuFLEMi5gPy2i-tj9vw","","Tiếng Anh","","","","","",""
"02/10/2026 11:07:50","ptnnga@ctump.edu.vn","Tạp chí Sinh lý học","0022-3751","0.5 điểm","26/07/2026","ĐẶC ĐIỂM ĐA HÌNH RS1801133 GEN MTHFR Ở SẢN PHỤ ĐÁI THÁO ĐƯỜNG THAI KÌ TẠI BỆNH VIỆN PHỤ SẢN CẦN THƠ ","Nguyễn Hồng Hà, Trịnh Minh Thiết , Huỳnh Văn Quốc Vũ , Lê Nhật Tín , Phạm Thị Ngọc Nga  ","Phạm Thị Ngọc Nga","5","Vol.30(3), 11-17  ","https://drive.google.com/open?id=1EwGcSERUF8u-2K7X1LNOZM2-eDmov_ya","","Tiếng Việt","","","","","",""